2026-10-09 07:05:14,030 INFO __main__: Tuning wind: fit_rows=87664, holdout_rows=21808, feats=34, timeout=2400s, seed=42
[I 2026-10-09 07:05:14,030] A new study created in memory with name: no-name-60ee7b48-e06d-4093-9ce2-dc73f1fe97cf
/home/overxpowered/padhai_in_linux/Projects/AGNITIA-TERRA06/.venv/lib/python3.12/site-packages/lightgbm/sklearn.py:1106: LGBMDeprecationWarning: The argument 'eval_set' is deprecated, use 'eval_X' and 'eval_y' instead.
  eval_set = _validate_eval_set_Xy(eval_set=eval_set, eval_X=eval_X, eval_y=eval_y)
/home/overxpowered/padhai_in_linux/Projects/AGNITIA-TERRA06/.venv/lib/python3.12/site-packages/lightgbm/sklearn.py:1106: LGBMDeprecationWarning: The argument 'eval_set' is deprecated, use 'eval_X' and 'eval_y' instead.
  eval_set = _validate_eval_set_Xy(eval_set=eval_set, eval_X=eval_X, eval_y=eval_y)
/home/overxpowered/padhai_in_linux/Projects/AGNITIA-TERRA06/.venv/lib/python3.12/site-packages/lightgbm/sklearn.py:1106: LGBMDeprecationWarning: The argument 'eval_set' is deprecated, use 'eval_X' and 'eval_y' instead.
  eval_set = _validate_eval_set_Xy(eval_set=eval_set, eval_X=eval_X, eval_y=eval_y)
/home/overxpowered/padhai_in_linux/Projects/AGNITIA-TERRA06/.venv/lib/python3.12/site-packages/lightgbm/sklearn.py:1106: LGBMDeprecationWarning: The argument 'eval_set' is deprecated, use 'eval_X' and 'eval_y' instead.
  eval_set = _validate_eval_set_Xy(eval_set=eval_set, eval_X=eval_X, eval_y=eval_y)
/home/overxpowered/padhai_in_linux/Projects/AGNITIA-TERRA06/.venv/lib/python3.12/site-packages/lightgbm/sklearn.py:1106: LGBMDeprecationWarning: The argument 'eval_set' is deprecated, use 'eval_X' and 'eval_y' instead.
  eval_set = _validate_eval_set_Xy(eval_set=eval_set, eval_X=eval_X, eval_y=eval_y)
2026-10-09 07:05:27,324 INFO __main__: [wind Trial 0] pinball=0.89478 params={'num_leaves': 63, 'min_child_samples': 50, 'learning_rate': 0.03, 'subsample': 0.8, 'colsample_bytree': 0.8, 'reg_lambda': 1.0, 'reg_alpha': 0.0}
[I 2026-10-09 07:05:27,324] Trial 0 finished with value: 0.8947822928776009 and parameters: {'num_leaves': 63, 'min_child_samples': 50, 'learning_rate': 0.03, 'subsample': 0.8, 'colsample_bytree': 0.8, 'reg_lambda': 1.0, 'reg_alpha': 0.0}. Best is trial 0 with value: 0.8947822928776009.
/home/overxpowered/padhai_in_linux/Projects/AGNITIA-TERRA06/.venv/lib/python3.12/site-packages/lightgbm/sklearn.py:1106: LGBMDeprecationWarning: The argument 'eval_set' is deprecated, use 'eval_X' and 'eval_y' instead.
  eval_set = _validate_eval_set_Xy(eval_set=eval_set, eval_X=eval_X, eval_y=eval_y)
/home/overxpowered/padhai_in_linux/Projects/AGNITIA-TERRA06/.venv/lib/python3.12/site-packages/lightgbm/sklearn.py:1106: LGBMDeprecationWarning: The argument 'eval_set' is deprecated, use 'eval_X' and 'eval_y' instead.
  eval_set = _validate_eval_set_Xy(eval_set=eval_set, eval_X=eval_X, eval_y=eval_y)
/home/overxpowered/padhai_in_linux/Projects/AGNITIA-TERRA06/.venv/lib/python3.12/site-packages/lightgbm/sklearn.py:1106: LGBMDeprecationWarning: The argument 'eval_set' is deprecated, use 'eval_X' and 'eval_y' instead.
  eval_set = _validate_eval_set_Xy(eval_set=eval_set, eval_X=eval_X, eval_y=eval_y)
/home/overxpowered/padhai_in_linux/Projects/AGNITIA-TERRA06/.venv/lib/python3.12/site-packages/lightgbm/sklearn.py:1106: LGBMDeprecationWarning: The argument 'eval_set' is deprecated, use 'eval_X' and 'eval_y' instead.
  eval_set = _validate_eval_set_Xy(eval_set=eval_set, eval_X=eval_X, eval_y=eval_y)
/home/overxpowered/padhai_in_linux/Projects/AGNITIA-TERRA06/.venv/lib/python3.12/site-packages/lightgbm/sklearn.py:1106: LGBMDeprecationWarning: The argument 'eval_set' is deprecated, use 'eval_X' and 'eval_y' instead.
  eval_set = _validate_eval_set_Xy(eval_set=eval_set, eval_X=eval_X, eval_y=eval_y)
2026-10-09 07:05:37,260 INFO __main__: [wind Trial 1] pinball=0.86094 params={'num_leaves': 57, 'min_child_samples': 192, 'learning_rate': 0.0458, 'subsample': 0.8395, 'colsample_bytree': 0.578, 'reg_lambda': 1.5599, 'reg_alpha': 0.2904}
[I 2026-10-09 07:05:37,261] Trial 1 finished with value: 0.8609394126210063 and parameters: {'num_leaves': 57, 'min_child_samples': 192, 'learning_rate': 0.04582013868952863, 'subsample': 0.8394633936788146, 'colsample_bytree': 0.5780093202212182, 'reg_lambda': 1.5599452033620265, 'reg_alpha': 0.2904180608409973}. Best is trial 1 with value: 0.8609394126210063.
/home/overxpowered/padhai_in_linux/Projects/AGNITIA-TERRA06/.venv/lib/python3.12/site-packages/lightgbm/sklearn.py:1106: LGBMDeprecationWarning: The argument 'eval_set' is deprecated, use 'eval_X' and 'eval_y' instead.
  eval_set = _validate_eval_set_Xy(eval_set=eval_set, eval_X=eval_X, eval_y=eval_y)
/home/overxpowered/padhai_in_linux/Projects/AGNITIA-TERRA06/.venv/lib/python3.12/site-packages/lightgbm/sklearn.py:1106: LGBMDeprecationWarning: The argument 'eval_set' is deprecated, use 'eval_X' and 'eval_y' instead.
  eval_set = _validate_eval_set_Xy(eval_set=eval_set, eval_X=eval_X, eval_y=eval_y)
/home/overxpowered/padhai_in_linux/Projects/AGNITIA-TERRA06/.venv/lib/python3.12/site-packages/lightgbm/sklearn.py:1106: LGBMDeprecationWarning: The argument 'eval_set' is deprecated, use 'eval_X' and 'eval_y' instead.
  eval_set = _validate_eval_set_Xy(eval_set=eval_set, eval_X=eval_X, eval_y=eval_y)
/home/overxpowered/padhai_in_linux/Projects/AGNITIA-TERRA06/.venv/lib/python3.12/site-packages/lightgbm/sklearn.py:1106: LGBMDeprecationWarning: The argument 'eval_set' is deprecated, use 'eval_X' and 'eval_y' instead.
  eval_set = _validate_eval_set_Xy(eval_set=eval_set, eval_X=eval_X, eval_y=eval_y)
/home/overxpowered/padhai_in_linux/Projects/AGNITIA-TERRA06/.venv/lib/python3.12/site-packages/lightgbm/sklearn.py:1106: LGBMDeprecationWarning: The argument 'eval_set' is deprecated, use 'eval_X' and 'eval_y' instead.
  eval_set = _validate_eval_set_Xy(eval_set=eval_set, eval_X=eval_X, eval_y=eval_y)
2026-10-09 07:05:54,522 INFO __main__: [wind Trial 2] pinball=0.87947 params={'num_leaves': 112, 'min_child_samples': 128, 'learning_rate': 0.0436, 'subsample': 0.6082, 'colsample_bytree': 0.985, 'reg_lambda': 8.3244, 'reg_alpha': 1.0617}
[I 2026-10-09 07:05:54,522] Trial 2 finished with value: 0.8794744983253852 and parameters: {'num_leaves': 112, 'min_child_samples': 128, 'learning_rate': 0.04359666365651395, 'subsample': 0.608233797718321, 'colsample_bytree': 0.9849549260809971, 'reg_lambda': 8.324426408004218, 'reg_alpha': 1.0616955533913808}. Best is trial 1 with value: 0.8609394126210063.
/home/overxpowered/padhai_in_linux/Projects/AGNITIA-TERRA06/.venv/lib/python3.12/site-packages/lightgbm/sklearn.py:1106: LGBMDeprecationWarning: The argument 'eval_set' is deprecated, use 'eval_X' and 'eval_y' instead.
  eval_set = _validate_eval_set_Xy(eval_set=eval_set, eval_X=eval_X, eval_y=eval_y)
/home/overxpowered/padhai_in_linux/Projects/AGNITIA-TERRA06/.venv/lib/python3.12/site-packages/lightgbm/sklearn.py:1106: LGBMDeprecationWarning: The argument 'eval_set' is deprecated, use 'eval_X' and 'eval_y' instead.
  eval_set = _validate_eval_set_Xy(eval_set=eval_set, eval_X=eval_X, eval_y=eval_y)
/home/overxpowered/padhai_in_linux/Projects/AGNITIA-TERRA06/.venv/lib/python3.12/site-packages/lightgbm/sklearn.py:1106: LGBMDeprecationWarning: The argument 'eval_set' is deprecated, use 'eval_X' and 'eval_y' instead.
  eval_set = _validate_eval_set_Xy(eval_set=eval_set, eval_X=eval_X, eval_y=eval_y)
/home/overxpowered/padhai_in_linux/Projects/AGNITIA-TERRA06/.venv/lib/python3.12/site-packages/lightgbm/sklearn.py:1106: LGBMDeprecationWarning: The argument 'eval_set' is deprecated, use 'eval_X' and 'eval_y' instead.
  eval_set = _validate_eval_set_Xy(eval_set=eval_set, eval_X=eval_X, eval_y=eval_y)
/home/overxpowered/padhai_in_linux/Projects/AGNITIA-TERRA06/.venv/lib/python3.12/site-packages/lightgbm/sklearn.py:1106: LGBMDeprecationWarning: The argument 'eval_set' is deprecated, use 'eval_X' and 'eval_y' instead.
  eval_set = _validate_eval_set_Xy(eval_set=eval_set, eval_X=eval_X, eval_y=eval_y)
2026-10-09 07:06:09,129 INFO __main__: [wind Trial 3] pinball=0.87227 params={'num_leaves': 35, 'min_child_samples': 53, 'learning_rate': 0.0188, 'subsample': 0.8099, 'colsample_bytree': 0.716, 'reg_lambda': 2.9123, 'reg_alpha': 3.0593}
[I 2026-10-09 07:06:09,129] Trial 3 finished with value: 0.8722732899719766 and parameters: {'num_leaves': 35, 'min_child_samples': 53, 'learning_rate': 0.018826002986047252, 'subsample': 0.8099025726528951, 'colsample_bytree': 0.7159725093210578, 'reg_lambda': 2.9122914019804194, 'reg_alpha': 3.0592644736118975}. Best is trial 1 with value: 0.8609394126210063.
/home/overxpowered/padhai_in_linux/Projects/AGNITIA-TERRA06/.venv/lib/python3.12/site-packages/lightgbm/sklearn.py:1106: LGBMDeprecationWarning: The argument 'eval_set' is deprecated, use 'eval_X' and 'eval_y' instead.
  eval_set = _validate_eval_set_Xy(eval_set=eval_set, eval_X=eval_X, eval_y=eval_y)
/home/overxpowered/padhai_in_linux/Projects/AGNITIA-TERRA06/.venv/lib/python3.12/site-packages/lightgbm/sklearn.py:1106: LGBMDeprecationWarning: The argument 'eval_set' is deprecated, use 'eval_X' and 'eval_y' instead.
  eval_set = _validate_eval_set_Xy(eval_set=eval_set, eval_X=eval_X, eval_y=eval_y)
/home/overxpowered/padhai_in_linux/Projects/AGNITIA-TERRA06/.venv/lib/python3.12/site-packages/lightgbm/sklearn.py:1106: LGBMDeprecationWarning: The argument 'eval_set' is deprecated, use 'eval_X' and 'eval_y' instead.
  eval_set = _validate_eval_set_Xy(eval_set=eval_set, eval_X=eval_X, eval_y=eval_y)
/home/overxpowered/padhai_in_linux/Projects/AGNITIA-TERRA06/.venv/lib/python3.12/site-packages/lightgbm/sklearn.py:1106: LGBMDeprecationWarning: The argument 'eval_set' is deprecated, use 'eval_X' and 'eval_y' instead.
  eval_set = _validate_eval_set_Xy(eval_set=eval_set, eval_X=eval_X, eval_y=eval_y)
/home/overxpowered/padhai_in_linux/Projects/AGNITIA-TERRA06/.venv/lib/python3.12/site-packages/lightgbm/sklearn.py:1106: LGBMDeprecationWarning: The argument 'eval_set' is deprecated, use 'eval_X' and 'eval_y' instead.
  eval_set = _validate_eval_set_Xy(eval_set=eval_set, eval_X=eval_X, eval_y=eval_y)
2026-10-09 07:06:23,549 INFO __main__: [wind Trial 4] pinball=0.86189 params={'num_leaves': 30, 'min_child_samples': 72, 'learning_rate': 0.0214, 'subsample': 0.7824, 'colsample_bytree': 0.8926, 'reg_lambda': 1.9967, 'reg_alpha': 2.5712}
[I 2026-10-09 07:06:23,549] Trial 4 finished with value: 0.8618924819789744 and parameters: {'num_leaves': 30, 'min_child_samples': 72, 'learning_rate': 0.021421886418348784, 'subsample': 0.7824279936868144, 'colsample_bytree': 0.8925879806965068, 'reg_lambda': 1.9967378215835974, 'reg_alpha': 2.571172192068058}. Best is trial 1 with value: 0.8609394126210063.
/home/overxpowered/padhai_in_linux/Projects/AGNITIA-TERRA06/.venv/lib/python3.12/site-packages/lightgbm/sklearn.py:1106: LGBMDeprecationWarning: The argument 'eval_set' is deprecated, use 'eval_X' and 'eval_y' instead.
  eval_set = _validate_eval_set_Xy(eval_set=eval_set, eval_X=eval_X, eval_y=eval_y)
/home/overxpowered/padhai_in_linux/Projects/AGNITIA-TERRA06/.venv/lib/python3.12/site-packages/lightgbm/sklearn.py:1106: LGBMDeprecationWarning: The argument 'eval_set' is deprecated, use 'eval_X' and 'eval_y' instead.
  eval_set = _validate_eval_set_Xy(eval_set=eval_set, eval_X=eval_X, eval_y=eval_y)
/home/overxpowered/padhai_in_linux/Projects/AGNITIA-TERRA06/.venv/lib/python3.12/site-packages/lightgbm/sklearn.py:1106: LGBMDeprecationWarning: The argument 'eval_set' is deprecated, use 'eval_X' and 'eval_y' instead.
  eval_set = _validate_eval_set_Xy(eval_set=eval_set, eval_X=eval_X, eval_y=eval_y)
/home/overxpowered/padhai_in_linux/Projects/AGNITIA-TERRA06/.venv/lib/python3.12/site-packages/lightgbm/sklearn.py:1106: LGBMDeprecationWarning: The argument 'eval_set' is deprecated, use 'eval_X' and 'eval_y' instead.
  eval_set = _validate_eval_set_Xy(eval_set=eval_set, eval_X=eval_X, eval_y=eval_y)
/home/overxpowered/padhai_in_linux/Projects/AGNITIA-TERRA06/.venv/lib/python3.12/site-packages/lightgbm/sklearn.py:1106: LGBMDeprecationWarning: The argument 'eval_set' is deprecated, use 'eval_X' and 'eval_y' instead.
  eval_set = _validate_eval_set_Xy(eval_set=eval_set, eval_X=eval_X, eval_y=eval_y)
2026-10-09 07:06:38,987 INFO __main__: [wind Trial 5] pinball=0.88660 params={'num_leaves': 81, 'min_child_samples': 28, 'learning_rate': 0.0354, 'subsample': 0.6682, 'colsample_bytree': 0.5325, 'reg_lambda': 9.4889, 'reg_alpha': 4.8282}
[I 2026-10-09 07:06:38,988] Trial 5 finished with value: 0.8866023276254488 and parameters: {'num_leaves': 81, 'min_child_samples': 28, 'learning_rate': 0.035372656148130316, 'subsample': 0.6682096494749166, 'colsample_bytree': 0.5325257964926398, 'reg_lambda': 9.488855372533333, 'reg_alpha': 4.828160165372797}. Best is trial 1 with value: 0.8609394126210063.
/home/overxpowered/padhai_in_linux/Projects/AGNITIA-TERRA06/.venv/lib/python3.12/site-packages/lightgbm/sklearn.py:1106: LGBMDeprecationWarning: The argument 'eval_set' is deprecated, use 'eval_X' and 'eval_y' instead.
  eval_set = _validate_eval_set_Xy(eval_set=eval_set, eval_X=eval_X, eval_y=eval_y)
/home/overxpowered/padhai_in_linux/Projects/AGNITIA-TERRA06/.venv/lib/python3.12/site-packages/lightgbm/sklearn.py:1106: LGBMDeprecationWarning: The argument 'eval_set' is deprecated, use 'eval_X' and 'eval_y' instead.
  eval_set = _validate_eval_set_Xy(eval_set=eval_set, eval_X=eval_X, eval_y=eval_y)
/home/overxpowered/padhai_in_linux/Projects/AGNITIA-TERRA06/.venv/lib/python3.12/site-packages/lightgbm/sklearn.py:1106: LGBMDeprecationWarning: The argument 'eval_set' is deprecated, use 'eval_X' and 'eval_y' instead.
  eval_set = _validate_eval_set_Xy(eval_set=eval_set, eval_X=eval_X, eval_y=eval_y)
/home/overxpowered/padhai_in_linux/Projects/AGNITIA-TERRA06/.venv/lib/python3.12/site-packages/lightgbm/sklearn.py:1106: LGBMDeprecationWarning: The argument 'eval_set' is deprecated, use 'eval_X' and 'eval_y' instead.
  eval_set = _validate_eval_set_Xy(eval_set=eval_set, eval_X=eval_X, eval_y=eval_y)
/home/overxpowered/padhai_in_linux/Projects/AGNITIA-TERRA06/.venv/lib/python3.12/site-packages/lightgbm/sklearn.py:1106: LGBMDeprecationWarning: The argument 'eval_set' is deprecated, use 'eval_X' and 'eval_y' instead.
  eval_set = _validate_eval_set_Xy(eval_set=eval_set, eval_X=eval_X, eval_y=eval_y)
2026-10-09 07:07:09,678 INFO __main__: [wind Trial 6] pinball=0.89721 params={'num_leaves': 106, 'min_child_samples': 75, 'learning_rate': 0.0123, 'subsample': 0.8737, 'colsample_bytree': 0.7201, 'reg_lambda': 1.2204, 'reg_alpha': 2.4759}
[I 2026-10-09 07:07:09,678] Trial 6 finished with value: 0.8972112578320155 and parameters: {'num_leaves': 106, 'min_child_samples': 75, 'learning_rate': 0.01225199210177624, 'subsample': 0.8736932106048627, 'colsample_bytree': 0.7200762468698007, 'reg_lambda': 1.2203823484477883, 'reg_alpha': 2.475884550556351}. Best is trial 1 with value: 0.8609394126210063.
/home/overxpowered/padhai_in_linux/Projects/AGNITIA-TERRA06/.venv/lib/python3.12/site-packages/lightgbm/sklearn.py:1106: LGBMDeprecationWarning: The argument 'eval_set' is deprecated, use 'eval_X' and 'eval_y' instead.
  eval_set = _validate_eval_set_Xy(eval_set=eval_set, eval_X=eval_X, eval_y=eval_y)
/home/overxpowered/padhai_in_linux/Projects/AGNITIA-TERRA06/.venv/lib/python3.12/site-packages/lightgbm/sklearn.py:1106: LGBMDeprecationWarning: The argument 'eval_set' is deprecated, use 'eval_X' and 'eval_y' instead.
  eval_set = _validate_eval_set_Xy(eval_set=eval_set, eval_X=eval_X, eval_y=eval_y)
/home/overxpowered/padhai_in_linux/Projects/AGNITIA-TERRA06/.venv/lib/python3.12/site-packages/lightgbm/sklearn.py:1106: LGBMDeprecationWarning: The argument 'eval_set' is deprecated, use 'eval_X' and 'eval_y' instead.
  eval_set = _validate_eval_set_Xy(eval_set=eval_set, eval_X=eval_X, eval_y=eval_y)
/home/overxpowered/padhai_in_linux/Projects/AGNITIA-TERRA06/.venv/lib/python3.12/site-packages/lightgbm/sklearn.py:1106: LGBMDeprecationWarning: The argument 'eval_set' is deprecated, use 'eval_X' and 'eval_y' instead.
  eval_set = _validate_eval_set_Xy(eval_set=eval_set, eval_X=eval_X, eval_y=eval_y)
/home/overxpowered/padhai_in_linux/Projects/AGNITIA-TERRA06/.venv/lib/python3.12/site-packages/lightgbm/sklearn.py:1106: LGBMDeprecationWarning: The argument 'eval_set' is deprecated, use 'eval_X' and 'eval_y' instead.
  eval_set = _validate_eval_set_Xy(eval_set=eval_set, eval_X=eval_X, eval_y=eval_y)
2026-10-09 07:07:25,358 INFO __main__: [wind Trial 7] pinball=0.84348 params={'num_leaves': 18, 'min_child_samples': 184, 'learning_rate': 0.0171, 'subsample': 0.865, 'colsample_bytree': 0.6559, 'reg_lambda': 5.2007, 'reg_alpha': 2.7336}
[I 2026-10-09 07:07:25,358] Trial 7 finished with value: 0.8434774600461834 and parameters: {'num_leaves': 18, 'min_child_samples': 184, 'learning_rate': 0.01712780106972715, 'subsample': 0.8650089137415928, 'colsample_bytree': 0.6558555380447055, 'reg_lambda': 5.200680211778108, 'reg_alpha': 2.7335513967163982}. Best is trial 7 with value: 0.8434774600461834.
/home/overxpowered/padhai_in_linux/Projects/AGNITIA-TERRA06/.venv/lib/python3.12/site-packages/lightgbm/sklearn.py:1106: LGBMDeprecationWarning: The argument 'eval_set' is deprecated, use 'eval_X' and 'eval_y' instead.
  eval_set = _validate_eval_set_Xy(eval_set=eval_set, eval_X=eval_X, eval_y=eval_y)
/home/overxpowered/padhai_in_linux/Projects/AGNITIA-TERRA06/.venv/lib/python3.12/site-packages/lightgbm/sklearn.py:1106: LGBMDeprecationWarning: The argument 'eval_set' is deprecated, use 'eval_X' and 'eval_y' instead.
  eval_set = _validate_eval_set_Xy(eval_set=eval_set, eval_X=eval_X, eval_y=eval_y)
/home/overxpowered/padhai_in_linux/Projects/AGNITIA-TERRA06/.venv/lib/python3.12/site-packages/lightgbm/sklearn.py:1106: LGBMDeprecationWarning: The argument 'eval_set' is deprecated, use 'eval_X' and 'eval_y' instead.
  eval_set = _validate_eval_set_Xy(eval_set=eval_set, eval_X=eval_X, eval_y=eval_y)
/home/overxpowered/padhai_in_linux/Projects/AGNITIA-TERRA06/.venv/lib/python3.12/site-packages/lightgbm/sklearn.py:1106: LGBMDeprecationWarning: The argument 'eval_set' is deprecated, use 'eval_X' and 'eval_y' instead.
  eval_set = _validate_eval_set_Xy(eval_set=eval_set, eval_X=eval_X, eval_y=eval_y)
/home/overxpowered/padhai_in_linux/Projects/AGNITIA-TERRA06/.venv/lib/python3.12/site-packages/lightgbm/sklearn.py:1106: LGBMDeprecationWarning: The argument 'eval_set' is deprecated, use 'eval_X' and 'eval_y' instead.
  eval_set = _validate_eval_set_Xy(eval_set=eval_set, eval_X=eval_X, eval_y=eval_y)
2026-10-09 07:07:33,575 INFO __main__: [wind Trial 8] pinball=0.86324 params={'num_leaves': 35, 'min_child_samples': 195, 'learning_rate': 0.0501, 'subsample': 0.9758, 'colsample_bytree': 0.9474, 'reg_lambda': 5.979, 'reg_alpha': 4.6094}
[I 2026-10-09 07:07:33,575] Trial 8 finished with value: 0.8632371769674512 and parameters: {'num_leaves': 35, 'min_child_samples': 195, 'learning_rate': 0.05012041881363469, 'subsample': 0.9757995766256756, 'colsample_bytree': 0.9474136752138245, 'reg_lambda': 5.978999788110851, 'reg_alpha': 4.609371175115584}. Best is trial 7 with value: 0.8434774600461834.
/home/overxpowered/padhai_in_linux/Projects/AGNITIA-TERRA06/.venv/lib/python3.12/site-packages/lightgbm/sklearn.py:1106: LGBMDeprecationWarning: The argument 'eval_set' is deprecated, use 'eval_X' and 'eval_y' instead.
  eval_set = _validate_eval_set_Xy(eval_set=eval_set, eval_X=eval_X, eval_y=eval_y)
/home/overxpowered/padhai_in_linux/Projects/AGNITIA-TERRA06/.venv/lib/python3.12/site-packages/lightgbm/sklearn.py:1106: LGBMDeprecationWarning: The argument 'eval_set' is deprecated, use 'eval_X' and 'eval_y' instead.
  eval_set = _validate_eval_set_Xy(eval_set=eval_set, eval_X=eval_X, eval_y=eval_y)
/home/overxpowered/padhai_in_linux/Projects/AGNITIA-TERRA06/.venv/lib/python3.12/site-packages/lightgbm/sklearn.py:1106: LGBMDeprecationWarning: The argument 'eval_set' is deprecated, use 'eval_X' and 'eval_y' instead.
  eval_set = _validate_eval_set_Xy(eval_set=eval_set, eval_X=eval_X, eval_y=eval_y)
/home/overxpowered/padhai_in_linux/Projects/AGNITIA-TERRA06/.venv/lib/python3.12/site-packages/lightgbm/sklearn.py:1106: LGBMDeprecationWarning: The argument 'eval_set' is deprecated, use 'eval_X' and 'eval_y' instead.
  eval_set = _validate_eval_set_Xy(eval_set=eval_set, eval_X=eval_X, eval_y=eval_y)
/home/overxpowered/padhai_in_linux/Projects/AGNITIA-TERRA06/.venv/lib/python3.12/site-packages/lightgbm/sklearn.py:1106: LGBMDeprecationWarning: The argument 'eval_set' is deprecated, use 'eval_X' and 'eval_y' instead.
  eval_set = _validate_eval_set_Xy(eval_set=eval_set, eval_X=eval_X, eval_y=eval_y)
2026-10-09 07:07:52,700 INFO __main__: [wind Trial 9] pinball=0.85663 params={'num_leaves': 24, 'min_child_samples': 55, 'learning_rate': 0.011, 'subsample': 0.7301, 'colsample_bytree': 0.6943, 'reg_lambda': 2.7135, 'reg_alpha': 4.1437}
[I 2026-10-09 07:07:52,700] Trial 9 finished with value: 0.8566340197799164 and parameters: {'num_leaves': 24, 'min_child_samples': 55, 'learning_rate': 0.010986119324556896, 'subsample': 0.7301321323053057, 'colsample_bytree': 0.6943386448447411, 'reg_lambda': 2.713490317738959, 'reg_alpha': 4.143687545759647}. Best is trial 7 with value: 0.8434774600461834.
/home/overxpowered/padhai_in_linux/Projects/AGNITIA-TERRA06/.venv/lib/python3.12/site-packages/lightgbm/sklearn.py:1106: LGBMDeprecationWarning: The argument 'eval_set' is deprecated, use 'eval_X' and 'eval_y' instead.
  eval_set = _validate_eval_set_Xy(eval_set=eval_set, eval_X=eval_X, eval_y=eval_y)
/home/overxpowered/padhai_in_linux/Projects/AGNITIA-TERRA06/.venv/lib/python3.12/site-packages/lightgbm/sklearn.py:1106: LGBMDeprecationWarning: The argument 'eval_set' is deprecated, use 'eval_X' and 'eval_y' instead.
  eval_set = _validate_eval_set_Xy(eval_set=eval_set, eval_X=eval_X, eval_y=eval_y)
/home/overxpowered/padhai_in_linux/Projects/AGNITIA-TERRA06/.venv/lib/python3.12/site-packages/lightgbm/sklearn.py:1106: LGBMDeprecationWarning: The argument 'eval_set' is deprecated, use 'eval_X' and 'eval_y' instead.
  eval_set = _validate_eval_set_Xy(eval_set=eval_set, eval_X=eval_X, eval_y=eval_y)
/home/overxpowered/padhai_in_linux/Projects/AGNITIA-TERRA06/.venv/lib/python3.12/site-packages/lightgbm/sklearn.py:1106: LGBMDeprecationWarning: The argument 'eval_set' is deprecated, use 'eval_X' and 'eval_y' instead.
  eval_set = _validate_eval_set_Xy(eval_set=eval_set, eval_X=eval_X, eval_y=eval_y)
/home/overxpowered/padhai_in_linux/Projects/AGNITIA-TERRA06/.venv/lib/python3.12/site-packages/lightgbm/sklearn.py:1106: LGBMDeprecationWarning: The argument 'eval_set' is deprecated, use 'eval_X' and 'eval_y' instead.
  eval_set = _validate_eval_set_Xy(eval_set=eval_set, eval_X=eval_X, eval_y=eval_y)
2026-10-09 07:08:07,432 INFO __main__: [wind Trial 10] pinball=0.86124 params={'num_leaves': 30, 'min_child_samples': 143, 'learning_rate': 0.0195, 'subsample': 0.9523, 'colsample_bytree': 0.7012, 'reg_lambda': 7.0883, 'reg_alpha': 1.7887}
[I 2026-10-09 07:08:07,432] Trial 10 finished with value: 0.8612355630203886 and parameters: {'num_leaves': 30, 'min_child_samples': 143, 'learning_rate': 0.019533067199228912, 'subsample': 0.9522510423962619, 'colsample_bytree': 0.7012310251235289, 'reg_lambda': 7.088254618687152, 'reg_alpha': 1.7886992134548438}. Best is trial 7 with value: 0.8434774600461834.
/home/overxpowered/padhai_in_linux/Projects/AGNITIA-TERRA06/.venv/lib/python3.12/site-packages/lightgbm/sklearn.py:1106: LGBMDeprecationWarning: The argument 'eval_set' is deprecated, use 'eval_X' and 'eval_y' instead.
  eval_set = _validate_eval_set_Xy(eval_set=eval_set, eval_X=eval_X, eval_y=eval_y)
/home/overxpowered/padhai_in_linux/Projects/AGNITIA-TERRA06/.venv/lib/python3.12/site-packages/lightgbm/sklearn.py:1106: LGBMDeprecationWarning: The argument 'eval_set' is deprecated, use 'eval_X' and 'eval_y' instead.
  eval_set = _validate_eval_set_Xy(eval_set=eval_set, eval_X=eval_X, eval_y=eval_y)
/home/overxpowered/padhai_in_linux/Projects/AGNITIA-TERRA06/.venv/lib/python3.12/site-packages/lightgbm/sklearn.py:1106: LGBMDeprecationWarning: The argument 'eval_set' is deprecated, use 'eval_X' and 'eval_y' instead.
  eval_set = _validate_eval_set_Xy(eval_set=eval_set, eval_X=eval_X, eval_y=eval_y)
/home/overxpowered/padhai_in_linux/Projects/AGNITIA-TERRA06/.venv/lib/python3.12/site-packages/lightgbm/sklearn.py:1106: LGBMDeprecationWarning: The argument 'eval_set' is deprecated, use 'eval_X' and 'eval_y' instead.
  eval_set = _validate_eval_set_Xy(eval_set=eval_set, eval_X=eval_X, eval_y=eval_y)
/home/overxpowered/padhai_in_linux/Projects/AGNITIA-TERRA06/.venv/lib/python3.12/site-packages/lightgbm/sklearn.py:1106: LGBMDeprecationWarning: The argument 'eval_set' is deprecated, use 'eval_X' and 'eval_y' instead.
  eval_set = _validate_eval_set_Xy(eval_set=eval_set, eval_X=eval_X, eval_y=eval_y)
2026-10-09 07:08:28,267 INFO __main__: [wind Trial 11] pinball=0.84042 params={'num_leaves': 16, 'min_child_samples': 133, 'learning_rate': 0.0132, 'subsample': 0.7675, 'colsample_bytree': 0.825, 'reg_lambda': 0.8078, 'reg_alpha': 4.1694}
[I 2026-10-09 07:08:28,268] Trial 11 finished with value: 0.8404186261181612 and parameters: {'num_leaves': 16, 'min_child_samples': 133, 'learning_rate': 0.013233674028336936, 'subsample': 0.7675439162504929, 'colsample_bytree': 0.8250377813133456, 'reg_lambda': 0.8077909985859546, 'reg_alpha': 4.169426330241676}. Best is trial 11 with value: 0.8404186261181612.
/home/overxpowered/padhai_in_linux/Projects/AGNITIA-TERRA06/.venv/lib/python3.12/site-packages/lightgbm/sklearn.py:1106: LGBMDeprecationWarning: The argument 'eval_set' is deprecated, use 'eval_X' and 'eval_y' instead.
  eval_set = _validate_eval_set_Xy(eval_set=eval_set, eval_X=eval_X, eval_y=eval_y)
/home/overxpowered/padhai_in_linux/Projects/AGNITIA-TERRA06/.venv/lib/python3.12/site-packages/lightgbm/sklearn.py:1106: LGBMDeprecationWarning: The argument 'eval_set' is deprecated, use 'eval_X' and 'eval_y' instead.
  eval_set = _validate_eval_set_Xy(eval_set=eval_set, eval_X=eval_X, eval_y=eval_y)
/home/overxpowered/padhai_in_linux/Projects/AGNITIA-TERRA06/.venv/lib/python3.12/site-packages/lightgbm/sklearn.py:1106: LGBMDeprecationWarning: The argument 'eval_set' is deprecated, use 'eval_X' and 'eval_y' instead.
  eval_set = _validate_eval_set_Xy(eval_set=eval_set, eval_X=eval_X, eval_y=eval_y)
/home/overxpowered/padhai_in_linux/Projects/AGNITIA-TERRA06/.venv/lib/python3.12/site-packages/lightgbm/sklearn.py:1106: LGBMDeprecationWarning: The argument 'eval_set' is deprecated, use 'eval_X' and 'eval_y' instead.
  eval_set = _validate_eval_set_Xy(eval_set=eval_set, eval_X=eval_X, eval_y=eval_y)
/home/overxpowered/padhai_in_linux/Projects/AGNITIA-TERRA06/.venv/lib/python3.12/site-packages/lightgbm/sklearn.py:1106: LGBMDeprecationWarning: The argument 'eval_set' is deprecated, use 'eval_X' and 'eval_y' instead.
  eval_set = _validate_eval_set_Xy(eval_set=eval_set, eval_X=eval_X, eval_y=eval_y)
2026-10-09 07:08:47,680 INFO __main__: [wind Trial 12] pinball=0.85540 params={'num_leaves': 26, 'min_child_samples': 193, 'learning_rate': 0.0112, 'subsample': 0.8756, 'colsample_bytree': 0.646, 'reg_lambda': 3.3111, 'reg_alpha': 3.4129}
[I 2026-10-09 07:08:47,680] Trial 12 finished with value: 0.8553999438418607 and parameters: {'num_leaves': 26, 'min_child_samples': 193, 'learning_rate': 0.011187801386830164, 'subsample': 0.8756465789611638, 'colsample_bytree': 0.6459537900214406, 'reg_lambda': 3.311120161473569, 'reg_alpha': 3.412874402986911}. Best is trial 11 with value: 0.8404186261181612.
/home/overxpowered/padhai_in_linux/Projects/AGNITIA-TERRA06/.venv/lib/python3.12/site-packages/lightgbm/sklearn.py:1106: LGBMDeprecationWarning: The argument 'eval_set' is deprecated, use 'eval_X' and 'eval_y' instead.
  eval_set = _validate_eval_set_Xy(eval_set=eval_set, eval_X=eval_X, eval_y=eval_y)
/home/overxpowered/padhai_in_linux/Projects/AGNITIA-TERRA06/.venv/lib/python3.12/site-packages/lightgbm/sklearn.py:1106: LGBMDeprecationWarning: The argument 'eval_set' is deprecated, use 'eval_X' and 'eval_y' instead.
  eval_set = _validate_eval_set_Xy(eval_set=eval_set, eval_X=eval_X, eval_y=eval_y)
/home/overxpowered/padhai_in_linux/Projects/AGNITIA-TERRA06/.venv/lib/python3.12/site-packages/lightgbm/sklearn.py:1106: LGBMDeprecationWarning: The argument 'eval_set' is deprecated, use 'eval_X' and 'eval_y' instead.
  eval_set = _validate_eval_set_Xy(eval_set=eval_set, eval_X=eval_X, eval_y=eval_y)
/home/overxpowered/padhai_in_linux/Projects/AGNITIA-TERRA06/.venv/lib/python3.12/site-packages/lightgbm/sklearn.py:1106: LGBMDeprecationWarning: The argument 'eval_set' is deprecated, use 'eval_X' and 'eval_y' instead.
  eval_set = _validate_eval_set_Xy(eval_set=eval_set, eval_X=eval_X, eval_y=eval_y)
/home/overxpowered/padhai_in_linux/Projects/AGNITIA-TERRA06/.venv/lib/python3.12/site-packages/lightgbm/sklearn.py:1106: LGBMDeprecationWarning: The argument 'eval_set' is deprecated, use 'eval_X' and 'eval_y' instead.
  eval_set = _validate_eval_set_Xy(eval_set=eval_set, eval_X=eval_X, eval_y=eval_y)
2026-10-09 07:09:04,615 INFO __main__: [wind Trial 13] pinball=0.85428 params={'num_leaves': 25, 'min_child_samples': 146, 'learning_rate': 0.0196, 'subsample': 0.8148, 'colsample_bytree': 0.7601, 'reg_lambda': 2.0989, 'reg_alpha': 4.8918}
[I 2026-10-09 07:09:04,615] Trial 13 finished with value: 0.8542787172745789 and parameters: {'num_leaves': 25, 'min_child_samples': 146, 'learning_rate': 0.019581950527360528, 'subsample': 0.8148377044357213, 'colsample_bytree': 0.7601333624819107, 'reg_lambda': 2.098901104516701, 'reg_alpha': 4.891765024398277}. Best is trial 11 with value: 0.8404186261181612.
/home/overxpowered/padhai_in_linux/Projects/AGNITIA-TERRA06/.venv/lib/python3.12/site-packages/lightgbm/sklearn.py:1106: LGBMDeprecationWarning: The argument 'eval_set' is deprecated, use 'eval_X' and 'eval_y' instead.
  eval_set = _validate_eval_set_Xy(eval_set=eval_set, eval_X=eval_X, eval_y=eval_y)
/home/overxpowered/padhai_in_linux/Projects/AGNITIA-TERRA06/.venv/lib/python3.12/site-packages/lightgbm/sklearn.py:1106: LGBMDeprecationWarning: The argument 'eval_set' is deprecated, use 'eval_X' and 'eval_y' instead.
  eval_set = _validate_eval_set_Xy(eval_set=eval_set, eval_X=eval_X, eval_y=eval_y)
/home/overxpowered/padhai_in_linux/Projects/AGNITIA-TERRA06/.venv/lib/python3.12/site-packages/lightgbm/sklearn.py:1106: LGBMDeprecationWarning: The argument 'eval_set' is deprecated, use 'eval_X' and 'eval_y' instead.
  eval_set = _validate_eval_set_Xy(eval_set=eval_set, eval_X=eval_X, eval_y=eval_y)
/home/overxpowered/padhai_in_linux/Projects/AGNITIA-TERRA06/.venv/lib/python3.12/site-packages/lightgbm/sklearn.py:1106: LGBMDeprecationWarning: The argument 'eval_set' is deprecated, use 'eval_X' and 'eval_y' instead.
  eval_set = _validate_eval_set_Xy(eval_set=eval_set, eval_X=eval_X, eval_y=eval_y)
/home/overxpowered/padhai_in_linux/Projects/AGNITIA-TERRA06/.venv/lib/python3.12/site-packages/lightgbm/sklearn.py:1106: LGBMDeprecationWarning: The argument 'eval_set' is deprecated, use 'eval_X' and 'eval_y' instead.
  eval_set = _validate_eval_set_Xy(eval_set=eval_set, eval_X=eval_X, eval_y=eval_y)
2026-10-09 07:09:25,842 INFO __main__: [wind Trial 14] pinball=0.83972 params={'num_leaves': 15, 'min_child_samples': 135, 'learning_rate': 0.0161, 'subsample': 0.7529, 'colsample_bytree': 0.9912, 'reg_lambda': 0.8558, 'reg_alpha': 4.4876}
[I 2026-10-09 07:09:25,842] Trial 14 finished with value: 0.8397194576163944 and parameters: {'num_leaves': 15, 'min_child_samples': 135, 'learning_rate': 0.016082759480343545, 'subsample': 0.7529124443018529, 'colsample_bytree': 0.9912145045391361, 'reg_lambda': 0.8557966400184074, 'reg_alpha': 4.487605280050459}. Best is trial 14 with value: 0.8397194576163944.
/home/overxpowered/padhai_in_linux/Projects/AGNITIA-TERRA06/.venv/lib/python3.12/site-packages/lightgbm/sklearn.py:1106: LGBMDeprecationWarning: The argument 'eval_set' is deprecated, use 'eval_X' and 'eval_y' instead.
  eval_set = _validate_eval_set_Xy(eval_set=eval_set, eval_X=eval_X, eval_y=eval_y)
/home/overxpowered/padhai_in_linux/Projects/AGNITIA-TERRA06/.venv/lib/python3.12/site-packages/lightgbm/sklearn.py:1106: LGBMDeprecationWarning: The argument 'eval_set' is deprecated, use 'eval_X' and 'eval_y' instead.
  eval_set = _validate_eval_set_Xy(eval_set=eval_set, eval_X=eval_X, eval_y=eval_y)
/home/overxpowered/padhai_in_linux/Projects/AGNITIA-TERRA06/.venv/lib/python3.12/site-packages/lightgbm/sklearn.py:1106: LGBMDeprecationWarning: The argument 'eval_set' is deprecated, use 'eval_X' and 'eval_y' instead.
  eval_set = _validate_eval_set_Xy(eval_set=eval_set, eval_X=eval_X, eval_y=eval_y)
/home/overxpowered/padhai_in_linux/Projects/AGNITIA-TERRA06/.venv/lib/python3.12/site-packages/lightgbm/sklearn.py:1106: LGBMDeprecationWarning: The argument 'eval_set' is deprecated, use 'eval_X' and 'eval_y' instead.
  eval_set = _validate_eval_set_Xy(eval_set=eval_set, eval_X=eval_X, eval_y=eval_y)
/home/overxpowered/padhai_in_linux/Projects/AGNITIA-TERRA06/.venv/lib/python3.12/site-packages/lightgbm/sklearn.py:1106: LGBMDeprecationWarning: The argument 'eval_set' is deprecated, use 'eval_X' and 'eval_y' instead.
  eval_set = _validate_eval_set_Xy(eval_set=eval_set, eval_X=eval_X, eval_y=eval_y)
2026-10-09 07:09:42,147 INFO __main__: [wind Trial 15] pinball=0.86540 params={'num_leaves': 46, 'min_child_samples': 163, 'learning_rate': 0.0195, 'subsample': 0.7589, 'colsample_bytree': 0.908, 'reg_lambda': 2.213, 'reg_alpha': 3.2071}
[I 2026-10-09 07:09:42,147] Trial 15 finished with value: 0.8654002200728182 and parameters: {'num_leaves': 46, 'min_child_samples': 163, 'learning_rate': 0.01952056029875074, 'subsample': 0.7588502242427724, 'colsample_bytree': 0.9079653370212508, 'reg_lambda': 2.2130357520819772, 'reg_alpha': 3.207056432653931}. Best is trial 14 with value: 0.8397194576163944.
/home/overxpowered/padhai_in_linux/Projects/AGNITIA-TERRA06/.venv/lib/python3.12/site-packages/lightgbm/sklearn.py:1106: LGBMDeprecationWarning: The argument 'eval_set' is deprecated, use 'eval_X' and 'eval_y' instead.
  eval_set = _validate_eval_set_Xy(eval_set=eval_set, eval_X=eval_X, eval_y=eval_y)
/home/overxpowered/padhai_in_linux/Projects/AGNITIA-TERRA06/.venv/lib/python3.12/site-packages/lightgbm/sklearn.py:1106: LGBMDeprecationWarning: The argument 'eval_set' is deprecated, use 'eval_X' and 'eval_y' instead.
  eval_set = _validate_eval_set_Xy(eval_set=eval_set, eval_X=eval_X, eval_y=eval_y)
/home/overxpowered/padhai_in_linux/Projects/AGNITIA-TERRA06/.venv/lib/python3.12/site-packages/lightgbm/sklearn.py:1106: LGBMDeprecationWarning: The argument 'eval_set' is deprecated, use 'eval_X' and 'eval_y' instead.
  eval_set = _validate_eval_set_Xy(eval_set=eval_set, eval_X=eval_X, eval_y=eval_y)
/home/overxpowered/padhai_in_linux/Projects/AGNITIA-TERRA06/.venv/lib/python3.12/site-packages/lightgbm/sklearn.py:1106: LGBMDeprecationWarning: The argument 'eval_set' is deprecated, use 'eval_X' and 'eval_y' instead.
  eval_set = _validate_eval_set_Xy(eval_set=eval_set, eval_X=eval_X, eval_y=eval_y)
/home/overxpowered/padhai_in_linux/Projects/AGNITIA-TERRA06/.venv/lib/python3.12/site-packages/lightgbm/sklearn.py:1106: LGBMDeprecationWarning: The argument 'eval_set' is deprecated, use 'eval_X' and 'eval_y' instead.
  eval_set = _validate_eval_set_Xy(eval_set=eval_set, eval_X=eval_X, eval_y=eval_y)
2026-10-09 07:10:03,548 INFO __main__: [wind Trial 16] pinball=0.85552 params={'num_leaves': 25, 'min_child_samples': 143, 'learning_rate': 0.0116, 'subsample': 0.7633, 'colsample_bytree': 0.9823, 'reg_lambda': 3.2101, 'reg_alpha': 4.2165}
[I 2026-10-09 07:10:03,548] Trial 16 finished with value: 0.8555167615626486 and parameters: {'num_leaves': 25, 'min_child_samples': 143, 'learning_rate': 0.0116228290469347, 'subsample': 0.7633291654937373, 'colsample_bytree': 0.982297597692842, 'reg_lambda': 3.2100704896378955, 'reg_alpha': 4.216517548051492}. Best is trial 14 with value: 0.8397194576163944.
/home/overxpowered/padhai_in_linux/Projects/AGNITIA-TERRA06/.venv/lib/python3.12/site-packages/lightgbm/sklearn.py:1106: LGBMDeprecationWarning: The argument 'eval_set' is deprecated, use 'eval_X' and 'eval_y' instead.
  eval_set = _validate_eval_set_Xy(eval_set=eval_set, eval_X=eval_X, eval_y=eval_y)
/home/overxpowered/padhai_in_linux/Projects/AGNITIA-TERRA06/.venv/lib/python3.12/site-packages/lightgbm/sklearn.py:1106: LGBMDeprecationWarning: The argument 'eval_set' is deprecated, use 'eval_X' and 'eval_y' instead.
  eval_set = _validate_eval_set_Xy(eval_set=eval_set, eval_X=eval_X, eval_y=eval_y)
/home/overxpowered/padhai_in_linux/Projects/AGNITIA-TERRA06/.venv/lib/python3.12/site-packages/lightgbm/sklearn.py:1106: LGBMDeprecationWarning: The argument 'eval_set' is deprecated, use 'eval_X' and 'eval_y' instead.
  eval_set = _validate_eval_set_Xy(eval_set=eval_set, eval_X=eval_X, eval_y=eval_y)
/home/overxpowered/padhai_in_linux/Projects/AGNITIA-TERRA06/.venv/lib/python3.12/site-packages/lightgbm/sklearn.py:1106: LGBMDeprecationWarning: The argument 'eval_set' is deprecated, use 'eval_X' and 'eval_y' instead.
  eval_set = _validate_eval_set_Xy(eval_set=eval_set, eval_X=eval_X, eval_y=eval_y)
/home/overxpowered/padhai_in_linux/Projects/AGNITIA-TERRA06/.venv/lib/python3.12/site-packages/lightgbm/sklearn.py:1106: LGBMDeprecationWarning: The argument 'eval_set' is deprecated, use 'eval_X' and 'eval_y' instead.
  eval_set = _validate_eval_set_Xy(eval_set=eval_set, eval_X=eval_X, eval_y=eval_y)
2026-10-09 07:10:21,257 INFO __main__: [wind Trial 17] pinball=0.84040 params={'num_leaves': 16, 'min_child_samples': 125, 'learning_rate': 0.025, 'subsample': 0.7195, 'colsample_bytree': 0.9826, 'reg_lambda': 0.1054, 'reg_alpha': 4.4728}
[I 2026-10-09 07:10:21,257] Trial 17 finished with value: 0.8403986740769929 and parameters: {'num_leaves': 16, 'min_child_samples': 125, 'learning_rate': 0.02503138786911501, 'subsample': 0.7195308479024234, 'colsample_bytree': 0.9825864885849978, 'reg_lambda': 0.10538950040266404, 'reg_alpha': 4.472845049238711}. Best is trial 14 with value: 0.8397194576163944.
/home/overxpowered/padhai_in_linux/Projects/AGNITIA-TERRA06/.venv/lib/python3.12/site-packages/lightgbm/sklearn.py:1106: LGBMDeprecationWarning: The argument 'eval_set' is deprecated, use 'eval_X' and 'eval_y' instead.
  eval_set = _validate_eval_set_Xy(eval_set=eval_set, eval_X=eval_X, eval_y=eval_y)
/home/overxpowered/padhai_in_linux/Projects/AGNITIA-TERRA06/.venv/lib/python3.12/site-packages/lightgbm/sklearn.py:1106: LGBMDeprecationWarning: The argument 'eval_set' is deprecated, use 'eval_X' and 'eval_y' instead.
  eval_set = _validate_eval_set_Xy(eval_set=eval_set, eval_X=eval_X, eval_y=eval_y)
/home/overxpowered/padhai_in_linux/Projects/AGNITIA-TERRA06/.venv/lib/python3.12/site-packages/lightgbm/sklearn.py:1106: LGBMDeprecationWarning: The argument 'eval_set' is deprecated, use 'eval_X' and 'eval_y' instead.
  eval_set = _validate_eval_set_Xy(eval_set=eval_set, eval_X=eval_X, eval_y=eval_y)
/home/overxpowered/padhai_in_linux/Projects/AGNITIA-TERRA06/.venv/lib/python3.12/site-packages/lightgbm/sklearn.py:1106: LGBMDeprecationWarning: The argument 'eval_set' is deprecated, use 'eval_X' and 'eval_y' instead.
  eval_set = _validate_eval_set_Xy(eval_set=eval_set, eval_X=eval_X, eval_y=eval_y)
/home/overxpowered/padhai_in_linux/Projects/AGNITIA-TERRA06/.venv/lib/python3.12/site-packages/lightgbm/sklearn.py:1106: LGBMDeprecationWarning: The argument 'eval_set' is deprecated, use 'eval_X' and 'eval_y' instead.
  eval_set = _validate_eval_set_Xy(eval_set=eval_set, eval_X=eval_X, eval_y=eval_y)
2026-10-09 07:10:31,774 INFO __main__: [wind Trial 18] pinball=0.85938 params={'num_leaves': 28, 'min_child_samples': 118, 'learning_rate': 0.0261, 'subsample': 0.6245, 'colsample_bytree': 0.8849, 'reg_lambda': 1.4648, 'reg_alpha': 3.6971}
[I 2026-10-09 07:10:31,774] Trial 18 finished with value: 0.859382144193259 and parameters: {'num_leaves': 28, 'min_child_samples': 118, 'learning_rate': 0.026068267489438912, 'subsample': 0.624466774115336, 'colsample_bytree': 0.8848513888047926, 'reg_lambda': 1.4647504973637506, 'reg_alpha': 3.697108472392581}. Best is trial 14 with value: 0.8397194576163944.
/home/overxpowered/padhai_in_linux/Projects/AGNITIA-TERRA06/.venv/lib/python3.12/site-packages/lightgbm/sklearn.py:1106: LGBMDeprecationWarning: The argument 'eval_set' is deprecated, use 'eval_X' and 'eval_y' instead.
  eval_set = _validate_eval_set_Xy(eval_set=eval_set, eval_X=eval_X, eval_y=eval_y)
/home/overxpowered/padhai_in_linux/Projects/AGNITIA-TERRA06/.venv/lib/python3.12/site-packages/lightgbm/sklearn.py:1106: LGBMDeprecationWarning: The argument 'eval_set' is deprecated, use 'eval_X' and 'eval_y' instead.
  eval_set = _validate_eval_set_Xy(eval_set=eval_set, eval_X=eval_X, eval_y=eval_y)
/home/overxpowered/padhai_in_linux/Projects/AGNITIA-TERRA06/.venv/lib/python3.12/site-packages/lightgbm/sklearn.py:1106: LGBMDeprecationWarning: The argument 'eval_set' is deprecated, use 'eval_X' and 'eval_y' instead.
  eval_set = _validate_eval_set_Xy(eval_set=eval_set, eval_X=eval_X, eval_y=eval_y)
/home/overxpowered/padhai_in_linux/Projects/AGNITIA-TERRA06/.venv/lib/python3.12/site-packages/lightgbm/sklearn.py:1106: LGBMDeprecationWarning: The argument 'eval_set' is deprecated, use 'eval_X' and 'eval_y' instead.
  eval_set = _validate_eval_set_Xy(eval_set=eval_set, eval_X=eval_X, eval_y=eval_y)
/home/overxpowered/padhai_in_linux/Projects/AGNITIA-TERRA06/.venv/lib/python3.12/site-packages/lightgbm/sklearn.py:1106: LGBMDeprecationWarning: The argument 'eval_set' is deprecated, use 'eval_X' and 'eval_y' instead.
  eval_set = _validate_eval_set_Xy(eval_set=eval_set, eval_X=eval_X, eval_y=eval_y)
2026-10-09 07:10:56,180 INFO __main__: [wind Trial 19] pinball=0.86017 params={'num_leaves': 23, 'min_child_samples': 81, 'learning_rate': 0.0111, 'subsample': 0.7821, 'colsample_bytree': 0.9926, 'reg_lambda': 0.8268, 'reg_alpha': 4.4203}
[I 2026-10-09 07:10:56,180] Trial 19 finished with value: 0.8601699490566901 and parameters: {'num_leaves': 23, 'min_child_samples': 81, 'learning_rate': 0.011128444493655968, 'subsample': 0.7820802135771556, 'colsample_bytree': 0.99260385323549, 'reg_lambda': 0.8268246503030378, 'reg_alpha': 4.420251133393251}. Best is trial 14 with value: 0.8397194576163944.
/home/overxpowered/padhai_in_linux/Projects/AGNITIA-TERRA06/.venv/lib/python3.12/site-packages/lightgbm/sklearn.py:1106: LGBMDeprecationWarning: The argument 'eval_set' is deprecated, use 'eval_X' and 'eval_y' instead.
  eval_set = _validate_eval_set_Xy(eval_set=eval_set, eval_X=eval_X, eval_y=eval_y)
/home/overxpowered/padhai_in_linux/Projects/AGNITIA-TERRA06/.venv/lib/python3.12/site-packages/lightgbm/sklearn.py:1106: LGBMDeprecationWarning: The argument 'eval_set' is deprecated, use 'eval_X' and 'eval_y' instead.
  eval_set = _validate_eval_set_Xy(eval_set=eval_set, eval_X=eval_X, eval_y=eval_y)
/home/overxpowered/padhai_in_linux/Projects/AGNITIA-TERRA06/.venv/lib/python3.12/site-packages/lightgbm/sklearn.py:1106: LGBMDeprecationWarning: The argument 'eval_set' is deprecated, use 'eval_X' and 'eval_y' instead.
  eval_set = _validate_eval_set_Xy(eval_set=eval_set, eval_X=eval_X, eval_y=eval_y)
/home/overxpowered/padhai_in_linux/Projects/AGNITIA-TERRA06/.venv/lib/python3.12/site-packages/lightgbm/sklearn.py:1106: LGBMDeprecationWarning: The argument 'eval_set' is deprecated, use 'eval_X' and 'eval_y' instead.
  eval_set = _validate_eval_set_Xy(eval_set=eval_set, eval_X=eval_X, eval_y=eval_y)
/home/overxpowered/padhai_in_linux/Projects/AGNITIA-TERRA06/.venv/lib/python3.12/site-packages/lightgbm/sklearn.py:1106: LGBMDeprecationWarning: The argument 'eval_set' is deprecated, use 'eval_X' and 'eval_y' instead.
  eval_set = _validate_eval_set_Xy(eval_set=eval_set, eval_X=eval_X, eval_y=eval_y)
2026-10-09 07:11:05,712 INFO __main__: [wind Trial 20] pinball=0.86999 params={'num_leaves': 42, 'min_child_samples': 152, 'learning_rate': 0.0388, 'subsample': 0.7412, 'colsample_bytree': 0.8919, 'reg_lambda': 1.5357, 'reg_alpha': 4.879}
[I 2026-10-09 07:11:05,712] Trial 20 finished with value: 0.8699885762007952 and parameters: {'num_leaves': 42, 'min_child_samples': 152, 'learning_rate': 0.038777369487753954, 'subsample': 0.7412184224619398, 'colsample_bytree': 0.8918662932511375, 'reg_lambda': 1.5356656788334302, 'reg_alpha': 4.878974617582403}. Best is trial 14 with value: 0.8397194576163944.
/home/overxpowered/padhai_in_linux/Projects/AGNITIA-TERRA06/.venv/lib/python3.12/site-packages/lightgbm/sklearn.py:1106: LGBMDeprecationWarning: The argument 'eval_set' is deprecated, use 'eval_X' and 'eval_y' instead.
  eval_set = _validate_eval_set_Xy(eval_set=eval_set, eval_X=eval_X, eval_y=eval_y)
/home/overxpowered/padhai_in_linux/Projects/AGNITIA-TERRA06/.venv/lib/python3.12/site-packages/lightgbm/sklearn.py:1106: LGBMDeprecationWarning: The argument 'eval_set' is deprecated, use 'eval_X' and 'eval_y' instead.
  eval_set = _validate_eval_set_Xy(eval_set=eval_set, eval_X=eval_X, eval_y=eval_y)
/home/overxpowered/padhai_in_linux/Projects/AGNITIA-TERRA06/.venv/lib/python3.12/site-packages/lightgbm/sklearn.py:1106: LGBMDeprecationWarning: The argument 'eval_set' is deprecated, use 'eval_X' and 'eval_y' instead.
  eval_set = _validate_eval_set_Xy(eval_set=eval_set, eval_X=eval_X, eval_y=eval_y)
/home/overxpowered/padhai_in_linux/Projects/AGNITIA-TERRA06/.venv/lib/python3.12/site-packages/lightgbm/sklearn.py:1106: LGBMDeprecationWarning: The argument 'eval_set' is deprecated, use 'eval_X' and 'eval_y' instead.
  eval_set = _validate_eval_set_Xy(eval_set=eval_set, eval_X=eval_X, eval_y=eval_y)
/home/overxpowered/padhai_in_linux/Projects/AGNITIA-TERRA06/.venv/lib/python3.12/site-packages/lightgbm/sklearn.py:1106: LGBMDeprecationWarning: The argument 'eval_set' is deprecated, use 'eval_X' and 'eval_y' instead.
  eval_set = _validate_eval_set_Xy(eval_set=eval_set, eval_X=eval_X, eval_y=eval_y)
2026-10-09 07:11:21,046 INFO __main__: [wind Trial 21] pinball=0.84224 params={'num_leaves': 15, 'min_child_samples': 161, 'learning_rate': 0.0169, 'subsample': 0.6746, 'colsample_bytree': 0.9757, 'reg_lambda': 2.9242, 'reg_alpha': 4.7954}
[I 2026-10-09 07:11:21,046] Trial 21 finished with value: 0.8422382606269 and parameters: {'num_leaves': 15, 'min_child_samples': 161, 'learning_rate': 0.016925832124827286, 'subsample': 0.6746417158155703, 'colsample_bytree': 0.975661657237373, 'reg_lambda': 2.924242041313949, 'reg_alpha': 4.795386820259909}. Best is trial 14 with value: 0.8397194576163944.
/home/overxpowered/padhai_in_linux/Projects/AGNITIA-TERRA06/.venv/lib/python3.12/site-packages/lightgbm/sklearn.py:1106: LGBMDeprecationWarning: The argument 'eval_set' is deprecated, use 'eval_X' and 'eval_y' instead.
  eval_set = _validate_eval_set_Xy(eval_set=eval_set, eval_X=eval_X, eval_y=eval_y)
/home/overxpowered/padhai_in_linux/Projects/AGNITIA-TERRA06/.venv/lib/python3.12/site-packages/lightgbm/sklearn.py:1106: LGBMDeprecationWarning: The argument 'eval_set' is deprecated, use 'eval_X' and 'eval_y' instead.
  eval_set = _validate_eval_set_Xy(eval_set=eval_set, eval_X=eval_X, eval_y=eval_y)
/home/overxpowered/padhai_in_linux/Projects/AGNITIA-TERRA06/.venv/lib/python3.12/site-packages/lightgbm/sklearn.py:1106: LGBMDeprecationWarning: The argument 'eval_set' is deprecated, use 'eval_X' and 'eval_y' instead.
  eval_set = _validate_eval_set_Xy(eval_set=eval_set, eval_X=eval_X, eval_y=eval_y)
/home/overxpowered/padhai_in_linux/Projects/AGNITIA-TERRA06/.venv/lib/python3.12/site-packages/lightgbm/sklearn.py:1106: LGBMDeprecationWarning: The argument 'eval_set' is deprecated, use 'eval_X' and 'eval_y' instead.
  eval_set = _validate_eval_set_Xy(eval_set=eval_set, eval_X=eval_X, eval_y=eval_y)
/home/overxpowered/padhai_in_linux/Projects/AGNITIA-TERRA06/.venv/lib/python3.12/site-packages/lightgbm/sklearn.py:1106: LGBMDeprecationWarning: The argument 'eval_set' is deprecated, use 'eval_X' and 'eval_y' instead.
  eval_set = _validate_eval_set_Xy(eval_set=eval_set, eval_X=eval_X, eval_y=eval_y)
2026-10-09 07:11:39,712 INFO __main__: [wind Trial 22] pinball=0.86316 params={'num_leaves': 30, 'min_child_samples': 122, 'learning_rate': 0.0119, 'subsample': 0.7524, 'colsample_bytree': 0.8194, 'reg_lambda': 2.2005, 'reg_alpha': 4.1735}
[I 2026-10-09 07:11:39,712] Trial 22 finished with value: 0.8631572943734568 and parameters: {'num_leaves': 30, 'min_child_samples': 122, 'learning_rate': 0.011883517171474796, 'subsample': 0.7523857827257115, 'colsample_bytree': 0.8194131191787078, 'reg_lambda': 2.20052089622102, 'reg_alpha': 4.173498290123788}. Best is trial 14 with value: 0.8397194576163944.
/home/overxpowered/padhai_in_linux/Projects/AGNITIA-TERRA06/.venv/lib/python3.12/site-packages/lightgbm/sklearn.py:1106: LGBMDeprecationWarning: The argument 'eval_set' is deprecated, use 'eval_X' and 'eval_y' instead.
  eval_set = _validate_eval_set_Xy(eval_set=eval_set, eval_X=eval_X, eval_y=eval_y)
/home/overxpowered/padhai_in_linux/Projects/AGNITIA-TERRA06/.venv/lib/python3.12/site-packages/lightgbm/sklearn.py:1106: LGBMDeprecationWarning: The argument 'eval_set' is deprecated, use 'eval_X' and 'eval_y' instead.
  eval_set = _validate_eval_set_Xy(eval_set=eval_set, eval_X=eval_X, eval_y=eval_y)
/home/overxpowered/padhai_in_linux/Projects/AGNITIA-TERRA06/.venv/lib/python3.12/site-packages/lightgbm/sklearn.py:1106: LGBMDeprecationWarning: The argument 'eval_set' is deprecated, use 'eval_X' and 'eval_y' instead.
  eval_set = _validate_eval_set_Xy(eval_set=eval_set, eval_X=eval_X, eval_y=eval_y)
/home/overxpowered/padhai_in_linux/Projects/AGNITIA-TERRA06/.venv/lib/python3.12/site-packages/lightgbm/sklearn.py:1106: LGBMDeprecationWarning: The argument 'eval_set' is deprecated, use 'eval_X' and 'eval_y' instead.
  eval_set = _validate_eval_set_Xy(eval_set=eval_set, eval_X=eval_X, eval_y=eval_y)
/home/overxpowered/padhai_in_linux/Projects/AGNITIA-TERRA06/.venv/lib/python3.12/site-packages/lightgbm/sklearn.py:1106: LGBMDeprecationWarning: The argument 'eval_set' is deprecated, use 'eval_X' and 'eval_y' instead.
  eval_set = _validate_eval_set_Xy(eval_set=eval_set, eval_X=eval_X, eval_y=eval_y)
2026-10-09 07:11:58,716 INFO __main__: [wind Trial 23] pinball=0.85829 params={'num_leaves': 32, 'min_child_samples': 154, 'learning_rate': 0.0144, 'subsample': 0.747, 'colsample_bytree': 0.9332, 'reg_lambda': 0.7918, 'reg_alpha': 3.8062}
[I 2026-10-09 07:11:58,716] Trial 23 finished with value: 0.8582856570931222 and parameters: {'num_leaves': 32, 'min_child_samples': 154, 'learning_rate': 0.014396155462361154, 'subsample': 0.7469532545404469, 'colsample_bytree': 0.9332477241751996, 'reg_lambda': 0.7917914112240205, 'reg_alpha': 3.80623604467162}. Best is trial 14 with value: 0.8397194576163944.
/home/overxpowered/padhai_in_linux/Projects/AGNITIA-TERRA06/.venv/lib/python3.12/site-packages/lightgbm/sklearn.py:1106: LGBMDeprecationWarning: The argument 'eval_set' is deprecated, use 'eval_X' and 'eval_y' instead.
  eval_set = _validate_eval_set_Xy(eval_set=eval_set, eval_X=eval_X, eval_y=eval_y)
/home/overxpowered/padhai_in_linux/Projects/AGNITIA-TERRA06/.venv/lib/python3.12/site-packages/lightgbm/sklearn.py:1106: LGBMDeprecationWarning: The argument 'eval_set' is deprecated, use 'eval_X' and 'eval_y' instead.
  eval_set = _validate_eval_set_Xy(eval_set=eval_set, eval_X=eval_X, eval_y=eval_y)
/home/overxpowered/padhai_in_linux/Projects/AGNITIA-TERRA06/.venv/lib/python3.12/site-packages/lightgbm/sklearn.py:1106: LGBMDeprecationWarning: The argument 'eval_set' is deprecated, use 'eval_X' and 'eval_y' instead.
  eval_set = _validate_eval_set_Xy(eval_set=eval_set, eval_X=eval_X, eval_y=eval_y)
/home/overxpowered/padhai_in_linux/Projects/AGNITIA-TERRA06/.venv/lib/python3.12/site-packages/lightgbm/sklearn.py:1106: LGBMDeprecationWarning: The argument 'eval_set' is deprecated, use 'eval_X' and 'eval_y' instead.
  eval_set = _validate_eval_set_Xy(eval_set=eval_set, eval_X=eval_X, eval_y=eval_y)
/home/overxpowered/padhai_in_linux/Projects/AGNITIA-TERRA06/.venv/lib/python3.12/site-packages/lightgbm/sklearn.py:1106: LGBMDeprecationWarning: The argument 'eval_set' is deprecated, use 'eval_X' and 'eval_y' instead.
  eval_set = _validate_eval_set_Xy(eval_set=eval_set, eval_X=eval_X, eval_y=eval_y)
2026-10-09 07:12:16,772 INFO __main__: [wind Trial 24] pinball=0.84836 params={'num_leaves': 20, 'min_child_samples': 120, 'learning_rate': 0.0139, 'subsample': 0.6607, 'colsample_bytree': 0.8284, 'reg_lambda': 3.5629, 'reg_alpha': 4.3448}
[I 2026-10-09 07:12:16,772] Trial 24 finished with value: 0.8483641353772626 and parameters: {'num_leaves': 20, 'min_child_samples': 120, 'learning_rate': 0.013939744932604246, 'subsample': 0.6606631747212994, 'colsample_bytree': 0.8283908159190789, 'reg_lambda': 3.5629172271257983, 'reg_alpha': 4.344770750382739}. Best is trial 14 with value: 0.8397194576163944.
/home/overxpowered/padhai_in_linux/Projects/AGNITIA-TERRA06/.venv/lib/python3.12/site-packages/lightgbm/sklearn.py:1106: LGBMDeprecationWarning: The argument 'eval_set' is deprecated, use 'eval_X' and 'eval_y' instead.
  eval_set = _validate_eval_set_Xy(eval_set=eval_set, eval_X=eval_X, eval_y=eval_y)
/home/overxpowered/padhai_in_linux/Projects/AGNITIA-TERRA06/.venv/lib/python3.12/site-packages/lightgbm/sklearn.py:1106: LGBMDeprecationWarning: The argument 'eval_set' is deprecated, use 'eval_X' and 'eval_y' instead.
  eval_set = _validate_eval_set_Xy(eval_set=eval_set, eval_X=eval_X, eval_y=eval_y)
/home/overxpowered/padhai_in_linux/Projects/AGNITIA-TERRA06/.venv/lib/python3.12/site-packages/lightgbm/sklearn.py:1106: LGBMDeprecationWarning: The argument 'eval_set' is deprecated, use 'eval_X' and 'eval_y' instead.
  eval_set = _validate_eval_set_Xy(eval_set=eval_set, eval_X=eval_X, eval_y=eval_y)
/home/overxpowered/padhai_in_linux/Projects/AGNITIA-TERRA06/.venv/lib/python3.12/site-packages/lightgbm/sklearn.py:1106: LGBMDeprecationWarning: The argument 'eval_set' is deprecated, use 'eval_X' and 'eval_y' instead.
  eval_set = _validate_eval_set_Xy(eval_set=eval_set, eval_X=eval_X, eval_y=eval_y)
/home/overxpowered/padhai_in_linux/Projects/AGNITIA-TERRA06/.venv/lib/python3.12/site-packages/lightgbm/sklearn.py:1106: LGBMDeprecationWarning: The argument 'eval_set' is deprecated, use 'eval_X' and 'eval_y' instead.
  eval_set = _validate_eval_set_Xy(eval_set=eval_set, eval_X=eval_X, eval_y=eval_y)
2026-10-09 07:12:34,215 INFO __main__: [wind Trial 25] pinball=0.84914 params={'num_leaves': 23, 'min_child_samples': 121, 'learning_rate': 0.0212, 'subsample': 0.812, 'colsample_bytree': 0.909, 'reg_lambda': 1.423, 'reg_alpha': 4.2856}
[I 2026-10-09 07:12:34,215] Trial 25 finished with value: 0.8491435484586825 and parameters: {'num_leaves': 23, 'min_child_samples': 121, 'learning_rate': 0.021168873264187704, 'subsample': 0.8119667101972873, 'colsample_bytree': 0.9089604136884908, 'reg_lambda': 1.423036957328796, 'reg_alpha': 4.285568482506271}. Best is trial 14 with value: 0.8397194576163944.
/home/overxpowered/padhai_in_linux/Projects/AGNITIA-TERRA06/.venv/lib/python3.12/site-packages/lightgbm/sklearn.py:1106: LGBMDeprecationWarning: The argument 'eval_set' is deprecated, use 'eval_X' and 'eval_y' instead.
  eval_set = _validate_eval_set_Xy(eval_set=eval_set, eval_X=eval_X, eval_y=eval_y)
/home/overxpowered/padhai_in_linux/Projects/AGNITIA-TERRA06/.venv/lib/python3.12/site-packages/lightgbm/sklearn.py:1106: LGBMDeprecationWarning: The argument 'eval_set' is deprecated, use 'eval_X' and 'eval_y' instead.
  eval_set = _validate_eval_set_Xy(eval_set=eval_set, eval_X=eval_X, eval_y=eval_y)
/home/overxpowered/padhai_in_linux/Projects/AGNITIA-TERRA06/.venv/lib/python3.12/site-packages/lightgbm/sklearn.py:1106: LGBMDeprecationWarning: The argument 'eval_set' is deprecated, use 'eval_X' and 'eval_y' instead.
  eval_set = _validate_eval_set_Xy(eval_set=eval_set, eval_X=eval_X, eval_y=eval_y)
/home/overxpowered/padhai_in_linux/Projects/AGNITIA-TERRA06/.venv/lib/python3.12/site-packages/lightgbm/sklearn.py:1106: LGBMDeprecationWarning: The argument 'eval_set' is deprecated, use 'eval_X' and 'eval_y' instead.
  eval_set = _validate_eval_set_Xy(eval_set=eval_set, eval_X=eval_X, eval_y=eval_y)
/home/overxpowered/padhai_in_linux/Projects/AGNITIA-TERRA06/.venv/lib/python3.12/site-packages/lightgbm/sklearn.py:1106: LGBMDeprecationWarning: The argument 'eval_set' is deprecated, use 'eval_X' and 'eval_y' instead.
  eval_set = _validate_eval_set_Xy(eval_set=eval_set, eval_X=eval_X, eval_y=eval_y)
2026-10-09 07:12:55,959 INFO __main__: [wind Trial 26] pinball=0.87002 params={'num_leaves': 42, 'min_child_samples': 112, 'learning_rate': 0.0139, 'subsample': 0.7391, 'colsample_bytree': 0.9969, 'reg_lambda': 0.5761, 'reg_alpha': 4.9082}
[I 2026-10-09 07:12:55,959] Trial 26 finished with value: 0.870020332674156 and parameters: {'num_leaves': 42, 'min_child_samples': 112, 'learning_rate': 0.01394980444316851, 'subsample': 0.7391489197819933, 'colsample_bytree': 0.9969082922035146, 'reg_lambda': 0.5760584933962922, 'reg_alpha': 4.908217515387495}. Best is trial 14 with value: 0.8397194576163944.
/home/overxpowered/padhai_in_linux/Projects/AGNITIA-TERRA06/.venv/lib/python3.12/site-packages/lightgbm/sklearn.py:1106: LGBMDeprecationWarning: The argument 'eval_set' is deprecated, use 'eval_X' and 'eval_y' instead.
  eval_set = _validate_eval_set_Xy(eval_set=eval_set, eval_X=eval_X, eval_y=eval_y)
/home/overxpowered/padhai_in_linux/Projects/AGNITIA-TERRA06/.venv/lib/python3.12/site-packages/lightgbm/sklearn.py:1106: LGBMDeprecationWarning: The argument 'eval_set' is deprecated, use 'eval_X' and 'eval_y' instead.
  eval_set = _validate_eval_set_Xy(eval_set=eval_set, eval_X=eval_X, eval_y=eval_y)
/home/overxpowered/padhai_in_linux/Projects/AGNITIA-TERRA06/.venv/lib/python3.12/site-packages/lightgbm/sklearn.py:1106: LGBMDeprecationWarning: The argument 'eval_set' is deprecated, use 'eval_X' and 'eval_y' instead.
  eval_set = _validate_eval_set_Xy(eval_set=eval_set, eval_X=eval_X, eval_y=eval_y)
/home/overxpowered/padhai_in_linux/Projects/AGNITIA-TERRA06/.venv/lib/python3.12/site-packages/lightgbm/sklearn.py:1106: LGBMDeprecationWarning: The argument 'eval_set' is deprecated, use 'eval_X' and 'eval_y' instead.
  eval_set = _validate_eval_set_Xy(eval_set=eval_set, eval_X=eval_X, eval_y=eval_y)
/home/overxpowered/padhai_in_linux/Projects/AGNITIA-TERRA06/.venv/lib/python3.12/site-packages/lightgbm/sklearn.py:1106: LGBMDeprecationWarning: The argument 'eval_set' is deprecated, use 'eval_X' and 'eval_y' instead.
  eval_set = _validate_eval_set_Xy(eval_set=eval_set, eval_X=eval_X, eval_y=eval_y)
2026-10-09 07:13:08,061 INFO __main__: [wind Trial 27] pinball=0.84830 params={'num_leaves': 22, 'min_child_samples': 138, 'learning_rate': 0.0302, 'subsample': 0.7055, 'colsample_bytree': 0.9737, 'reg_lambda': 0.3404, 'reg_alpha': 4.1953}
[I 2026-10-09 07:13:08,061] Trial 27 finished with value: 0.848301336539028 and parameters: {'num_leaves': 22, 'min_child_samples': 138, 'learning_rate': 0.03023434431361208, 'subsample': 0.7055047491284916, 'colsample_bytree': 0.9736633384379322, 'reg_lambda': 0.3403545740097559, 'reg_alpha': 4.195274709635888}. Best is trial 14 with value: 0.8397194576163944.
/home/overxpowered/padhai_in_linux/Projects/AGNITIA-TERRA06/.venv/lib/python3.12/site-packages/lightgbm/sklearn.py:1106: LGBMDeprecationWarning: The argument 'eval_set' is deprecated, use 'eval_X' and 'eval_y' instead.
  eval_set = _validate_eval_set_Xy(eval_set=eval_set, eval_X=eval_X, eval_y=eval_y)
/home/overxpowered/padhai_in_linux/Projects/AGNITIA-TERRA06/.venv/lib/python3.12/site-packages/lightgbm/sklearn.py:1106: LGBMDeprecationWarning: The argument 'eval_set' is deprecated, use 'eval_X' and 'eval_y' instead.
  eval_set = _validate_eval_set_Xy(eval_set=eval_set, eval_X=eval_X, eval_y=eval_y)
/home/overxpowered/padhai_in_linux/Projects/AGNITIA-TERRA06/.venv/lib/python3.12/site-packages/lightgbm/sklearn.py:1106: LGBMDeprecationWarning: The argument 'eval_set' is deprecated, use 'eval_X' and 'eval_y' instead.
  eval_set = _validate_eval_set_Xy(eval_set=eval_set, eval_X=eval_X, eval_y=eval_y)
/home/overxpowered/padhai_in_linux/Projects/AGNITIA-TERRA06/.venv/lib/python3.12/site-packages/lightgbm/sklearn.py:1106: LGBMDeprecationWarning: The argument 'eval_set' is deprecated, use 'eval_X' and 'eval_y' instead.
  eval_set = _validate_eval_set_Xy(eval_set=eval_set, eval_X=eval_X, eval_y=eval_y)
/home/overxpowered/padhai_in_linux/Projects/AGNITIA-TERRA06/.venv/lib/python3.12/site-packages/lightgbm/sklearn.py:1106: LGBMDeprecationWarning: The argument 'eval_set' is deprecated, use 'eval_X' and 'eval_y' instead.
  eval_set = _validate_eval_set_Xy(eval_set=eval_set, eval_X=eval_X, eval_y=eval_y)
2026-10-09 07:13:25,472 INFO __main__: [wind Trial 28] pinball=0.86505 params={'num_leaves': 43, 'min_child_samples': 162, 'learning_rate': 0.0184, 'subsample': 0.6752, 'colsample_bytree': 0.9706, 'reg_lambda': 1.577, 'reg_alpha': 4.2142}
[I 2026-10-09 07:13:25,472] Trial 28 finished with value: 0.8650484841570275 and parameters: {'num_leaves': 43, 'min_child_samples': 162, 'learning_rate': 0.01839342583411096, 'subsample': 0.6751597643834725, 'colsample_bytree': 0.9705790243795527, 'reg_lambda': 1.5770251628658767, 'reg_alpha': 4.214198828862845}. Best is trial 14 with value: 0.8397194576163944.
/home/overxpowered/padhai_in_linux/Projects/AGNITIA-TERRA06/.venv/lib/python3.12/site-packages/lightgbm/sklearn.py:1106: LGBMDeprecationWarning: The argument 'eval_set' is deprecated, use 'eval_X' and 'eval_y' instead.
  eval_set = _validate_eval_set_Xy(eval_set=eval_set, eval_X=eval_X, eval_y=eval_y)
/home/overxpowered/padhai_in_linux/Projects/AGNITIA-TERRA06/.venv/lib/python3.12/site-packages/lightgbm/sklearn.py:1106: LGBMDeprecationWarning: The argument 'eval_set' is deprecated, use 'eval_X' and 'eval_y' instead.
  eval_set = _validate_eval_set_Xy(eval_set=eval_set, eval_X=eval_X, eval_y=eval_y)
/home/overxpowered/padhai_in_linux/Projects/AGNITIA-TERRA06/.venv/lib/python3.12/site-packages/lightgbm/sklearn.py:1106: LGBMDeprecationWarning: The argument 'eval_set' is deprecated, use 'eval_X' and 'eval_y' instead.
  eval_set = _validate_eval_set_Xy(eval_set=eval_set, eval_X=eval_X, eval_y=eval_y)
/home/overxpowered/padhai_in_linux/Projects/AGNITIA-TERRA06/.venv/lib/python3.12/site-packages/lightgbm/sklearn.py:1106: LGBMDeprecationWarning: The argument 'eval_set' is deprecated, use 'eval_X' and 'eval_y' instead.
  eval_set = _validate_eval_set_Xy(eval_set=eval_set, eval_X=eval_X, eval_y=eval_y)
/home/overxpowered/padhai_in_linux/Projects/AGNITIA-TERRA06/.venv/lib/python3.12/site-packages/lightgbm/sklearn.py:1106: LGBMDeprecationWarning: The argument 'eval_set' is deprecated, use 'eval_X' and 'eval_y' instead.
  eval_set = _validate_eval_set_Xy(eval_set=eval_set, eval_X=eval_X, eval_y=eval_y)
2026-10-09 07:13:48,289 INFO __main__: [wind Trial 29] pinball=0.85461 params={'num_leaves': 23, 'min_child_samples': 164, 'learning_rate': 0.0112, 'subsample': 0.6676, 'colsample_bytree': 0.8764, 'reg_lambda': 2.1613, 'reg_alpha': 4.9617}
[I 2026-10-09 07:13:48,290] Trial 29 finished with value: 0.8546076656031575 and parameters: {'num_leaves': 23, 'min_child_samples': 164, 'learning_rate': 0.011242532108118364, 'subsample': 0.6676217119618127, 'colsample_bytree': 0.876382863424448, 'reg_lambda': 2.1613055592474906, 'reg_alpha': 4.961722400219663}. Best is trial 14 with value: 0.8397194576163944.
/home/overxpowered/padhai_in_linux/Projects/AGNITIA-TERRA06/.venv/lib/python3.12/site-packages/lightgbm/sklearn.py:1106: LGBMDeprecationWarning: The argument 'eval_set' is deprecated, use 'eval_X' and 'eval_y' instead.
  eval_set = _validate_eval_set_Xy(eval_set=eval_set, eval_X=eval_X, eval_y=eval_y)
/home/overxpowered/padhai_in_linux/Projects/AGNITIA-TERRA06/.venv/lib/python3.12/site-packages/lightgbm/sklearn.py:1106: LGBMDeprecationWarning: The argument 'eval_set' is deprecated, use 'eval_X' and 'eval_y' instead.
  eval_set = _validate_eval_set_Xy(eval_set=eval_set, eval_X=eval_X, eval_y=eval_y)
/home/overxpowered/padhai_in_linux/Projects/AGNITIA-TERRA06/.venv/lib/python3.12/site-packages/lightgbm/sklearn.py:1106: LGBMDeprecationWarning: The argument 'eval_set' is deprecated, use 'eval_X' and 'eval_y' instead.
  eval_set = _validate_eval_set_Xy(eval_set=eval_set, eval_X=eval_X, eval_y=eval_y)
/home/overxpowered/padhai_in_linux/Projects/AGNITIA-TERRA06/.venv/lib/python3.12/site-packages/lightgbm/sklearn.py:1106: LGBMDeprecationWarning: The argument 'eval_set' is deprecated, use 'eval_X' and 'eval_y' instead.
  eval_set = _validate_eval_set_Xy(eval_set=eval_set, eval_X=eval_X, eval_y=eval_y)
/home/overxpowered/padhai_in_linux/Projects/AGNITIA-TERRA06/.venv/lib/python3.12/site-packages/lightgbm/sklearn.py:1106: LGBMDeprecationWarning: The argument 'eval_set' is deprecated, use 'eval_X' and 'eval_y' instead.
  eval_set = _validate_eval_set_Xy(eval_set=eval_set, eval_X=eval_X, eval_y=eval_y)
2026-10-09 07:14:14,262 INFO __main__: [wind Trial 30] pinball=0.83887 params={'num_leaves': 16, 'min_child_samples': 138, 'learning_rate': 0.014, 'subsample': 0.7088, 'colsample_bytree': 0.95, 'reg_lambda': 1.3949, 'reg_alpha': 3.482}
[I 2026-10-09 07:14:14,262] Trial 30 finished with value: 0.8388674712967875 and parameters: {'num_leaves': 16, 'min_child_samples': 138, 'learning_rate': 0.013966480413256693, 'subsample': 0.7088230158856389, 'colsample_bytree': 0.9499543814889079, 'reg_lambda': 1.3948870010647074, 'reg_alpha': 3.4820362130786977}. Best is trial 30 with value: 0.8388674712967875.
/home/overxpowered/padhai_in_linux/Projects/AGNITIA-TERRA06/.venv/lib/python3.12/site-packages/lightgbm/sklearn.py:1106: LGBMDeprecationWarning: The argument 'eval_set' is deprecated, use 'eval_X' and 'eval_y' instead.
  eval_set = _validate_eval_set_Xy(eval_set=eval_set, eval_X=eval_X, eval_y=eval_y)
/home/overxpowered/padhai_in_linux/Projects/AGNITIA-TERRA06/.venv/lib/python3.12/site-packages/lightgbm/sklearn.py:1106: LGBMDeprecationWarning: The argument 'eval_set' is deprecated, use 'eval_X' and 'eval_y' instead.
  eval_set = _validate_eval_set_Xy(eval_set=eval_set, eval_X=eval_X, eval_y=eval_y)
/home/overxpowered/padhai_in_linux/Projects/AGNITIA-TERRA06/.venv/lib/python3.12/site-packages/lightgbm/sklearn.py:1106: LGBMDeprecationWarning: The argument 'eval_set' is deprecated, use 'eval_X' and 'eval_y' instead.
  eval_set = _validate_eval_set_Xy(eval_set=eval_set, eval_X=eval_X, eval_y=eval_y)
/home/overxpowered/padhai_in_linux/Projects/AGNITIA-TERRA06/.venv/lib/python3.12/site-packages/lightgbm/sklearn.py:1106: LGBMDeprecationWarning: The argument 'eval_set' is deprecated, use 'eval_X' and 'eval_y' instead.
  eval_set = _validate_eval_set_Xy(eval_set=eval_set, eval_X=eval_X, eval_y=eval_y)
/home/overxpowered/padhai_in_linux/Projects/AGNITIA-TERRA06/.venv/lib/python3.12/site-packages/lightgbm/sklearn.py:1106: LGBMDeprecationWarning: The argument 'eval_set' is deprecated, use 'eval_X' and 'eval_y' instead.
  eval_set = _validate_eval_set_Xy(eval_set=eval_set, eval_X=eval_X, eval_y=eval_y)
2026-10-09 07:14:36,126 INFO __main__: [wind Trial 31] pinball=0.84258 params={'num_leaves': 17, 'min_child_samples': 151, 'learning_rate': 0.0156, 'subsample': 0.7955, 'colsample_bytree': 0.9512, 'reg_lambda': 1.6261, 'reg_alpha': 4.3235}
[I 2026-10-09 07:14:36,126] Trial 31 finished with value: 0.8425782982619348 and parameters: {'num_leaves': 17, 'min_child_samples': 151, 'learning_rate': 0.01558081022300071, 'subsample': 0.7954766148845603, 'colsample_bytree': 0.9511944740935511, 'reg_lambda': 1.6260668286411866, 'reg_alpha': 4.323483238255397}. Best is trial 30 with value: 0.8388674712967875.
/home/overxpowered/padhai_in_linux/Projects/AGNITIA-TERRA06/.venv/lib/python3.12/site-packages/lightgbm/sklearn.py:1106: LGBMDeprecationWarning: The argument 'eval_set' is deprecated, use 'eval_X' and 'eval_y' instead.
  eval_set = _validate_eval_set_Xy(eval_set=eval_set, eval_X=eval_X, eval_y=eval_y)
/home/overxpowered/padhai_in_linux/Projects/AGNITIA-TERRA06/.venv/lib/python3.12/site-packages/lightgbm/sklearn.py:1106: LGBMDeprecationWarning: The argument 'eval_set' is deprecated, use 'eval_X' and 'eval_y' instead.
  eval_set = _validate_eval_set_Xy(eval_set=eval_set, eval_X=eval_X, eval_y=eval_y)
/home/overxpowered/padhai_in_linux/Projects/AGNITIA-TERRA06/.venv/lib/python3.12/site-packages/lightgbm/sklearn.py:1106: LGBMDeprecationWarning: The argument 'eval_set' is deprecated, use 'eval_X' and 'eval_y' instead.
  eval_set = _validate_eval_set_Xy(eval_set=eval_set, eval_X=eval_X, eval_y=eval_y)
/home/overxpowered/padhai_in_linux/Projects/AGNITIA-TERRA06/.venv/lib/python3.12/site-packages/lightgbm/sklearn.py:1106: LGBMDeprecationWarning: The argument 'eval_set' is deprecated, use 'eval_X' and 'eval_y' instead.
  eval_set = _validate_eval_set_Xy(eval_set=eval_set, eval_X=eval_X, eval_y=eval_y)
/home/overxpowered/padhai_in_linux/Projects/AGNITIA-TERRA06/.venv/lib/python3.12/site-packages/lightgbm/sklearn.py:1106: LGBMDeprecationWarning: The argument 'eval_set' is deprecated, use 'eval_X' and 'eval_y' instead.
  eval_set = _validate_eval_set_Xy(eval_set=eval_set, eval_X=eval_X, eval_y=eval_y)
2026-10-09 07:15:02,776 INFO __main__: [wind Trial 32] pinball=0.84546 params={'num_leaves': 17, 'min_child_samples': 162, 'learning_rate': 0.0124, 'subsample': 0.6787, 'colsample_bytree': 0.9997, 'reg_lambda': 1.151, 'reg_alpha': 4.0568}
[I 2026-10-09 07:15:02,776] Trial 32 finished with value: 0.845463153847227 and parameters: {'num_leaves': 17, 'min_child_samples': 162, 'learning_rate': 0.01244425197465948, 'subsample': 0.6787051593205373, 'colsample_bytree': 0.9997438248080341, 'reg_lambda': 1.1510246392508674, 'reg_alpha': 4.056836216106379}. Best is trial 30 with value: 0.8388674712967875.
/home/overxpowered/padhai_in_linux/Projects/AGNITIA-TERRA06/.venv/lib/python3.12/site-packages/lightgbm/sklearn.py:1106: LGBMDeprecationWarning: The argument 'eval_set' is deprecated, use 'eval_X' and 'eval_y' instead.
  eval_set = _validate_eval_set_Xy(eval_set=eval_set, eval_X=eval_X, eval_y=eval_y)
/home/overxpowered/padhai_in_linux/Projects/AGNITIA-TERRA06/.venv/lib/python3.12/site-packages/lightgbm/sklearn.py:1106: LGBMDeprecationWarning: The argument 'eval_set' is deprecated, use 'eval_X' and 'eval_y' instead.
  eval_set = _validate_eval_set_Xy(eval_set=eval_set, eval_X=eval_X, eval_y=eval_y)
/home/overxpowered/padhai_in_linux/Projects/AGNITIA-TERRA06/.venv/lib/python3.12/site-packages/lightgbm/sklearn.py:1106: LGBMDeprecationWarning: The argument 'eval_set' is deprecated, use 'eval_X' and 'eval_y' instead.
  eval_set = _validate_eval_set_Xy(eval_set=eval_set, eval_X=eval_X, eval_y=eval_y)
/home/overxpowered/padhai_in_linux/Projects/AGNITIA-TERRA06/.venv/lib/python3.12/site-packages/lightgbm/sklearn.py:1106: LGBMDeprecationWarning: The argument 'eval_set' is deprecated, use 'eval_X' and 'eval_y' instead.
  eval_set = _validate_eval_set_Xy(eval_set=eval_set, eval_X=eval_X, eval_y=eval_y)
/home/overxpowered/padhai_in_linux/Projects/AGNITIA-TERRA06/.venv/lib/python3.12/site-packages/lightgbm/sklearn.py:1106: LGBMDeprecationWarning: The argument 'eval_set' is deprecated, use 'eval_X' and 'eval_y' instead.
  eval_set = _validate_eval_set_Xy(eval_set=eval_set, eval_X=eval_X, eval_y=eval_y)
2026-10-09 07:15:19,961 INFO __main__: [wind Trial 33] pinball=0.86072 params={'num_leaves': 30, 'min_child_samples': 124, 'learning_rate': 0.0166, 'subsample': 0.6698, 'colsample_bytree': 0.9622, 'reg_lambda': 0.9341, 'reg_alpha': 3.465}
[I 2026-10-09 07:15:19,962] Trial 33 finished with value: 0.8607180476385026 and parameters: {'num_leaves': 30, 'min_child_samples': 124, 'learning_rate': 0.01660381006487385, 'subsample': 0.6698056417155892, 'colsample_bytree': 0.9621853041013575, 'reg_lambda': 0.9340975624385772, 'reg_alpha': 3.4650412969296425}. Best is trial 30 with value: 0.8388674712967875.
/home/overxpowered/padhai_in_linux/Projects/AGNITIA-TERRA06/.venv/lib/python3.12/site-packages/lightgbm/sklearn.py:1106: LGBMDeprecationWarning: The argument 'eval_set' is deprecated, use 'eval_X' and 'eval_y' instead.
  eval_set = _validate_eval_set_Xy(eval_set=eval_set, eval_X=eval_X, eval_y=eval_y)
/home/overxpowered/padhai_in_linux/Projects/AGNITIA-TERRA06/.venv/lib/python3.12/site-packages/lightgbm/sklearn.py:1106: LGBMDeprecationWarning: The argument 'eval_set' is deprecated, use 'eval_X' and 'eval_y' instead.
  eval_set = _validate_eval_set_Xy(eval_set=eval_set, eval_X=eval_X, eval_y=eval_y)
/home/overxpowered/padhai_in_linux/Projects/AGNITIA-TERRA06/.venv/lib/python3.12/site-packages/lightgbm/sklearn.py:1106: LGBMDeprecationWarning: The argument 'eval_set' is deprecated, use 'eval_X' and 'eval_y' instead.
  eval_set = _validate_eval_set_Xy(eval_set=eval_set, eval_X=eval_X, eval_y=eval_y)
/home/overxpowered/padhai_in_linux/Projects/AGNITIA-TERRA06/.venv/lib/python3.12/site-packages/lightgbm/sklearn.py:1106: LGBMDeprecationWarning: The argument 'eval_set' is deprecated, use 'eval_X' and 'eval_y' instead.
  eval_set = _validate_eval_set_Xy(eval_set=eval_set, eval_X=eval_X, eval_y=eval_y)
/home/overxpowered/padhai_in_linux/Projects/AGNITIA-TERRA06/.venv/lib/python3.12/site-packages/lightgbm/sklearn.py:1106: LGBMDeprecationWarning: The argument 'eval_set' is deprecated, use 'eval_X' and 'eval_y' instead.
  eval_set = _validate_eval_set_Xy(eval_set=eval_set, eval_X=eval_X, eval_y=eval_y)
2026-10-09 07:15:37,009 INFO __main__: [wind Trial 34] pinball=0.85966 params={'num_leaves': 25, 'min_child_samples': 102, 'learning_rate': 0.0168, 'subsample': 0.763, 'colsample_bytree': 0.9717, 'reg_lambda': 1.385, 'reg_alpha': 4.0852}
[I 2026-10-09 07:15:37,009] Trial 34 finished with value: 0.8596591431058757 and parameters: {'num_leaves': 25, 'min_child_samples': 102, 'learning_rate': 0.01675836088683259, 'subsample': 0.7630341169680627, 'colsample_bytree': 0.9717107517994803, 'reg_lambda': 1.3849607957823848, 'reg_alpha': 4.085190867111965}. Best is trial 30 with value: 0.8388674712967875.
/home/overxpowered/padhai_in_linux/Projects/AGNITIA-TERRA06/.venv/lib/python3.12/site-packages/lightgbm/sklearn.py:1106: LGBMDeprecationWarning: The argument 'eval_set' is deprecated, use 'eval_X' and 'eval_y' instead.
  eval_set = _validate_eval_set_Xy(eval_set=eval_set, eval_X=eval_X, eval_y=eval_y)
/home/overxpowered/padhai_in_linux/Projects/AGNITIA-TERRA06/.venv/lib/python3.12/site-packages/lightgbm/sklearn.py:1106: LGBMDeprecationWarning: The argument 'eval_set' is deprecated, use 'eval_X' and 'eval_y' instead.
  eval_set = _validate_eval_set_Xy(eval_set=eval_set, eval_X=eval_X, eval_y=eval_y)
/home/overxpowered/padhai_in_linux/Projects/AGNITIA-TERRA06/.venv/lib/python3.12/site-packages/lightgbm/sklearn.py:1106: LGBMDeprecationWarning: The argument 'eval_set' is deprecated, use 'eval_X' and 'eval_y' instead.
  eval_set = _validate_eval_set_Xy(eval_set=eval_set, eval_X=eval_X, eval_y=eval_y)
/home/overxpowered/padhai_in_linux/Projects/AGNITIA-TERRA06/.venv/lib/python3.12/site-packages/lightgbm/sklearn.py:1106: LGBMDeprecationWarning: The argument 'eval_set' is deprecated, use 'eval_X' and 'eval_y' instead.
  eval_set = _validate_eval_set_Xy(eval_set=eval_set, eval_X=eval_X, eval_y=eval_y)
/home/overxpowered/padhai_in_linux/Projects/AGNITIA-TERRA06/.venv/lib/python3.12/site-packages/lightgbm/sklearn.py:1106: LGBMDeprecationWarning: The argument 'eval_set' is deprecated, use 'eval_X' and 'eval_y' instead.
  eval_set = _validate_eval_set_Xy(eval_set=eval_set, eval_X=eval_X, eval_y=eval_y)
2026-10-09 07:15:51,241 INFO __main__: [wind Trial 35] pinball=0.85442 params={'num_leaves': 27, 'min_child_samples': 140, 'learning_rate': 0.0212, 'subsample': 0.758, 'colsample_bytree': 0.9373, 'reg_lambda': 2.4317, 'reg_alpha': 3.7392}
[I 2026-10-09 07:15:51,242] Trial 35 finished with value: 0.8544236120375508 and parameters: {'num_leaves': 27, 'min_child_samples': 140, 'learning_rate': 0.02119987283858158, 'subsample': 0.7579818674942916, 'colsample_bytree': 0.9372796078115615, 'reg_lambda': 2.431730244745253, 'reg_alpha': 3.739193312273377}. Best is trial 30 with value: 0.8388674712967875.
/home/overxpowered/padhai_in_linux/Projects/AGNITIA-TERRA06/.venv/lib/python3.12/site-packages/lightgbm/sklearn.py:1106: LGBMDeprecationWarning: The argument 'eval_set' is deprecated, use 'eval_X' and 'eval_y' instead.
  eval_set = _validate_eval_set_Xy(eval_set=eval_set, eval_X=eval_X, eval_y=eval_y)
/home/overxpowered/padhai_in_linux/Projects/AGNITIA-TERRA06/.venv/lib/python3.12/site-packages/lightgbm/sklearn.py:1106: LGBMDeprecationWarning: The argument 'eval_set' is deprecated, use 'eval_X' and 'eval_y' instead.
  eval_set = _validate_eval_set_Xy(eval_set=eval_set, eval_X=eval_X, eval_y=eval_y)
/home/overxpowered/padhai_in_linux/Projects/AGNITIA-TERRA06/.venv/lib/python3.12/site-packages/lightgbm/sklearn.py:1106: LGBMDeprecationWarning: The argument 'eval_set' is deprecated, use 'eval_X' and 'eval_y' instead.
  eval_set = _validate_eval_set_Xy(eval_set=eval_set, eval_X=eval_X, eval_y=eval_y)
/home/overxpowered/padhai_in_linux/Projects/AGNITIA-TERRA06/.venv/lib/python3.12/site-packages/lightgbm/sklearn.py:1106: LGBMDeprecationWarning: The argument 'eval_set' is deprecated, use 'eval_X' and 'eval_y' instead.
  eval_set = _validate_eval_set_Xy(eval_set=eval_set, eval_X=eval_X, eval_y=eval_y)
/home/overxpowered/padhai_in_linux/Projects/AGNITIA-TERRA06/.venv/lib/python3.12/site-packages/lightgbm/sklearn.py:1106: LGBMDeprecationWarning: The argument 'eval_set' is deprecated, use 'eval_X' and 'eval_y' instead.
  eval_set = _validate_eval_set_Xy(eval_set=eval_set, eval_X=eval_X, eval_y=eval_y)
2026-10-09 07:16:15,964 INFO __main__: [wind Trial 36] pinball=0.83758 params={'num_leaves': 15, 'min_child_samples': 131, 'learning_rate': 0.0117, 'subsample': 0.7382, 'colsample_bytree': 0.8302, 'reg_lambda': 2.1095, 'reg_alpha': 3.5801}
[I 2026-10-09 07:16:15,964] Trial 36 finished with value: 0.8375792118323041 and parameters: {'num_leaves': 15, 'min_child_samples': 131, 'learning_rate': 0.011700980374497547, 'subsample': 0.73823881319866, 'colsample_bytree': 0.8302478691655253, 'reg_lambda': 2.109474270864902, 'reg_alpha': 3.580110671312923}. Best is trial 36 with value: 0.8375792118323041.
/home/overxpowered/padhai_in_linux/Projects/AGNITIA-TERRA06/.venv/lib/python3.12/site-packages/lightgbm/sklearn.py:1106: LGBMDeprecationWarning: The argument 'eval_set' is deprecated, use 'eval_X' and 'eval_y' instead.
  eval_set = _validate_eval_set_Xy(eval_set=eval_set, eval_X=eval_X, eval_y=eval_y)
/home/overxpowered/padhai_in_linux/Projects/AGNITIA-TERRA06/.venv/lib/python3.12/site-packages/lightgbm/sklearn.py:1106: LGBMDeprecationWarning: The argument 'eval_set' is deprecated, use 'eval_X' and 'eval_y' instead.
  eval_set = _validate_eval_set_Xy(eval_set=eval_set, eval_X=eval_X, eval_y=eval_y)
/home/overxpowered/padhai_in_linux/Projects/AGNITIA-TERRA06/.venv/lib/python3.12/site-packages/lightgbm/sklearn.py:1106: LGBMDeprecationWarning: The argument 'eval_set' is deprecated, use 'eval_X' and 'eval_y' instead.
  eval_set = _validate_eval_set_Xy(eval_set=eval_set, eval_X=eval_X, eval_y=eval_y)
/home/overxpowered/padhai_in_linux/Projects/AGNITIA-TERRA06/.venv/lib/python3.12/site-packages/lightgbm/sklearn.py:1106: LGBMDeprecationWarning: The argument 'eval_set' is deprecated, use 'eval_X' and 'eval_y' instead.
  eval_set = _validate_eval_set_Xy(eval_set=eval_set, eval_X=eval_X, eval_y=eval_y)
/home/overxpowered/padhai_in_linux/Projects/AGNITIA-TERRA06/.venv/lib/python3.12/site-packages/lightgbm/sklearn.py:1106: LGBMDeprecationWarning: The argument 'eval_set' is deprecated, use 'eval_X' and 'eval_y' instead.
  eval_set = _validate_eval_set_Xy(eval_set=eval_set, eval_X=eval_X, eval_y=eval_y)
2026-10-09 07:16:40,022 INFO __main__: [wind Trial 37] pinball=0.84705 params={'num_leaves': 19, 'min_child_samples': 124, 'learning_rate': 0.0136, 'subsample': 0.7453, 'colsample_bytree': 0.9673, 'reg_lambda': 1.3992, 'reg_alpha': 3.4687}
[I 2026-10-09 07:16:40,022] Trial 37 finished with value: 0.8470472807102458 and parameters: {'num_leaves': 19, 'min_child_samples': 124, 'learning_rate': 0.013572550740482497, 'subsample': 0.7453031522263583, 'colsample_bytree': 0.9672784077831516, 'reg_lambda': 1.3992180477765792, 'reg_alpha': 3.4687272399630027}. Best is trial 36 with value: 0.8375792118323041.
/home/overxpowered/padhai_in_linux/Projects/AGNITIA-TERRA06/.venv/lib/python3.12/site-packages/lightgbm/sklearn.py:1106: LGBMDeprecationWarning: The argument 'eval_set' is deprecated, use 'eval_X' and 'eval_y' instead.
  eval_set = _validate_eval_set_Xy(eval_set=eval_set, eval_X=eval_X, eval_y=eval_y)
/home/overxpowered/padhai_in_linux/Projects/AGNITIA-TERRA06/.venv/lib/python3.12/site-packages/lightgbm/sklearn.py:1106: LGBMDeprecationWarning: The argument 'eval_set' is deprecated, use 'eval_X' and 'eval_y' instead.
  eval_set = _validate_eval_set_Xy(eval_set=eval_set, eval_X=eval_X, eval_y=eval_y)
/home/overxpowered/padhai_in_linux/Projects/AGNITIA-TERRA06/.venv/lib/python3.12/site-packages/lightgbm/sklearn.py:1106: LGBMDeprecationWarning: The argument 'eval_set' is deprecated, use 'eval_X' and 'eval_y' instead.
  eval_set = _validate_eval_set_Xy(eval_set=eval_set, eval_X=eval_X, eval_y=eval_y)
/home/overxpowered/padhai_in_linux/Projects/AGNITIA-TERRA06/.venv/lib/python3.12/site-packages/lightgbm/sklearn.py:1106: LGBMDeprecationWarning: The argument 'eval_set' is deprecated, use 'eval_X' and 'eval_y' instead.
  eval_set = _validate_eval_set_Xy(eval_set=eval_set, eval_X=eval_X, eval_y=eval_y)
/home/overxpowered/padhai_in_linux/Projects/AGNITIA-TERRA06/.venv/lib/python3.12/site-packages/lightgbm/sklearn.py:1106: LGBMDeprecationWarning: The argument 'eval_set' is deprecated, use 'eval_X' and 'eval_y' instead.
  eval_set = _validate_eval_set_Xy(eval_set=eval_set, eval_X=eval_X, eval_y=eval_y)
2026-10-09 07:16:54,971 INFO __main__: [wind Trial 38] pinball=0.86114 params={'num_leaves': 33, 'min_child_samples': 123, 'learning_rate': 0.0206, 'subsample': 0.7359, 'colsample_bytree': 0.8714, 'reg_lambda': 0.4463, 'reg_alpha': 4.5311}
[I 2026-10-09 07:16:54,971] Trial 38 finished with value: 0.8611423159112901 and parameters: {'num_leaves': 33, 'min_child_samples': 123, 'learning_rate': 0.020635336218189453, 'subsample': 0.7358878905179042, 'colsample_bytree': 0.8713832896072651, 'reg_lambda': 0.4463106191560745, 'reg_alpha': 4.531093640023856}. Best is trial 36 with value: 0.8375792118323041.
/home/overxpowered/padhai_in_linux/Projects/AGNITIA-TERRA06/.venv/lib/python3.12/site-packages/lightgbm/sklearn.py:1106: LGBMDeprecationWarning: The argument 'eval_set' is deprecated, use 'eval_X' and 'eval_y' instead.
  eval_set = _validate_eval_set_Xy(eval_set=eval_set, eval_X=eval_X, eval_y=eval_y)
/home/overxpowered/padhai_in_linux/Projects/AGNITIA-TERRA06/.venv/lib/python3.12/site-packages/lightgbm/sklearn.py:1106: LGBMDeprecationWarning: The argument 'eval_set' is deprecated, use 'eval_X' and 'eval_y' instead.
  eval_set = _validate_eval_set_Xy(eval_set=eval_set, eval_X=eval_X, eval_y=eval_y)
/home/overxpowered/padhai_in_linux/Projects/AGNITIA-TERRA06/.venv/lib/python3.12/site-packages/lightgbm/sklearn.py:1106: LGBMDeprecationWarning: The argument 'eval_set' is deprecated, use 'eval_X' and 'eval_y' instead.
  eval_set = _validate_eval_set_Xy(eval_set=eval_set, eval_X=eval_X, eval_y=eval_y)
/home/overxpowered/padhai_in_linux/Projects/AGNITIA-TERRA06/.venv/lib/python3.12/site-packages/lightgbm/sklearn.py:1106: LGBMDeprecationWarning: The argument 'eval_set' is deprecated, use 'eval_X' and 'eval_y' instead.
  eval_set = _validate_eval_set_Xy(eval_set=eval_set, eval_X=eval_X, eval_y=eval_y)
/home/overxpowered/padhai_in_linux/Projects/AGNITIA-TERRA06/.venv/lib/python3.12/site-packages/lightgbm/sklearn.py:1106: LGBMDeprecationWarning: The argument 'eval_set' is deprecated, use 'eval_X' and 'eval_y' instead.
  eval_set = _validate_eval_set_Xy(eval_set=eval_set, eval_X=eval_X, eval_y=eval_y)
2026-10-09 07:17:19,141 INFO __main__: [wind Trial 39] pinball=0.85912 params={'num_leaves': 28, 'min_child_samples': 151, 'learning_rate': 0.0113, 'subsample': 0.7125, 'colsample_bytree': 0.9252, 'reg_lambda': 1.6984, 'reg_alpha': 3.4325}
[I 2026-10-09 07:17:19,141] Trial 39 finished with value: 0.859121300120645 and parameters: {'num_leaves': 28, 'min_child_samples': 151, 'learning_rate': 0.011301421683762292, 'subsample': 0.7125454878983729, 'colsample_bytree': 0.9251979278502062, 'reg_lambda': 1.6984498181632013, 'reg_alpha': 3.4324746116817293}. Best is trial 36 with value: 0.8375792118323041.
/home/overxpowered/padhai_in_linux/Projects/AGNITIA-TERRA06/.venv/lib/python3.12/site-packages/lightgbm/sklearn.py:1106: LGBMDeprecationWarning: The argument 'eval_set' is deprecated, use 'eval_X' and 'eval_y' instead.
  eval_set = _validate_eval_set_Xy(eval_set=eval_set, eval_X=eval_X, eval_y=eval_y)
/home/overxpowered/padhai_in_linux/Projects/AGNITIA-TERRA06/.venv/lib/python3.12/site-packages/lightgbm/sklearn.py:1106: LGBMDeprecationWarning: The argument 'eval_set' is deprecated, use 'eval_X' and 'eval_y' instead.
  eval_set = _validate_eval_set_Xy(eval_set=eval_set, eval_X=eval_X, eval_y=eval_y)
/home/overxpowered/padhai_in_linux/Projects/AGNITIA-TERRA06/.venv/lib/python3.12/site-packages/lightgbm/sklearn.py:1106: LGBMDeprecationWarning: The argument 'eval_set' is deprecated, use 'eval_X' and 'eval_y' instead.
  eval_set = _validate_eval_set_Xy(eval_set=eval_set, eval_X=eval_X, eval_y=eval_y)
/home/overxpowered/padhai_in_linux/Projects/AGNITIA-TERRA06/.venv/lib/python3.12/site-packages/lightgbm/sklearn.py:1106: LGBMDeprecationWarning: The argument 'eval_set' is deprecated, use 'eval_X' and 'eval_y' instead.
  eval_set = _validate_eval_set_Xy(eval_set=eval_set, eval_X=eval_X, eval_y=eval_y)
/home/overxpowered/padhai_in_linux/Projects/AGNITIA-TERRA06/.venv/lib/python3.12/site-packages/lightgbm/sklearn.py:1106: LGBMDeprecationWarning: The argument 'eval_set' is deprecated, use 'eval_X' and 'eval_y' instead.
  eval_set = _validate_eval_set_Xy(eval_set=eval_set, eval_X=eval_X, eval_y=eval_y)
2026-10-09 07:17:36,906 INFO __main__: [wind Trial 40] pinball=0.85694 params={'num_leaves': 27, 'min_child_samples': 155, 'learning_rate': 0.017, 'subsample': 0.689, 'colsample_bytree': 0.9979, 'reg_lambda': 2.1017, 'reg_alpha': 3.9885}
[I 2026-10-09 07:17:36,906] Trial 40 finished with value: 0.8569423586781151 and parameters: {'num_leaves': 27, 'min_child_samples': 155, 'learning_rate': 0.01697859345762033, 'subsample': 0.6889879497525704, 'colsample_bytree': 0.9978832317000164, 'reg_lambda': 2.101732063283136, 'reg_alpha': 3.9884860371912723}. Best is trial 36 with value: 0.8375792118323041.
/home/overxpowered/padhai_in_linux/Projects/AGNITIA-TERRA06/.venv/lib/python3.12/site-packages/lightgbm/sklearn.py:1106: LGBMDeprecationWarning: The argument 'eval_set' is deprecated, use 'eval_X' and 'eval_y' instead.
  eval_set = _validate_eval_set_Xy(eval_set=eval_set, eval_X=eval_X, eval_y=eval_y)
/home/overxpowered/padhai_in_linux/Projects/AGNITIA-TERRA06/.venv/lib/python3.12/site-packages/lightgbm/sklearn.py:1106: LGBMDeprecationWarning: The argument 'eval_set' is deprecated, use 'eval_X' and 'eval_y' instead.
  eval_set = _validate_eval_set_Xy(eval_set=eval_set, eval_X=eval_X, eval_y=eval_y)
/home/overxpowered/padhai_in_linux/Projects/AGNITIA-TERRA06/.venv/lib/python3.12/site-packages/lightgbm/sklearn.py:1106: LGBMDeprecationWarning: The argument 'eval_set' is deprecated, use 'eval_X' and 'eval_y' instead.
  eval_set = _validate_eval_set_Xy(eval_set=eval_set, eval_X=eval_X, eval_y=eval_y)
/home/overxpowered/padhai_in_linux/Projects/AGNITIA-TERRA06/.venv/lib/python3.12/site-packages/lightgbm/sklearn.py:1106: LGBMDeprecationWarning: The argument 'eval_set' is deprecated, use 'eval_X' and 'eval_y' instead.
  eval_set = _validate_eval_set_Xy(eval_set=eval_set, eval_X=eval_X, eval_y=eval_y)
/home/overxpowered/padhai_in_linux/Projects/AGNITIA-TERRA06/.venv/lib/python3.12/site-packages/lightgbm/sklearn.py:1106: LGBMDeprecationWarning: The argument 'eval_set' is deprecated, use 'eval_X' and 'eval_y' instead.
  eval_set = _validate_eval_set_Xy(eval_set=eval_set, eval_X=eval_X, eval_y=eval_y)
2026-10-09 07:17:59,404 INFO __main__: [wind Trial 41] pinball=0.84189 params={'num_leaves': 17, 'min_child_samples': 144, 'learning_rate': 0.0125, 'subsample': 0.734, 'colsample_bytree': 0.8198, 'reg_lambda': 2.7886, 'reg_alpha': 3.2675}
[I 2026-10-09 07:17:59,405] Trial 41 finished with value: 0.8418903182646851 and parameters: {'num_leaves': 17, 'min_child_samples': 144, 'learning_rate': 0.012535529171374625, 'subsample': 0.7340129342943751, 'colsample_bytree': 0.8198428937094419, 'reg_lambda': 2.7885815476310096, 'reg_alpha': 3.2674678442026233}. Best is trial 36 with value: 0.8375792118323041.
/home/overxpowered/padhai_in_linux/Projects/AGNITIA-TERRA06/.venv/lib/python3.12/site-packages/lightgbm/sklearn.py:1106: LGBMDeprecationWarning: The argument 'eval_set' is deprecated, use 'eval_X' and 'eval_y' instead.
  eval_set = _validate_eval_set_Xy(eval_set=eval_set, eval_X=eval_X, eval_y=eval_y)
/home/overxpowered/padhai_in_linux/Projects/AGNITIA-TERRA06/.venv/lib/python3.12/site-packages/lightgbm/sklearn.py:1106: LGBMDeprecationWarning: The argument 'eval_set' is deprecated, use 'eval_X' and 'eval_y' instead.
  eval_set = _validate_eval_set_Xy(eval_set=eval_set, eval_X=eval_X, eval_y=eval_y)
/home/overxpowered/padhai_in_linux/Projects/AGNITIA-TERRA06/.venv/lib/python3.12/site-packages/lightgbm/sklearn.py:1106: LGBMDeprecationWarning: The argument 'eval_set' is deprecated, use 'eval_X' and 'eval_y' instead.
  eval_set = _validate_eval_set_Xy(eval_set=eval_set, eval_X=eval_X, eval_y=eval_y)
/home/overxpowered/padhai_in_linux/Projects/AGNITIA-TERRA06/.venv/lib/python3.12/site-packages/lightgbm/sklearn.py:1106: LGBMDeprecationWarning: The argument 'eval_set' is deprecated, use 'eval_X' and 'eval_y' instead.
  eval_set = _validate_eval_set_Xy(eval_set=eval_set, eval_X=eval_X, eval_y=eval_y)
/home/overxpowered/padhai_in_linux/Projects/AGNITIA-TERRA06/.venv/lib/python3.12/site-packages/lightgbm/sklearn.py:1106: LGBMDeprecationWarning: The argument 'eval_set' is deprecated, use 'eval_X' and 'eval_y' instead.
  eval_set = _validate_eval_set_Xy(eval_set=eval_set, eval_X=eval_X, eval_y=eval_y)
2026-10-09 07:18:20,650 INFO __main__: [wind Trial 42] pinball=0.84123 params={'num_leaves': 17, 'min_child_samples': 144, 'learning_rate': 0.0158, 'subsample': 0.7586, 'colsample_bytree': 0.8881, 'reg_lambda': 1.4299, 'reg_alpha': 3.7726}
[I 2026-10-09 07:18:20,650] Trial 42 finished with value: 0.8412284042563538 and parameters: {'num_leaves': 17, 'min_child_samples': 144, 'learning_rate': 0.015828093172568433, 'subsample': 0.7586243722386269, 'colsample_bytree': 0.8881133237374002, 'reg_lambda': 1.429880953244684, 'reg_alpha': 3.7726211751323904}. Best is trial 36 with value: 0.8375792118323041.
/home/overxpowered/padhai_in_linux/Projects/AGNITIA-TERRA06/.venv/lib/python3.12/site-packages/lightgbm/sklearn.py:1106: LGBMDeprecationWarning: The argument 'eval_set' is deprecated, use 'eval_X' and 'eval_y' instead.
  eval_set = _validate_eval_set_Xy(eval_set=eval_set, eval_X=eval_X, eval_y=eval_y)
/home/overxpowered/padhai_in_linux/Projects/AGNITIA-TERRA06/.venv/lib/python3.12/site-packages/lightgbm/sklearn.py:1106: LGBMDeprecationWarning: The argument 'eval_set' is deprecated, use 'eval_X' and 'eval_y' instead.
  eval_set = _validate_eval_set_Xy(eval_set=eval_set, eval_X=eval_X, eval_y=eval_y)
/home/overxpowered/padhai_in_linux/Projects/AGNITIA-TERRA06/.venv/lib/python3.12/site-packages/lightgbm/sklearn.py:1106: LGBMDeprecationWarning: The argument 'eval_set' is deprecated, use 'eval_X' and 'eval_y' instead.
  eval_set = _validate_eval_set_Xy(eval_set=eval_set, eval_X=eval_X, eval_y=eval_y)
/home/overxpowered/padhai_in_linux/Projects/AGNITIA-TERRA06/.venv/lib/python3.12/site-packages/lightgbm/sklearn.py:1106: LGBMDeprecationWarning: The argument 'eval_set' is deprecated, use 'eval_X' and 'eval_y' instead.
  eval_set = _validate_eval_set_Xy(eval_set=eval_set, eval_X=eval_X, eval_y=eval_y)
/home/overxpowered/padhai_in_linux/Projects/AGNITIA-TERRA06/.venv/lib/python3.12/site-packages/lightgbm/sklearn.py:1106: LGBMDeprecationWarning: The argument 'eval_set' is deprecated, use 'eval_X' and 'eval_y' instead.
  eval_set = _validate_eval_set_Xy(eval_set=eval_set, eval_X=eval_X, eval_y=eval_y)
2026-10-09 07:18:35,943 INFO __main__: [wind Trial 43] pinball=0.86086 params={'num_leaves': 27, 'min_child_samples': 112, 'learning_rate': 0.0204, 'subsample': 0.6674, 'colsample_bytree': 0.9644, 'reg_lambda': 0.1197, 'reg_alpha': 4.6759}
[I 2026-10-09 07:18:35,944] Trial 43 finished with value: 0.8608647420114943 and parameters: {'num_leaves': 27, 'min_child_samples': 112, 'learning_rate': 0.02036087430849684, 'subsample': 0.6673906792225013, 'colsample_bytree': 0.9643726991154731, 'reg_lambda': 0.11965121877854168, 'reg_alpha': 4.675893475093405}. Best is trial 36 with value: 0.8375792118323041.
/home/overxpowered/padhai_in_linux/Projects/AGNITIA-TERRA06/.venv/lib/python3.12/site-packages/lightgbm/sklearn.py:1106: LGBMDeprecationWarning: The argument 'eval_set' is deprecated, use 'eval_X' and 'eval_y' instead.
  eval_set = _validate_eval_set_Xy(eval_set=eval_set, eval_X=eval_X, eval_y=eval_y)
/home/overxpowered/padhai_in_linux/Projects/AGNITIA-TERRA06/.venv/lib/python3.12/site-packages/lightgbm/sklearn.py:1106: LGBMDeprecationWarning: The argument 'eval_set' is deprecated, use 'eval_X' and 'eval_y' instead.
  eval_set = _validate_eval_set_Xy(eval_set=eval_set, eval_X=eval_X, eval_y=eval_y)
/home/overxpowered/padhai_in_linux/Projects/AGNITIA-TERRA06/.venv/lib/python3.12/site-packages/lightgbm/sklearn.py:1106: LGBMDeprecationWarning: The argument 'eval_set' is deprecated, use 'eval_X' and 'eval_y' instead.
  eval_set = _validate_eval_set_Xy(eval_set=eval_set, eval_X=eval_X, eval_y=eval_y)
/home/overxpowered/padhai_in_linux/Projects/AGNITIA-TERRA06/.venv/lib/python3.12/site-packages/lightgbm/sklearn.py:1106: LGBMDeprecationWarning: The argument 'eval_set' is deprecated, use 'eval_X' and 'eval_y' instead.
  eval_set = _validate_eval_set_Xy(eval_set=eval_set, eval_X=eval_X, eval_y=eval_y)
/home/overxpowered/padhai_in_linux/Projects/AGNITIA-TERRA06/.venv/lib/python3.12/site-packages/lightgbm/sklearn.py:1106: LGBMDeprecationWarning: The argument 'eval_set' is deprecated, use 'eval_X' and 'eval_y' instead.
  eval_set = _validate_eval_set_Xy(eval_set=eval_set, eval_X=eval_X, eval_y=eval_y)
2026-10-09 07:18:54,795 INFO __main__: [wind Trial 44] pinball=0.85386 params={'num_leaves': 24, 'min_child_samples': 150, 'learning_rate': 0.0144, 'subsample': 0.7116, 'colsample_bytree': 0.9553, 'reg_lambda': 0.9623, 'reg_alpha': 4.6133}
[I 2026-10-09 07:18:54,796] Trial 44 finished with value: 0.8538627984528201 and parameters: {'num_leaves': 24, 'min_child_samples': 150, 'learning_rate': 0.01438346701234315, 'subsample': 0.7116163670751279, 'colsample_bytree': 0.9552840770703968, 'reg_lambda': 0.9622802320707697, 'reg_alpha': 4.61332818783051}. Best is trial 36 with value: 0.8375792118323041.
/home/overxpowered/padhai_in_linux/Projects/AGNITIA-TERRA06/.venv/lib/python3.12/site-packages/lightgbm/sklearn.py:1106: LGBMDeprecationWarning: The argument 'eval_set' is deprecated, use 'eval_X' and 'eval_y' instead.
  eval_set = _validate_eval_set_Xy(eval_set=eval_set, eval_X=eval_X, eval_y=eval_y)
/home/overxpowered/padhai_in_linux/Projects/AGNITIA-TERRA06/.venv/lib/python3.12/site-packages/lightgbm/sklearn.py:1106: LGBMDeprecationWarning: The argument 'eval_set' is deprecated, use 'eval_X' and 'eval_y' instead.
  eval_set = _validate_eval_set_Xy(eval_set=eval_set, eval_X=eval_X, eval_y=eval_y)
/home/overxpowered/padhai_in_linux/Projects/AGNITIA-TERRA06/.venv/lib/python3.12/site-packages/lightgbm/sklearn.py:1106: LGBMDeprecationWarning: The argument 'eval_set' is deprecated, use 'eval_X' and 'eval_y' instead.
  eval_set = _validate_eval_set_Xy(eval_set=eval_set, eval_X=eval_X, eval_y=eval_y)
/home/overxpowered/padhai_in_linux/Projects/AGNITIA-TERRA06/.venv/lib/python3.12/site-packages/lightgbm/sklearn.py:1106: LGBMDeprecationWarning: The argument 'eval_set' is deprecated, use 'eval_X' and 'eval_y' instead.
  eval_set = _validate_eval_set_Xy(eval_set=eval_set, eval_X=eval_X, eval_y=eval_y)
/home/overxpowered/padhai_in_linux/Projects/AGNITIA-TERRA06/.venv/lib/python3.12/site-packages/lightgbm/sklearn.py:1106: LGBMDeprecationWarning: The argument 'eval_set' is deprecated, use 'eval_X' and 'eval_y' instead.
  eval_set = _validate_eval_set_Xy(eval_set=eval_set, eval_X=eval_X, eval_y=eval_y)
2026-10-09 07:19:27,328 INFO __main__: [wind Trial 45] pinball=0.84684 params={'num_leaves': 19, 'min_child_samples': 133, 'learning_rate': 0.0109, 'subsample': 0.7419, 'colsample_bytree': 0.9423, 'reg_lambda': 1.1805, 'reg_alpha': 4.8852}
[I 2026-10-09 07:19:27,329] Trial 45 finished with value: 0.8468391165783686 and parameters: {'num_leaves': 19, 'min_child_samples': 133, 'learning_rate': 0.01087801276552638, 'subsample': 0.741948923223252, 'colsample_bytree': 0.9423141553559823, 'reg_lambda': 1.1804823918429959, 'reg_alpha': 4.8852192975704245}. Best is trial 36 with value: 0.8375792118323041.
/home/overxpowered/padhai_in_linux/Projects/AGNITIA-TERRA06/.venv/lib/python3.12/site-packages/lightgbm/sklearn.py:1106: LGBMDeprecationWarning: The argument 'eval_set' is deprecated, use 'eval_X' and 'eval_y' instead.
  eval_set = _validate_eval_set_Xy(eval_set=eval_set, eval_X=eval_X, eval_y=eval_y)
/home/overxpowered/padhai_in_linux/Projects/AGNITIA-TERRA06/.venv/lib/python3.12/site-packages/lightgbm/sklearn.py:1106: LGBMDeprecationWarning: The argument 'eval_set' is deprecated, use 'eval_X' and 'eval_y' instead.
  eval_set = _validate_eval_set_Xy(eval_set=eval_set, eval_X=eval_X, eval_y=eval_y)
/home/overxpowered/padhai_in_linux/Projects/AGNITIA-TERRA06/.venv/lib/python3.12/site-packages/lightgbm/sklearn.py:1106: LGBMDeprecationWarning: The argument 'eval_set' is deprecated, use 'eval_X' and 'eval_y' instead.
  eval_set = _validate_eval_set_Xy(eval_set=eval_set, eval_X=eval_X, eval_y=eval_y)
/home/overxpowered/padhai_in_linux/Projects/AGNITIA-TERRA06/.venv/lib/python3.12/site-packages/lightgbm/sklearn.py:1106: LGBMDeprecationWarning: The argument 'eval_set' is deprecated, use 'eval_X' and 'eval_y' instead.
  eval_set = _validate_eval_set_Xy(eval_set=eval_set, eval_X=eval_X, eval_y=eval_y)
/home/overxpowered/padhai_in_linux/Projects/AGNITIA-TERRA06/.venv/lib/python3.12/site-packages/lightgbm/sklearn.py:1106: LGBMDeprecationWarning: The argument 'eval_set' is deprecated, use 'eval_X' and 'eval_y' instead.
  eval_set = _validate_eval_set_Xy(eval_set=eval_set, eval_X=eval_X, eval_y=eval_y)
2026-10-09 07:19:44,695 INFO __main__: [wind Trial 46] pinball=0.84127 params={'num_leaves': 15, 'min_child_samples': 159, 'learning_rate': 0.0235, 'subsample': 0.7125, 'colsample_bytree': 0.9822, 'reg_lambda': 1.3677, 'reg_alpha': 4.8028}
[I 2026-10-09 07:19:44,696] Trial 46 finished with value: 0.8412708986552453 and parameters: {'num_leaves': 15, 'min_child_samples': 159, 'learning_rate': 0.02346683661285998, 'subsample': 0.7124558091485558, 'colsample_bytree': 0.9822034585953437, 'reg_lambda': 1.3677345188081238, 'reg_alpha': 4.802770079854986}. Best is trial 36 with value: 0.8375792118323041.
/home/overxpowered/padhai_in_linux/Projects/AGNITIA-TERRA06/.venv/lib/python3.12/site-packages/lightgbm/sklearn.py:1106: LGBMDeprecationWarning: The argument 'eval_set' is deprecated, use 'eval_X' and 'eval_y' instead.
  eval_set = _validate_eval_set_Xy(eval_set=eval_set, eval_X=eval_X, eval_y=eval_y)
/home/overxpowered/padhai_in_linux/Projects/AGNITIA-TERRA06/.venv/lib/python3.12/site-packages/lightgbm/sklearn.py:1106: LGBMDeprecationWarning: The argument 'eval_set' is deprecated, use 'eval_X' and 'eval_y' instead.
  eval_set = _validate_eval_set_Xy(eval_set=eval_set, eval_X=eval_X, eval_y=eval_y)
/home/overxpowered/padhai_in_linux/Projects/AGNITIA-TERRA06/.venv/lib/python3.12/site-packages/lightgbm/sklearn.py:1106: LGBMDeprecationWarning: The argument 'eval_set' is deprecated, use 'eval_X' and 'eval_y' instead.
  eval_set = _validate_eval_set_Xy(eval_set=eval_set, eval_X=eval_X, eval_y=eval_y)
/home/overxpowered/padhai_in_linux/Projects/AGNITIA-TERRA06/.venv/lib/python3.12/site-packages/lightgbm/sklearn.py:1106: LGBMDeprecationWarning: The argument 'eval_set' is deprecated, use 'eval_X' and 'eval_y' instead.
  eval_set = _validate_eval_set_Xy(eval_set=eval_set, eval_X=eval_X, eval_y=eval_y)
/home/overxpowered/padhai_in_linux/Projects/AGNITIA-TERRA06/.venv/lib/python3.12/site-packages/lightgbm/sklearn.py:1106: LGBMDeprecationWarning: The argument 'eval_set' is deprecated, use 'eval_X' and 'eval_y' instead.
  eval_set = _validate_eval_set_Xy(eval_set=eval_set, eval_X=eval_X, eval_y=eval_y)
2026-10-09 07:20:04,064 INFO __main__: [wind Trial 47] pinball=0.84256 params={'num_leaves': 18, 'min_child_samples': 135, 'learning_rate': 0.0172, 'subsample': 0.7452, 'colsample_bytree': 0.8982, 'reg_lambda': 2.8301, 'reg_alpha': 3.8484}
[I 2026-10-09 07:20:04,065] Trial 47 finished with value: 0.8425641476427079 and parameters: {'num_leaves': 18, 'min_child_samples': 135, 'learning_rate': 0.017169148948607015, 'subsample': 0.7451914458114538, 'colsample_bytree': 0.8981895064974288, 'reg_lambda': 2.8300849454146104, 'reg_alpha': 3.848417088041693}. Best is trial 36 with value: 0.8375792118323041.
/home/overxpowered/padhai_in_linux/Projects/AGNITIA-TERRA06/.venv/lib/python3.12/site-packages/lightgbm/sklearn.py:1106: LGBMDeprecationWarning: The argument 'eval_set' is deprecated, use 'eval_X' and 'eval_y' instead.
  eval_set = _validate_eval_set_Xy(eval_set=eval_set, eval_X=eval_X, eval_y=eval_y)
/home/overxpowered/padhai_in_linux/Projects/AGNITIA-TERRA06/.venv/lib/python3.12/site-packages/lightgbm/sklearn.py:1106: LGBMDeprecationWarning: The argument 'eval_set' is deprecated, use 'eval_X' and 'eval_y' instead.
  eval_set = _validate_eval_set_Xy(eval_set=eval_set, eval_X=eval_X, eval_y=eval_y)
/home/overxpowered/padhai_in_linux/Projects/AGNITIA-TERRA06/.venv/lib/python3.12/site-packages/lightgbm/sklearn.py:1106: LGBMDeprecationWarning: The argument 'eval_set' is deprecated, use 'eval_X' and 'eval_y' instead.
  eval_set = _validate_eval_set_Xy(eval_set=eval_set, eval_X=eval_X, eval_y=eval_y)
/home/overxpowered/padhai_in_linux/Projects/AGNITIA-TERRA06/.venv/lib/python3.12/site-packages/lightgbm/sklearn.py:1106: LGBMDeprecationWarning: The argument 'eval_set' is deprecated, use 'eval_X' and 'eval_y' instead.
  eval_set = _validate_eval_set_Xy(eval_set=eval_set, eval_X=eval_X, eval_y=eval_y)
/home/overxpowered/padhai_in_linux/Projects/AGNITIA-TERRA06/.venv/lib/python3.12/site-packages/lightgbm/sklearn.py:1106: LGBMDeprecationWarning: The argument 'eval_set' is deprecated, use 'eval_X' and 'eval_y' instead.
  eval_set = _validate_eval_set_Xy(eval_set=eval_set, eval_X=eval_X, eval_y=eval_y)
2026-10-09 07:20:21,324 INFO __main__: [wind Trial 48] pinball=0.85859 params={'num_leaves': 23, 'min_child_samples': 100, 'learning_rate': 0.0231, 'subsample': 0.7528, 'colsample_bytree': 0.9864, 'reg_lambda': 1.1871, 'reg_alpha': 3.9748}
[I 2026-10-09 07:20:21,324] Trial 48 finished with value: 0.8585920065539577 and parameters: {'num_leaves': 23, 'min_child_samples': 100, 'learning_rate': 0.02312734791542643, 'subsample': 0.7527744895761069, 'colsample_bytree': 0.9863738890704374, 'reg_lambda': 1.1870699508564884, 'reg_alpha': 3.974750469328002}. Best is trial 36 with value: 0.8375792118323041.
/home/overxpowered/padhai_in_linux/Projects/AGNITIA-TERRA06/.venv/lib/python3.12/site-packages/lightgbm/sklearn.py:1106: LGBMDeprecationWarning: The argument 'eval_set' is deprecated, use 'eval_X' and 'eval_y' instead.
  eval_set = _validate_eval_set_Xy(eval_set=eval_set, eval_X=eval_X, eval_y=eval_y)
/home/overxpowered/padhai_in_linux/Projects/AGNITIA-TERRA06/.venv/lib/python3.12/site-packages/lightgbm/sklearn.py:1106: LGBMDeprecationWarning: The argument 'eval_set' is deprecated, use 'eval_X' and 'eval_y' instead.
  eval_set = _validate_eval_set_Xy(eval_set=eval_set, eval_X=eval_X, eval_y=eval_y)
/home/overxpowered/padhai_in_linux/Projects/AGNITIA-TERRA06/.venv/lib/python3.12/site-packages/lightgbm/sklearn.py:1106: LGBMDeprecationWarning: The argument 'eval_set' is deprecated, use 'eval_X' and 'eval_y' instead.
  eval_set = _validate_eval_set_Xy(eval_set=eval_set, eval_X=eval_X, eval_y=eval_y)
/home/overxpowered/padhai_in_linux/Projects/AGNITIA-TERRA06/.venv/lib/python3.12/site-packages/lightgbm/sklearn.py:1106: LGBMDeprecationWarning: The argument 'eval_set' is deprecated, use 'eval_X' and 'eval_y' instead.
  eval_set = _validate_eval_set_Xy(eval_set=eval_set, eval_X=eval_X, eval_y=eval_y)
/home/overxpowered/padhai_in_linux/Projects/AGNITIA-TERRA06/.venv/lib/python3.12/site-packages/lightgbm/sklearn.py:1106: LGBMDeprecationWarning: The argument 'eval_set' is deprecated, use 'eval_X' and 'eval_y' instead.
  eval_set = _validate_eval_set_Xy(eval_set=eval_set, eval_X=eval_X, eval_y=eval_y)
2026-10-09 07:20:37,358 INFO __main__: [wind Trial 49] pinball=0.84214 params={'num_leaves': 17, 'min_child_samples': 126, 'learning_rate': 0.0237, 'subsample': 0.774, 'colsample_bytree': 0.9553, 'reg_lambda': 1.1901, 'reg_alpha': 4.9503}
[I 2026-10-09 07:20:37,358] Trial 49 finished with value: 0.8421402879616535 and parameters: {'num_leaves': 17, 'min_child_samples': 126, 'learning_rate': 0.023738049193952074, 'subsample': 0.7740275691457658, 'colsample_bytree': 0.9553100294597124, 'reg_lambda': 1.1901408261355184, 'reg_alpha': 4.950336209169755}. Best is trial 36 with value: 0.8375792118323041.
/home/overxpowered/padhai_in_linux/Projects/AGNITIA-TERRA06/.venv/lib/python3.12/site-packages/lightgbm/sklearn.py:1106: LGBMDeprecationWarning: The argument 'eval_set' is deprecated, use 'eval_X' and 'eval_y' instead.
  eval_set = _validate_eval_set_Xy(eval_set=eval_set, eval_X=eval_X, eval_y=eval_y)
/home/overxpowered/padhai_in_linux/Projects/AGNITIA-TERRA06/.venv/lib/python3.12/site-packages/lightgbm/sklearn.py:1106: LGBMDeprecationWarning: The argument 'eval_set' is deprecated, use 'eval_X' and 'eval_y' instead.
  eval_set = _validate_eval_set_Xy(eval_set=eval_set, eval_X=eval_X, eval_y=eval_y)
/home/overxpowered/padhai_in_linux/Projects/AGNITIA-TERRA06/.venv/lib/python3.12/site-packages/lightgbm/sklearn.py:1106: LGBMDeprecationWarning: The argument 'eval_set' is deprecated, use 'eval_X' and 'eval_y' instead.
  eval_set = _validate_eval_set_Xy(eval_set=eval_set, eval_X=eval_X, eval_y=eval_y)
/home/overxpowered/padhai_in_linux/Projects/AGNITIA-TERRA06/.venv/lib/python3.12/site-packages/lightgbm/sklearn.py:1106: LGBMDeprecationWarning: The argument 'eval_set' is deprecated, use 'eval_X' and 'eval_y' instead.
  eval_set = _validate_eval_set_Xy(eval_set=eval_set, eval_X=eval_X, eval_y=eval_y)
/home/overxpowered/padhai_in_linux/Projects/AGNITIA-TERRA06/.venv/lib/python3.12/site-packages/lightgbm/sklearn.py:1106: LGBMDeprecationWarning: The argument 'eval_set' is deprecated, use 'eval_X' and 'eval_y' instead.
  eval_set = _validate_eval_set_Xy(eval_set=eval_set, eval_X=eval_X, eval_y=eval_y)
2026-10-09 07:20:55,395 INFO __main__: [wind Trial 50] pinball=0.83932 params={'num_leaves': 15, 'min_child_samples': 145, 'learning_rate': 0.0193, 'subsample': 0.6635, 'colsample_bytree': 0.9082, 'reg_lambda': 1.6629, 'reg_alpha': 3.4788}
[I 2026-10-09 07:20:55,395] Trial 50 finished with value: 0.8393219273656186 and parameters: {'num_leaves': 15, 'min_child_samples': 145, 'learning_rate': 0.01929496116646482, 'subsample': 0.6635131290269333, 'colsample_bytree': 0.9081924342439183, 'reg_lambda': 1.662931879103151, 'reg_alpha': 3.4788346977793254}. Best is trial 36 with value: 0.8375792118323041.
/home/overxpowered/padhai_in_linux/Projects/AGNITIA-TERRA06/.venv/lib/python3.12/site-packages/lightgbm/sklearn.py:1106: LGBMDeprecationWarning: The argument 'eval_set' is deprecated, use 'eval_X' and 'eval_y' instead.
  eval_set = _validate_eval_set_Xy(eval_set=eval_set, eval_X=eval_X, eval_y=eval_y)
/home/overxpowered/padhai_in_linux/Projects/AGNITIA-TERRA06/.venv/lib/python3.12/site-packages/lightgbm/sklearn.py:1106: LGBMDeprecationWarning: The argument 'eval_set' is deprecated, use 'eval_X' and 'eval_y' instead.
  eval_set = _validate_eval_set_Xy(eval_set=eval_set, eval_X=eval_X, eval_y=eval_y)
/home/overxpowered/padhai_in_linux/Projects/AGNITIA-TERRA06/.venv/lib/python3.12/site-packages/lightgbm/sklearn.py:1106: LGBMDeprecationWarning: The argument 'eval_set' is deprecated, use 'eval_X' and 'eval_y' instead.
  eval_set = _validate_eval_set_Xy(eval_set=eval_set, eval_X=eval_X, eval_y=eval_y)
/home/overxpowered/padhai_in_linux/Projects/AGNITIA-TERRA06/.venv/lib/python3.12/site-packages/lightgbm/sklearn.py:1106: LGBMDeprecationWarning: The argument 'eval_set' is deprecated, use 'eval_X' and 'eval_y' instead.
  eval_set = _validate_eval_set_Xy(eval_set=eval_set, eval_X=eval_X, eval_y=eval_y)
/home/overxpowered/padhai_in_linux/Projects/AGNITIA-TERRA06/.venv/lib/python3.12/site-packages/lightgbm/sklearn.py:1106: LGBMDeprecationWarning: The argument 'eval_set' is deprecated, use 'eval_X' and 'eval_y' instead.
  eval_set = _validate_eval_set_Xy(eval_set=eval_set, eval_X=eval_X, eval_y=eval_y)
2026-10-09 07:21:12,771 INFO __main__: [wind Trial 51] pinball=0.85373 params={'num_leaves': 24, 'min_child_samples': 136, 'learning_rate': 0.0142, 'subsample': 0.7162, 'colsample_bytree': 0.8958, 'reg_lambda': 0.4217, 'reg_alpha': 3.3952}
[I 2026-10-09 07:21:12,771] Trial 51 finished with value: 0.8537253229827486 and parameters: {'num_leaves': 24, 'min_child_samples': 136, 'learning_rate': 0.014219030160753153, 'subsample': 0.7161742754964275, 'colsample_bytree': 0.8957710882312465, 'reg_lambda': 0.42165688847623783, 'reg_alpha': 3.3952412418978297}. Best is trial 36 with value: 0.8375792118323041.
/home/overxpowered/padhai_in_linux/Projects/AGNITIA-TERRA06/.venv/lib/python3.12/site-packages/lightgbm/sklearn.py:1106: LGBMDeprecationWarning: The argument 'eval_set' is deprecated, use 'eval_X' and 'eval_y' instead.
  eval_set = _validate_eval_set_Xy(eval_set=eval_set, eval_X=eval_X, eval_y=eval_y)
/home/overxpowered/padhai_in_linux/Projects/AGNITIA-TERRA06/.venv/lib/python3.12/site-packages/lightgbm/sklearn.py:1106: LGBMDeprecationWarning: The argument 'eval_set' is deprecated, use 'eval_X' and 'eval_y' instead.
  eval_set = _validate_eval_set_Xy(eval_set=eval_set, eval_X=eval_X, eval_y=eval_y)
/home/overxpowered/padhai_in_linux/Projects/AGNITIA-TERRA06/.venv/lib/python3.12/site-packages/lightgbm/sklearn.py:1106: LGBMDeprecationWarning: The argument 'eval_set' is deprecated, use 'eval_X' and 'eval_y' instead.
  eval_set = _validate_eval_set_Xy(eval_set=eval_set, eval_X=eval_X, eval_y=eval_y)
/home/overxpowered/padhai_in_linux/Projects/AGNITIA-TERRA06/.venv/lib/python3.12/site-packages/lightgbm/sklearn.py:1106: LGBMDeprecationWarning: The argument 'eval_set' is deprecated, use 'eval_X' and 'eval_y' instead.
  eval_set = _validate_eval_set_Xy(eval_set=eval_set, eval_X=eval_X, eval_y=eval_y)
/home/overxpowered/padhai_in_linux/Projects/AGNITIA-TERRA06/.venv/lib/python3.12/site-packages/lightgbm/sklearn.py:1106: LGBMDeprecationWarning: The argument 'eval_set' is deprecated, use 'eval_X' and 'eval_y' instead.
  eval_set = _validate_eval_set_Xy(eval_set=eval_set, eval_X=eval_X, eval_y=eval_y)
2026-10-09 07:21:36,404 INFO __main__: [wind Trial 52] pinball=0.84458 params={'num_leaves': 16, 'min_child_samples': 146, 'learning_rate': 0.0118, 'subsample': 0.726, 'colsample_bytree': 0.9373, 'reg_lambda': 1.2741, 'reg_alpha': 4.1766}
[I 2026-10-09 07:21:36,404] Trial 52 finished with value: 0.8445821963665114 and parameters: {'num_leaves': 16, 'min_child_samples': 146, 'learning_rate': 0.01175878134638591, 'subsample': 0.7260250242211074, 'colsample_bytree': 0.9372793258069295, 'reg_lambda': 1.2741163255650947, 'reg_alpha': 4.176582933400612}. Best is trial 36 with value: 0.8375792118323041.
/home/overxpowered/padhai_in_linux/Projects/AGNITIA-TERRA06/.venv/lib/python3.12/site-packages/lightgbm/sklearn.py:1106: LGBMDeprecationWarning: The argument 'eval_set' is deprecated, use 'eval_X' and 'eval_y' instead.
  eval_set = _validate_eval_set_Xy(eval_set=eval_set, eval_X=eval_X, eval_y=eval_y)
/home/overxpowered/padhai_in_linux/Projects/AGNITIA-TERRA06/.venv/lib/python3.12/site-packages/lightgbm/sklearn.py:1106: LGBMDeprecationWarning: The argument 'eval_set' is deprecated, use 'eval_X' and 'eval_y' instead.
  eval_set = _validate_eval_set_Xy(eval_set=eval_set, eval_X=eval_X, eval_y=eval_y)
/home/overxpowered/padhai_in_linux/Projects/AGNITIA-TERRA06/.venv/lib/python3.12/site-packages/lightgbm/sklearn.py:1106: LGBMDeprecationWarning: The argument 'eval_set' is deprecated, use 'eval_X' and 'eval_y' instead.
  eval_set = _validate_eval_set_Xy(eval_set=eval_set, eval_X=eval_X, eval_y=eval_y)
/home/overxpowered/padhai_in_linux/Projects/AGNITIA-TERRA06/.venv/lib/python3.12/site-packages/lightgbm/sklearn.py:1106: LGBMDeprecationWarning: The argument 'eval_set' is deprecated, use 'eval_X' and 'eval_y' instead.
  eval_set = _validate_eval_set_Xy(eval_set=eval_set, eval_X=eval_X, eval_y=eval_y)
/home/overxpowered/padhai_in_linux/Projects/AGNITIA-TERRA06/.venv/lib/python3.12/site-packages/lightgbm/sklearn.py:1106: LGBMDeprecationWarning: The argument 'eval_set' is deprecated, use 'eval_X' and 'eval_y' instead.
  eval_set = _validate_eval_set_Xy(eval_set=eval_set, eval_X=eval_X, eval_y=eval_y)
2026-10-09 07:21:51,540 INFO __main__: [wind Trial 53] pinball=0.85637 params={'num_leaves': 27, 'min_child_samples': 147, 'learning_rate': 0.0186, 'subsample': 0.7282, 'colsample_bytree': 0.9719, 'reg_lambda': 0.3837, 'reg_alpha': 4.7777}
[I 2026-10-09 07:21:51,541] Trial 53 finished with value: 0.8563742428144752 and parameters: {'num_leaves': 27, 'min_child_samples': 147, 'learning_rate': 0.01858078969439467, 'subsample': 0.7281879409409464, 'colsample_bytree': 0.9718973653190947, 'reg_lambda': 0.3837055294298518, 'reg_alpha': 4.777690222485435}. Best is trial 36 with value: 0.8375792118323041.
/home/overxpowered/padhai_in_linux/Projects/AGNITIA-TERRA06/.venv/lib/python3.12/site-packages/lightgbm/sklearn.py:1106: LGBMDeprecationWarning: The argument 'eval_set' is deprecated, use 'eval_X' and 'eval_y' instead.
  eval_set = _validate_eval_set_Xy(eval_set=eval_set, eval_X=eval_X, eval_y=eval_y)
/home/overxpowered/padhai_in_linux/Projects/AGNITIA-TERRA06/.venv/lib/python3.12/site-packages/lightgbm/sklearn.py:1106: LGBMDeprecationWarning: The argument 'eval_set' is deprecated, use 'eval_X' and 'eval_y' instead.
  eval_set = _validate_eval_set_Xy(eval_set=eval_set, eval_X=eval_X, eval_y=eval_y)
/home/overxpowered/padhai_in_linux/Projects/AGNITIA-TERRA06/.venv/lib/python3.12/site-packages/lightgbm/sklearn.py:1106: LGBMDeprecationWarning: The argument 'eval_set' is deprecated, use 'eval_X' and 'eval_y' instead.
  eval_set = _validate_eval_set_Xy(eval_set=eval_set, eval_X=eval_X, eval_y=eval_y)
/home/overxpowered/padhai_in_linux/Projects/AGNITIA-TERRA06/.venv/lib/python3.12/site-packages/lightgbm/sklearn.py:1106: LGBMDeprecationWarning: The argument 'eval_set' is deprecated, use 'eval_X' and 'eval_y' instead.
  eval_set = _validate_eval_set_Xy(eval_set=eval_set, eval_X=eval_X, eval_y=eval_y)
/home/overxpowered/padhai_in_linux/Projects/AGNITIA-TERRA06/.venv/lib/python3.12/site-packages/lightgbm/sklearn.py:1106: LGBMDeprecationWarning: The argument 'eval_set' is deprecated, use 'eval_X' and 'eval_y' instead.
  eval_set = _validate_eval_set_Xy(eval_set=eval_set, eval_X=eval_X, eval_y=eval_y)
2026-10-09 07:22:10,932 INFO __main__: [wind Trial 54] pinball=0.85207 params={'num_leaves': 22, 'min_child_samples': 129, 'learning_rate': 0.0125, 'subsample': 0.7181, 'colsample_bytree': 0.8584, 'reg_lambda': 1.3277, 'reg_alpha': 3.9322}
[I 2026-10-09 07:22:10,932] Trial 54 finished with value: 0.8520735899316936 and parameters: {'num_leaves': 22, 'min_child_samples': 129, 'learning_rate': 0.012492159916572472, 'subsample': 0.7181155920479285, 'colsample_bytree': 0.8583725730709274, 'reg_lambda': 1.3277221764118596, 'reg_alpha': 3.9321646323014052}. Best is trial 36 with value: 0.8375792118323041.
/home/overxpowered/padhai_in_linux/Projects/AGNITIA-TERRA06/.venv/lib/python3.12/site-packages/lightgbm/sklearn.py:1106: LGBMDeprecationWarning: The argument 'eval_set' is deprecated, use 'eval_X' and 'eval_y' instead.
  eval_set = _validate_eval_set_Xy(eval_set=eval_set, eval_X=eval_X, eval_y=eval_y)
/home/overxpowered/padhai_in_linux/Projects/AGNITIA-TERRA06/.venv/lib/python3.12/site-packages/lightgbm/sklearn.py:1106: LGBMDeprecationWarning: The argument 'eval_set' is deprecated, use 'eval_X' and 'eval_y' instead.
  eval_set = _validate_eval_set_Xy(eval_set=eval_set, eval_X=eval_X, eval_y=eval_y)
/home/overxpowered/padhai_in_linux/Projects/AGNITIA-TERRA06/.venv/lib/python3.12/site-packages/lightgbm/sklearn.py:1106: LGBMDeprecationWarning: The argument 'eval_set' is deprecated, use 'eval_X' and 'eval_y' instead.
  eval_set = _validate_eval_set_Xy(eval_set=eval_set, eval_X=eval_X, eval_y=eval_y)
/home/overxpowered/padhai_in_linux/Projects/AGNITIA-TERRA06/.venv/lib/python3.12/site-packages/lightgbm/sklearn.py:1106: LGBMDeprecationWarning: The argument 'eval_set' is deprecated, use 'eval_X' and 'eval_y' instead.
  eval_set = _validate_eval_set_Xy(eval_set=eval_set, eval_X=eval_X, eval_y=eval_y)
/home/overxpowered/padhai_in_linux/Projects/AGNITIA-TERRA06/.venv/lib/python3.12/site-packages/lightgbm/sklearn.py:1106: LGBMDeprecationWarning: The argument 'eval_set' is deprecated, use 'eval_X' and 'eval_y' instead.
  eval_set = _validate_eval_set_Xy(eval_set=eval_set, eval_X=eval_X, eval_y=eval_y)
2026-10-09 07:22:23,995 INFO __main__: [wind Trial 55] pinball=0.83968 params={'num_leaves': 16, 'min_child_samples': 119, 'learning_rate': 0.0263, 'subsample': 0.7, 'colsample_bytree': 0.9296, 'reg_lambda': 0.6961, 'reg_alpha': 3.9704}
[I 2026-10-09 07:22:23,995] Trial 55 finished with value: 0.8396761503451312 and parameters: {'num_leaves': 16, 'min_child_samples': 119, 'learning_rate': 0.026268031646900083, 'subsample': 0.6999671219309463, 'colsample_bytree': 0.9296426391586442, 'reg_lambda': 0.6960884437474589, 'reg_alpha': 3.9704164142881866}. Best is trial 36 with value: 0.8375792118323041.
/home/overxpowered/padhai_in_linux/Projects/AGNITIA-TERRA06/.venv/lib/python3.12/site-packages/lightgbm/sklearn.py:1106: LGBMDeprecationWarning: The argument 'eval_set' is deprecated, use 'eval_X' and 'eval_y' instead.
  eval_set = _validate_eval_set_Xy(eval_set=eval_set, eval_X=eval_X, eval_y=eval_y)
/home/overxpowered/padhai_in_linux/Projects/AGNITIA-TERRA06/.venv/lib/python3.12/site-packages/lightgbm/sklearn.py:1106: LGBMDeprecationWarning: The argument 'eval_set' is deprecated, use 'eval_X' and 'eval_y' instead.
  eval_set = _validate_eval_set_Xy(eval_set=eval_set, eval_X=eval_X, eval_y=eval_y)
/home/overxpowered/padhai_in_linux/Projects/AGNITIA-TERRA06/.venv/lib/python3.12/site-packages/lightgbm/sklearn.py:1106: LGBMDeprecationWarning: The argument 'eval_set' is deprecated, use 'eval_X' and 'eval_y' instead.
  eval_set = _validate_eval_set_Xy(eval_set=eval_set, eval_X=eval_X, eval_y=eval_y)
/home/overxpowered/padhai_in_linux/Projects/AGNITIA-TERRA06/.venv/lib/python3.12/site-packages/lightgbm/sklearn.py:1106: LGBMDeprecationWarning: The argument 'eval_set' is deprecated, use 'eval_X' and 'eval_y' instead.
  eval_set = _validate_eval_set_Xy(eval_set=eval_set, eval_X=eval_X, eval_y=eval_y)
/home/overxpowered/padhai_in_linux/Projects/AGNITIA-TERRA06/.venv/lib/python3.12/site-packages/lightgbm/sklearn.py:1106: LGBMDeprecationWarning: The argument 'eval_set' is deprecated, use 'eval_X' and 'eval_y' instead.
  eval_set = _validate_eval_set_Xy(eval_set=eval_set, eval_X=eval_X, eval_y=eval_y)
2026-10-09 07:22:45,567 INFO __main__: [wind Trial 56] pinball=0.84584 params={'num_leaves': 19, 'min_child_samples': 142, 'learning_rate': 0.0145, 'subsample': 0.7449, 'colsample_bytree': 0.9664, 'reg_lambda': 0.8479, 'reg_alpha': 4.0781}
[I 2026-10-09 07:22:45,567] Trial 56 finished with value: 0.8458428683686499 and parameters: {'num_leaves': 19, 'min_child_samples': 142, 'learning_rate': 0.014474641216309966, 'subsample': 0.7449423218713996, 'colsample_bytree': 0.9664187760847375, 'reg_lambda': 0.847868501459127, 'reg_alpha': 4.078087813593317}. Best is trial 36 with value: 0.8375792118323041.
/home/overxpowered/padhai_in_linux/Projects/AGNITIA-TERRA06/.venv/lib/python3.12/site-packages/lightgbm/sklearn.py:1106: LGBMDeprecationWarning: The argument 'eval_set' is deprecated, use 'eval_X' and 'eval_y' instead.
  eval_set = _validate_eval_set_Xy(eval_set=eval_set, eval_X=eval_X, eval_y=eval_y)
/home/overxpowered/padhai_in_linux/Projects/AGNITIA-TERRA06/.venv/lib/python3.12/site-packages/lightgbm/sklearn.py:1106: LGBMDeprecationWarning: The argument 'eval_set' is deprecated, use 'eval_X' and 'eval_y' instead.
  eval_set = _validate_eval_set_Xy(eval_set=eval_set, eval_X=eval_X, eval_y=eval_y)
/home/overxpowered/padhai_in_linux/Projects/AGNITIA-TERRA06/.venv/lib/python3.12/site-packages/lightgbm/sklearn.py:1106: LGBMDeprecationWarning: The argument 'eval_set' is deprecated, use 'eval_X' and 'eval_y' instead.
  eval_set = _validate_eval_set_Xy(eval_set=eval_set, eval_X=eval_X, eval_y=eval_y)
/home/overxpowered/padhai_in_linux/Projects/AGNITIA-TERRA06/.venv/lib/python3.12/site-packages/lightgbm/sklearn.py:1106: LGBMDeprecationWarning: The argument 'eval_set' is deprecated, use 'eval_X' and 'eval_y' instead.
  eval_set = _validate_eval_set_Xy(eval_set=eval_set, eval_X=eval_X, eval_y=eval_y)
/home/overxpowered/padhai_in_linux/Projects/AGNITIA-TERRA06/.venv/lib/python3.12/site-packages/lightgbm/sklearn.py:1106: LGBMDeprecationWarning: The argument 'eval_set' is deprecated, use 'eval_X' and 'eval_y' instead.
  eval_set = _validate_eval_set_Xy(eval_set=eval_set, eval_X=eval_X, eval_y=eval_y)
2026-10-09 07:23:01,440 INFO __main__: [wind Trial 57] pinball=0.85154 params={'num_leaves': 23, 'min_child_samples': 128, 'learning_rate': 0.0166, 'subsample': 0.7327, 'colsample_bytree': 0.9427, 'reg_lambda': 0.9798, 'reg_alpha': 3.5438}
[I 2026-10-09 07:23:01,441] Trial 57 finished with value: 0.8515411692583204 and parameters: {'num_leaves': 23, 'min_child_samples': 128, 'learning_rate': 0.016645173979263773, 'subsample': 0.732669249471999, 'colsample_bytree': 0.9426904431027778, 'reg_lambda': 0.9798233658373074, 'reg_alpha': 3.5437882132019656}. Best is trial 36 with value: 0.8375792118323041.
/home/overxpowered/padhai_in_linux/Projects/AGNITIA-TERRA06/.venv/lib/python3.12/site-packages/lightgbm/sklearn.py:1106: LGBMDeprecationWarning: The argument 'eval_set' is deprecated, use 'eval_X' and 'eval_y' instead.
  eval_set = _validate_eval_set_Xy(eval_set=eval_set, eval_X=eval_X, eval_y=eval_y)
/home/overxpowered/padhai_in_linux/Projects/AGNITIA-TERRA06/.venv/lib/python3.12/site-packages/lightgbm/sklearn.py:1106: LGBMDeprecationWarning: The argument 'eval_set' is deprecated, use 'eval_X' and 'eval_y' instead.
  eval_set = _validate_eval_set_Xy(eval_set=eval_set, eval_X=eval_X, eval_y=eval_y)
/home/overxpowered/padhai_in_linux/Projects/AGNITIA-TERRA06/.venv/lib/python3.12/site-packages/lightgbm/sklearn.py:1106: LGBMDeprecationWarning: The argument 'eval_set' is deprecated, use 'eval_X' and 'eval_y' instead.
  eval_set = _validate_eval_set_Xy(eval_set=eval_set, eval_X=eval_X, eval_y=eval_y)
/home/overxpowered/padhai_in_linux/Projects/AGNITIA-TERRA06/.venv/lib/python3.12/site-packages/lightgbm/sklearn.py:1106: LGBMDeprecationWarning: The argument 'eval_set' is deprecated, use 'eval_X' and 'eval_y' instead.
  eval_set = _validate_eval_set_Xy(eval_set=eval_set, eval_X=eval_X, eval_y=eval_y)
/home/overxpowered/padhai_in_linux/Projects/AGNITIA-TERRA06/.venv/lib/python3.12/site-packages/lightgbm/sklearn.py:1106: LGBMDeprecationWarning: The argument 'eval_set' is deprecated, use 'eval_X' and 'eval_y' instead.
  eval_set = _validate_eval_set_Xy(eval_set=eval_set, eval_X=eval_X, eval_y=eval_y)
2026-10-09 07:23:16,164 INFO __main__: [wind Trial 58] pinball=0.84845 params={'num_leaves': 18, 'min_child_samples': 136, 'learning_rate': 0.0245, 'subsample': 0.6739, 'colsample_bytree': 0.9195, 'reg_lambda': 1.4525, 'reg_alpha': 3.774}
[I 2026-10-09 07:23:16,164] Trial 58 finished with value: 0.8484492684858977 and parameters: {'num_leaves': 18, 'min_child_samples': 136, 'learning_rate': 0.024518445396167914, 'subsample': 0.6738956726271299, 'colsample_bytree': 0.9194959648534248, 'reg_lambda': 1.4525333031981664, 'reg_alpha': 3.7740125027586773}. Best is trial 36 with value: 0.8375792118323041.
/home/overxpowered/padhai_in_linux/Projects/AGNITIA-TERRA06/.venv/lib/python3.12/site-packages/lightgbm/sklearn.py:1106: LGBMDeprecationWarning: The argument 'eval_set' is deprecated, use 'eval_X' and 'eval_y' instead.
  eval_set = _validate_eval_set_Xy(eval_set=eval_set, eval_X=eval_X, eval_y=eval_y)
/home/overxpowered/padhai_in_linux/Projects/AGNITIA-TERRA06/.venv/lib/python3.12/site-packages/lightgbm/sklearn.py:1106: LGBMDeprecationWarning: The argument 'eval_set' is deprecated, use 'eval_X' and 'eval_y' instead.
  eval_set = _validate_eval_set_Xy(eval_set=eval_set, eval_X=eval_X, eval_y=eval_y)
/home/overxpowered/padhai_in_linux/Projects/AGNITIA-TERRA06/.venv/lib/python3.12/site-packages/lightgbm/sklearn.py:1106: LGBMDeprecationWarning: The argument 'eval_set' is deprecated, use 'eval_X' and 'eval_y' instead.
  eval_set = _validate_eval_set_Xy(eval_set=eval_set, eval_X=eval_X, eval_y=eval_y)
/home/overxpowered/padhai_in_linux/Projects/AGNITIA-TERRA06/.venv/lib/python3.12/site-packages/lightgbm/sklearn.py:1106: LGBMDeprecationWarning: The argument 'eval_set' is deprecated, use 'eval_X' and 'eval_y' instead.
  eval_set = _validate_eval_set_Xy(eval_set=eval_set, eval_X=eval_X, eval_y=eval_y)
/home/overxpowered/padhai_in_linux/Projects/AGNITIA-TERRA06/.venv/lib/python3.12/site-packages/lightgbm/sklearn.py:1106: LGBMDeprecationWarning: The argument 'eval_set' is deprecated, use 'eval_X' and 'eval_y' instead.
  eval_set = _validate_eval_set_Xy(eval_set=eval_set, eval_X=eval_X, eval_y=eval_y)
2026-10-09 07:23:32,037 INFO __main__: [wind Trial 59] pinball=0.85498 params={'num_leaves': 25, 'min_child_samples': 115, 'learning_rate': 0.0161, 'subsample': 0.6977, 'colsample_bytree': 0.975, 'reg_lambda': 1.4713, 'reg_alpha': 4.2467}
[I 2026-10-09 07:23:32,037] Trial 59 finished with value: 0.854982667778206 and parameters: {'num_leaves': 25, 'min_child_samples': 115, 'learning_rate': 0.01612830671808058, 'subsample': 0.6977374892195821, 'colsample_bytree': 0.9749911187568197, 'reg_lambda': 1.4713173072040622, 'reg_alpha': 4.246729628062933}. Best is trial 36 with value: 0.8375792118323041.
/home/overxpowered/padhai_in_linux/Projects/AGNITIA-TERRA06/.venv/lib/python3.12/site-packages/lightgbm/sklearn.py:1106: LGBMDeprecationWarning: The argument 'eval_set' is deprecated, use 'eval_X' and 'eval_y' instead.
  eval_set = _validate_eval_set_Xy(eval_set=eval_set, eval_X=eval_X, eval_y=eval_y)
/home/overxpowered/padhai_in_linux/Projects/AGNITIA-TERRA06/.venv/lib/python3.12/site-packages/lightgbm/sklearn.py:1106: LGBMDeprecationWarning: The argument 'eval_set' is deprecated, use 'eval_X' and 'eval_y' instead.
  eval_set = _validate_eval_set_Xy(eval_set=eval_set, eval_X=eval_X, eval_y=eval_y)
/home/overxpowered/padhai_in_linux/Projects/AGNITIA-TERRA06/.venv/lib/python3.12/site-packages/lightgbm/sklearn.py:1106: LGBMDeprecationWarning: The argument 'eval_set' is deprecated, use 'eval_X' and 'eval_y' instead.
  eval_set = _validate_eval_set_Xy(eval_set=eval_set, eval_X=eval_X, eval_y=eval_y)
/home/overxpowered/padhai_in_linux/Projects/AGNITIA-TERRA06/.venv/lib/python3.12/site-packages/lightgbm/sklearn.py:1106: LGBMDeprecationWarning: The argument 'eval_set' is deprecated, use 'eval_X' and 'eval_y' instead.
  eval_set = _validate_eval_set_Xy(eval_set=eval_set, eval_X=eval_X, eval_y=eval_y)
/home/overxpowered/padhai_in_linux/Projects/AGNITIA-TERRA06/.venv/lib/python3.12/site-packages/lightgbm/sklearn.py:1106: LGBMDeprecationWarning: The argument 'eval_set' is deprecated, use 'eval_X' and 'eval_y' instead.
  eval_set = _validate_eval_set_Xy(eval_set=eval_set, eval_X=eval_X, eval_y=eval_y)
2026-10-09 07:23:46,831 INFO __main__: [wind Trial 60] pinball=0.85430 params={'num_leaves': 25, 'min_child_samples': 119, 'learning_rate': 0.0216, 'subsample': 0.7561, 'colsample_bytree': 0.9607, 'reg_lambda': 1.6336, 'reg_alpha': 4.5857}
[I 2026-10-09 07:23:46,831] Trial 60 finished with value: 0.8542962309447166 and parameters: {'num_leaves': 25, 'min_child_samples': 119, 'learning_rate': 0.02163195920837735, 'subsample': 0.7561436134007682, 'colsample_bytree': 0.9606843500386326, 'reg_lambda': 1.6336142743787079, 'reg_alpha': 4.585680719615787}. Best is trial 36 with value: 0.8375792118323041.
/home/overxpowered/padhai_in_linux/Projects/AGNITIA-TERRA06/.venv/lib/python3.12/site-packages/lightgbm/sklearn.py:1106: LGBMDeprecationWarning: The argument 'eval_set' is deprecated, use 'eval_X' and 'eval_y' instead.
  eval_set = _validate_eval_set_Xy(eval_set=eval_set, eval_X=eval_X, eval_y=eval_y)
/home/overxpowered/padhai_in_linux/Projects/AGNITIA-TERRA06/.venv/lib/python3.12/site-packages/lightgbm/sklearn.py:1106: LGBMDeprecationWarning: The argument 'eval_set' is deprecated, use 'eval_X' and 'eval_y' instead.
  eval_set = _validate_eval_set_Xy(eval_set=eval_set, eval_X=eval_X, eval_y=eval_y)
/home/overxpowered/padhai_in_linux/Projects/AGNITIA-TERRA06/.venv/lib/python3.12/site-packages/lightgbm/sklearn.py:1106: LGBMDeprecationWarning: The argument 'eval_set' is deprecated, use 'eval_X' and 'eval_y' instead.
  eval_set = _validate_eval_set_Xy(eval_set=eval_set, eval_X=eval_X, eval_y=eval_y)
/home/overxpowered/padhai_in_linux/Projects/AGNITIA-TERRA06/.venv/lib/python3.12/site-packages/lightgbm/sklearn.py:1106: LGBMDeprecationWarning: The argument 'eval_set' is deprecated, use 'eval_X' and 'eval_y' instead.
  eval_set = _validate_eval_set_Xy(eval_set=eval_set, eval_X=eval_X, eval_y=eval_y)
/home/overxpowered/padhai_in_linux/Projects/AGNITIA-TERRA06/.venv/lib/python3.12/site-packages/lightgbm/sklearn.py:1106: LGBMDeprecationWarning: The argument 'eval_set' is deprecated, use 'eval_X' and 'eval_y' instead.
  eval_set = _validate_eval_set_Xy(eval_set=eval_set, eval_X=eval_X, eval_y=eval_y)
2026-10-09 07:24:02,645 INFO __main__: [wind Trial 61] pinball=0.85618 params={'num_leaves': 27, 'min_child_samples': 119, 'learning_rate': 0.0162, 'subsample': 0.7041, 'colsample_bytree': 0.9836, 'reg_lambda': 0.6263, 'reg_alpha': 4.803}
[I 2026-10-09 07:24:02,646] Trial 61 finished with value: 0.8561764973388831 and parameters: {'num_leaves': 27, 'min_child_samples': 119, 'learning_rate': 0.016210251310679002, 'subsample': 0.7041195166311511, 'colsample_bytree': 0.9836090838498701, 'reg_lambda': 0.6262604620092743, 'reg_alpha': 4.8030310660575335}. Best is trial 36 with value: 0.8375792118323041.
/home/overxpowered/padhai_in_linux/Projects/AGNITIA-TERRA06/.venv/lib/python3.12/site-packages/lightgbm/sklearn.py:1106: LGBMDeprecationWarning: The argument 'eval_set' is deprecated, use 'eval_X' and 'eval_y' instead.
  eval_set = _validate_eval_set_Xy(eval_set=eval_set, eval_X=eval_X, eval_y=eval_y)
/home/overxpowered/padhai_in_linux/Projects/AGNITIA-TERRA06/.venv/lib/python3.12/site-packages/lightgbm/sklearn.py:1106: LGBMDeprecationWarning: The argument 'eval_set' is deprecated, use 'eval_X' and 'eval_y' instead.
  eval_set = _validate_eval_set_Xy(eval_set=eval_set, eval_X=eval_X, eval_y=eval_y)
/home/overxpowered/padhai_in_linux/Projects/AGNITIA-TERRA06/.venv/lib/python3.12/site-packages/lightgbm/sklearn.py:1106: LGBMDeprecationWarning: The argument 'eval_set' is deprecated, use 'eval_X' and 'eval_y' instead.
  eval_set = _validate_eval_set_Xy(eval_set=eval_set, eval_X=eval_X, eval_y=eval_y)
/home/overxpowered/padhai_in_linux/Projects/AGNITIA-TERRA06/.venv/lib/python3.12/site-packages/lightgbm/sklearn.py:1106: LGBMDeprecationWarning: The argument 'eval_set' is deprecated, use 'eval_X' and 'eval_y' instead.
  eval_set = _validate_eval_set_Xy(eval_set=eval_set, eval_X=eval_X, eval_y=eval_y)
/home/overxpowered/padhai_in_linux/Projects/AGNITIA-TERRA06/.venv/lib/python3.12/site-packages/lightgbm/sklearn.py:1106: LGBMDeprecationWarning: The argument 'eval_set' is deprecated, use 'eval_X' and 'eval_y' instead.
  eval_set = _validate_eval_set_Xy(eval_set=eval_set, eval_X=eval_X, eval_y=eval_y)
2026-10-09 07:24:19,330 INFO __main__: [wind Trial 62] pinball=0.85144 params={'num_leaves': 23, 'min_child_samples': 115, 'learning_rate': 0.0226, 'subsample': 0.7105, 'colsample_bytree': 0.9762, 'reg_lambda': 0.3501, 'reg_alpha': 4.3666}
[I 2026-10-09 07:24:19,330] Trial 62 finished with value: 0.8514444199589646 and parameters: {'num_leaves': 23, 'min_child_samples': 115, 'learning_rate': 0.022561849118717878, 'subsample': 0.7104601531179833, 'colsample_bytree': 0.9761956213173633, 'reg_lambda': 0.3501150249786571, 'reg_alpha': 4.3666338845363395}. Best is trial 36 with value: 0.8375792118323041.
/home/overxpowered/padhai_in_linux/Projects/AGNITIA-TERRA06/.venv/lib/python3.12/site-packages/lightgbm/sklearn.py:1106: LGBMDeprecationWarning: The argument 'eval_set' is deprecated, use 'eval_X' and 'eval_y' instead.
  eval_set = _validate_eval_set_Xy(eval_set=eval_set, eval_X=eval_X, eval_y=eval_y)
/home/overxpowered/padhai_in_linux/Projects/AGNITIA-TERRA06/.venv/lib/python3.12/site-packages/lightgbm/sklearn.py:1106: LGBMDeprecationWarning: The argument 'eval_set' is deprecated, use 'eval_X' and 'eval_y' instead.
  eval_set = _validate_eval_set_Xy(eval_set=eval_set, eval_X=eval_X, eval_y=eval_y)
/home/overxpowered/padhai_in_linux/Projects/AGNITIA-TERRA06/.venv/lib/python3.12/site-packages/lightgbm/sklearn.py:1106: LGBMDeprecationWarning: The argument 'eval_set' is deprecated, use 'eval_X' and 'eval_y' instead.
  eval_set = _validate_eval_set_Xy(eval_set=eval_set, eval_X=eval_X, eval_y=eval_y)
/home/overxpowered/padhai_in_linux/Projects/AGNITIA-TERRA06/.venv/lib/python3.12/site-packages/lightgbm/sklearn.py:1106: LGBMDeprecationWarning: The argument 'eval_set' is deprecated, use 'eval_X' and 'eval_y' instead.
  eval_set = _validate_eval_set_Xy(eval_set=eval_set, eval_X=eval_X, eval_y=eval_y)
/home/overxpowered/padhai_in_linux/Projects/AGNITIA-TERRA06/.venv/lib/python3.12/site-packages/lightgbm/sklearn.py:1106: LGBMDeprecationWarning: The argument 'eval_set' is deprecated, use 'eval_X' and 'eval_y' instead.
  eval_set = _validate_eval_set_Xy(eval_set=eval_set, eval_X=eval_X, eval_y=eval_y)
2026-10-09 07:24:34,976 INFO __main__: [wind Trial 63] pinball=0.85265 params={'num_leaves': 23, 'min_child_samples': 132, 'learning_rate': 0.0238, 'subsample': 0.7301, 'colsample_bytree': 0.8635, 'reg_lambda': 0.1998, 'reg_alpha': 4.0382}
[I 2026-10-09 07:24:34,977] Trial 63 finished with value: 0.852646281020102 and parameters: {'num_leaves': 23, 'min_child_samples': 132, 'learning_rate': 0.02383632171825145, 'subsample': 0.7301050382160604, 'colsample_bytree': 0.8634723878785656, 'reg_lambda': 0.19979916031354517, 'reg_alpha': 4.038234940187579}. Best is trial 36 with value: 0.8375792118323041.
/home/overxpowered/padhai_in_linux/Projects/AGNITIA-TERRA06/.venv/lib/python3.12/site-packages/lightgbm/sklearn.py:1106: LGBMDeprecationWarning: The argument 'eval_set' is deprecated, use 'eval_X' and 'eval_y' instead.
  eval_set = _validate_eval_set_Xy(eval_set=eval_set, eval_X=eval_X, eval_y=eval_y)
/home/overxpowered/padhai_in_linux/Projects/AGNITIA-TERRA06/.venv/lib/python3.12/site-packages/lightgbm/sklearn.py:1106: LGBMDeprecationWarning: The argument 'eval_set' is deprecated, use 'eval_X' and 'eval_y' instead.
  eval_set = _validate_eval_set_Xy(eval_set=eval_set, eval_X=eval_X, eval_y=eval_y)
/home/overxpowered/padhai_in_linux/Projects/AGNITIA-TERRA06/.venv/lib/python3.12/site-packages/lightgbm/sklearn.py:1106: LGBMDeprecationWarning: The argument 'eval_set' is deprecated, use 'eval_X' and 'eval_y' instead.
  eval_set = _validate_eval_set_Xy(eval_set=eval_set, eval_X=eval_X, eval_y=eval_y)
/home/overxpowered/padhai_in_linux/Projects/AGNITIA-TERRA06/.venv/lib/python3.12/site-packages/lightgbm/sklearn.py:1106: LGBMDeprecationWarning: The argument 'eval_set' is deprecated, use 'eval_X' and 'eval_y' instead.
  eval_set = _validate_eval_set_Xy(eval_set=eval_set, eval_X=eval_X, eval_y=eval_y)
/home/overxpowered/padhai_in_linux/Projects/AGNITIA-TERRA06/.venv/lib/python3.12/site-packages/lightgbm/sklearn.py:1106: LGBMDeprecationWarning: The argument 'eval_set' is deprecated, use 'eval_X' and 'eval_y' instead.
  eval_set = _validate_eval_set_Xy(eval_set=eval_set, eval_X=eval_X, eval_y=eval_y)
2026-10-09 07:24:49,092 INFO __main__: [wind Trial 64] pinball=0.85407 params={'num_leaves': 23, 'min_child_samples': 143, 'learning_rate': 0.0192, 'subsample': 0.7125, 'colsample_bytree': 0.9291, 'reg_lambda': 0.9466, 'reg_alpha': 4.6316}
[I 2026-10-09 07:24:49,092] Trial 64 finished with value: 0.854072715560261 and parameters: {'num_leaves': 23, 'min_child_samples': 143, 'learning_rate': 0.01917504632333482, 'subsample': 0.712529097672142, 'colsample_bytree': 0.9290841099933498, 'reg_lambda': 0.9466096082458707, 'reg_alpha': 4.631619762117726}. Best is trial 36 with value: 0.8375792118323041.
/home/overxpowered/padhai_in_linux/Projects/AGNITIA-TERRA06/.venv/lib/python3.12/site-packages/lightgbm/sklearn.py:1106: LGBMDeprecationWarning: The argument 'eval_set' is deprecated, use 'eval_X' and 'eval_y' instead.
  eval_set = _validate_eval_set_Xy(eval_set=eval_set, eval_X=eval_X, eval_y=eval_y)
/home/overxpowered/padhai_in_linux/Projects/AGNITIA-TERRA06/.venv/lib/python3.12/site-packages/lightgbm/sklearn.py:1106: LGBMDeprecationWarning: The argument 'eval_set' is deprecated, use 'eval_X' and 'eval_y' instead.
  eval_set = _validate_eval_set_Xy(eval_set=eval_set, eval_X=eval_X, eval_y=eval_y)
/home/overxpowered/padhai_in_linux/Projects/AGNITIA-TERRA06/.venv/lib/python3.12/site-packages/lightgbm/sklearn.py:1106: LGBMDeprecationWarning: The argument 'eval_set' is deprecated, use 'eval_X' and 'eval_y' instead.
  eval_set = _validate_eval_set_Xy(eval_set=eval_set, eval_X=eval_X, eval_y=eval_y)
/home/overxpowered/padhai_in_linux/Projects/AGNITIA-TERRA06/.venv/lib/python3.12/site-packages/lightgbm/sklearn.py:1106: LGBMDeprecationWarning: The argument 'eval_set' is deprecated, use 'eval_X' and 'eval_y' instead.
  eval_set = _validate_eval_set_Xy(eval_set=eval_set, eval_X=eval_X, eval_y=eval_y)
/home/overxpowered/padhai_in_linux/Projects/AGNITIA-TERRA06/.venv/lib/python3.12/site-packages/lightgbm/sklearn.py:1106: LGBMDeprecationWarning: The argument 'eval_set' is deprecated, use 'eval_X' and 'eval_y' instead.
  eval_set = _validate_eval_set_Xy(eval_set=eval_set, eval_X=eval_X, eval_y=eval_y)
2026-10-09 07:25:08,363 INFO __main__: [wind Trial 65] pinball=0.84216 params={'num_leaves': 18, 'min_child_samples': 132, 'learning_rate': 0.0147, 'subsample': 0.701, 'colsample_bytree': 0.9541, 'reg_lambda': 1.2219, 'reg_alpha': 2.9414}
[I 2026-10-09 07:25:08,363] Trial 65 finished with value: 0.8421560945188139 and parameters: {'num_leaves': 18, 'min_child_samples': 132, 'learning_rate': 0.014703374334546241, 'subsample': 0.7010472388779839, 'colsample_bytree': 0.9540634511583588, 'reg_lambda': 1.2219322433081867, 'reg_alpha': 2.9413715265961575}. Best is trial 36 with value: 0.8375792118323041.
/home/overxpowered/padhai_in_linux/Projects/AGNITIA-TERRA06/.venv/lib/python3.12/site-packages/lightgbm/sklearn.py:1106: LGBMDeprecationWarning: The argument 'eval_set' is deprecated, use 'eval_X' and 'eval_y' instead.
  eval_set = _validate_eval_set_Xy(eval_set=eval_set, eval_X=eval_X, eval_y=eval_y)
/home/overxpowered/padhai_in_linux/Projects/AGNITIA-TERRA06/.venv/lib/python3.12/site-packages/lightgbm/sklearn.py:1106: LGBMDeprecationWarning: The argument 'eval_set' is deprecated, use 'eval_X' and 'eval_y' instead.
  eval_set = _validate_eval_set_Xy(eval_set=eval_set, eval_X=eval_X, eval_y=eval_y)
/home/overxpowered/padhai_in_linux/Projects/AGNITIA-TERRA06/.venv/lib/python3.12/site-packages/lightgbm/sklearn.py:1106: LGBMDeprecationWarning: The argument 'eval_set' is deprecated, use 'eval_X' and 'eval_y' instead.
  eval_set = _validate_eval_set_Xy(eval_set=eval_set, eval_X=eval_X, eval_y=eval_y)
/home/overxpowered/padhai_in_linux/Projects/AGNITIA-TERRA06/.venv/lib/python3.12/site-packages/lightgbm/sklearn.py:1106: LGBMDeprecationWarning: The argument 'eval_set' is deprecated, use 'eval_X' and 'eval_y' instead.
  eval_set = _validate_eval_set_Xy(eval_set=eval_set, eval_X=eval_X, eval_y=eval_y)
/home/overxpowered/padhai_in_linux/Projects/AGNITIA-TERRA06/.venv/lib/python3.12/site-packages/lightgbm/sklearn.py:1106: LGBMDeprecationWarning: The argument 'eval_set' is deprecated, use 'eval_X' and 'eval_y' instead.
  eval_set = _validate_eval_set_Xy(eval_set=eval_set, eval_X=eval_X, eval_y=eval_y)
2026-10-09 07:25:21,001 INFO __main__: [wind Trial 66] pinball=0.85176 params={'num_leaves': 24, 'min_child_samples': 124, 'learning_rate': 0.0263, 'subsample': 0.6813, 'colsample_bytree': 0.938, 'reg_lambda': 1.091, 'reg_alpha': 4.0729}
[I 2026-10-09 07:25:21,001] Trial 66 finished with value: 0.8517579193338299 and parameters: {'num_leaves': 24, 'min_child_samples': 124, 'learning_rate': 0.026336867722727544, 'subsample': 0.6813148812921935, 'colsample_bytree': 0.9380098549901342, 'reg_lambda': 1.0910488159479215, 'reg_alpha': 4.072889461790493}. Best is trial 36 with value: 0.8375792118323041.
/home/overxpowered/padhai_in_linux/Projects/AGNITIA-TERRA06/.venv/lib/python3.12/site-packages/lightgbm/sklearn.py:1106: LGBMDeprecationWarning: The argument 'eval_set' is deprecated, use 'eval_X' and 'eval_y' instead.
  eval_set = _validate_eval_set_Xy(eval_set=eval_set, eval_X=eval_X, eval_y=eval_y)
/home/overxpowered/padhai_in_linux/Projects/AGNITIA-TERRA06/.venv/lib/python3.12/site-packages/lightgbm/sklearn.py:1106: LGBMDeprecationWarning: The argument 'eval_set' is deprecated, use 'eval_X' and 'eval_y' instead.
  eval_set = _validate_eval_set_Xy(eval_set=eval_set, eval_X=eval_X, eval_y=eval_y)
/home/overxpowered/padhai_in_linux/Projects/AGNITIA-TERRA06/.venv/lib/python3.12/site-packages/lightgbm/sklearn.py:1106: LGBMDeprecationWarning: The argument 'eval_set' is deprecated, use 'eval_X' and 'eval_y' instead.
  eval_set = _validate_eval_set_Xy(eval_set=eval_set, eval_X=eval_X, eval_y=eval_y)
/home/overxpowered/padhai_in_linux/Projects/AGNITIA-TERRA06/.venv/lib/python3.12/site-packages/lightgbm/sklearn.py:1106: LGBMDeprecationWarning: The argument 'eval_set' is deprecated, use 'eval_X' and 'eval_y' instead.
  eval_set = _validate_eval_set_Xy(eval_set=eval_set, eval_X=eval_X, eval_y=eval_y)
/home/overxpowered/padhai_in_linux/Projects/AGNITIA-TERRA06/.venv/lib/python3.12/site-packages/lightgbm/sklearn.py:1106: LGBMDeprecationWarning: The argument 'eval_set' is deprecated, use 'eval_X' and 'eval_y' instead.
  eval_set = _validate_eval_set_Xy(eval_set=eval_set, eval_X=eval_X, eval_y=eval_y)
2026-10-09 07:25:35,598 INFO __main__: [wind Trial 67] pinball=0.85163 params={'num_leaves': 21, 'min_child_samples': 118, 'learning_rate': 0.0273, 'subsample': 0.694, 'colsample_bytree': 0.9159, 'reg_lambda': 0.6864, 'reg_alpha': 4.6302}
[I 2026-10-09 07:25:35,598] Trial 67 finished with value: 0.8516348621082287 and parameters: {'num_leaves': 21, 'min_child_samples': 118, 'learning_rate': 0.02726577600120029, 'subsample': 0.6939519141022983, 'colsample_bytree': 0.9158717580835255, 'reg_lambda': 0.686377359800552, 'reg_alpha': 4.6301696239606525}. Best is trial 36 with value: 0.8375792118323041.
/home/overxpowered/padhai_in_linux/Projects/AGNITIA-TERRA06/.venv/lib/python3.12/site-packages/lightgbm/sklearn.py:1106: LGBMDeprecationWarning: The argument 'eval_set' is deprecated, use 'eval_X' and 'eval_y' instead.
  eval_set = _validate_eval_set_Xy(eval_set=eval_set, eval_X=eval_X, eval_y=eval_y)
/home/overxpowered/padhai_in_linux/Projects/AGNITIA-TERRA06/.venv/lib/python3.12/site-packages/lightgbm/sklearn.py:1106: LGBMDeprecationWarning: The argument 'eval_set' is deprecated, use 'eval_X' and 'eval_y' instead.
  eval_set = _validate_eval_set_Xy(eval_set=eval_set, eval_X=eval_X, eval_y=eval_y)
/home/overxpowered/padhai_in_linux/Projects/AGNITIA-TERRA06/.venv/lib/python3.12/site-packages/lightgbm/sklearn.py:1106: LGBMDeprecationWarning: The argument 'eval_set' is deprecated, use 'eval_X' and 'eval_y' instead.
  eval_set = _validate_eval_set_Xy(eval_set=eval_set, eval_X=eval_X, eval_y=eval_y)
/home/overxpowered/padhai_in_linux/Projects/AGNITIA-TERRA06/.venv/lib/python3.12/site-packages/lightgbm/sklearn.py:1106: LGBMDeprecationWarning: The argument 'eval_set' is deprecated, use 'eval_X' and 'eval_y' instead.
  eval_set = _validate_eval_set_Xy(eval_set=eval_set, eval_X=eval_X, eval_y=eval_y)
/home/overxpowered/padhai_in_linux/Projects/AGNITIA-TERRA06/.venv/lib/python3.12/site-packages/lightgbm/sklearn.py:1106: LGBMDeprecationWarning: The argument 'eval_set' is deprecated, use 'eval_X' and 'eval_y' instead.
  eval_set = _validate_eval_set_Xy(eval_set=eval_set, eval_X=eval_X, eval_y=eval_y)
2026-10-09 07:25:59,520 INFO __main__: [wind Trial 68] pinball=0.84722 params={'num_leaves': 19, 'min_child_samples': 130, 'learning_rate': 0.0117, 'subsample': 0.7636, 'colsample_bytree': 0.823, 'reg_lambda': 1.0068, 'reg_alpha': 4.4257}
[I 2026-10-09 07:25:59,521] Trial 68 finished with value: 0.8472192806473895 and parameters: {'num_leaves': 19, 'min_child_samples': 130, 'learning_rate': 0.011693098304546037, 'subsample': 0.763630152096827, 'colsample_bytree': 0.8230073831758743, 'reg_lambda': 1.0068487737312193, 'reg_alpha': 4.425713569257613}. Best is trial 36 with value: 0.8375792118323041.
/home/overxpowered/padhai_in_linux/Projects/AGNITIA-TERRA06/.venv/lib/python3.12/site-packages/lightgbm/sklearn.py:1106: LGBMDeprecationWarning: The argument 'eval_set' is deprecated, use 'eval_X' and 'eval_y' instead.
  eval_set = _validate_eval_set_Xy(eval_set=eval_set, eval_X=eval_X, eval_y=eval_y)
/home/overxpowered/padhai_in_linux/Projects/AGNITIA-TERRA06/.venv/lib/python3.12/site-packages/lightgbm/sklearn.py:1106: LGBMDeprecationWarning: The argument 'eval_set' is deprecated, use 'eval_X' and 'eval_y' instead.
  eval_set = _validate_eval_set_Xy(eval_set=eval_set, eval_X=eval_X, eval_y=eval_y)
/home/overxpowered/padhai_in_linux/Projects/AGNITIA-TERRA06/.venv/lib/python3.12/site-packages/lightgbm/sklearn.py:1106: LGBMDeprecationWarning: The argument 'eval_set' is deprecated, use 'eval_X' and 'eval_y' instead.
  eval_set = _validate_eval_set_Xy(eval_set=eval_set, eval_X=eval_X, eval_y=eval_y)
/home/overxpowered/padhai_in_linux/Projects/AGNITIA-TERRA06/.venv/lib/python3.12/site-packages/lightgbm/sklearn.py:1106: LGBMDeprecationWarning: The argument 'eval_set' is deprecated, use 'eval_X' and 'eval_y' instead.
  eval_set = _validate_eval_set_Xy(eval_set=eval_set, eval_X=eval_X, eval_y=eval_y)
/home/overxpowered/padhai_in_linux/Projects/AGNITIA-TERRA06/.venv/lib/python3.12/site-packages/lightgbm/sklearn.py:1106: LGBMDeprecationWarning: The argument 'eval_set' is deprecated, use 'eval_X' and 'eval_y' instead.
  eval_set = _validate_eval_set_Xy(eval_set=eval_set, eval_X=eval_X, eval_y=eval_y)
2026-10-09 07:26:18,975 INFO __main__: [wind Trial 69] pinball=0.85234 params={'num_leaves': 23, 'min_child_samples': 146, 'learning_rate': 0.0191, 'subsample': 0.7388, 'colsample_bytree': 0.9841, 'reg_lambda': 0.9802, 'reg_alpha': 3.9674}
[I 2026-10-09 07:26:18,975] Trial 69 finished with value: 0.8523441260639106 and parameters: {'num_leaves': 23, 'min_child_samples': 146, 'learning_rate': 0.01905229531737726, 'subsample': 0.7388479397404722, 'colsample_bytree': 0.9841294252582039, 'reg_lambda': 0.9802485312319967, 'reg_alpha': 3.967374655114988}. Best is trial 36 with value: 0.8375792118323041.
/home/overxpowered/padhai_in_linux/Projects/AGNITIA-TERRA06/.venv/lib/python3.12/site-packages/lightgbm/sklearn.py:1106: LGBMDeprecationWarning: The argument 'eval_set' is deprecated, use 'eval_X' and 'eval_y' instead.
  eval_set = _validate_eval_set_Xy(eval_set=eval_set, eval_X=eval_X, eval_y=eval_y)
/home/overxpowered/padhai_in_linux/Projects/AGNITIA-TERRA06/.venv/lib/python3.12/site-packages/lightgbm/sklearn.py:1106: LGBMDeprecationWarning: The argument 'eval_set' is deprecated, use 'eval_X' and 'eval_y' instead.
  eval_set = _validate_eval_set_Xy(eval_set=eval_set, eval_X=eval_X, eval_y=eval_y)
/home/overxpowered/padhai_in_linux/Projects/AGNITIA-TERRA06/.venv/lib/python3.12/site-packages/lightgbm/sklearn.py:1106: LGBMDeprecationWarning: The argument 'eval_set' is deprecated, use 'eval_X' and 'eval_y' instead.
  eval_set = _validate_eval_set_Xy(eval_set=eval_set, eval_X=eval_X, eval_y=eval_y)
/home/overxpowered/padhai_in_linux/Projects/AGNITIA-TERRA06/.venv/lib/python3.12/site-packages/lightgbm/sklearn.py:1106: LGBMDeprecationWarning: The argument 'eval_set' is deprecated, use 'eval_X' and 'eval_y' instead.
  eval_set = _validate_eval_set_Xy(eval_set=eval_set, eval_X=eval_X, eval_y=eval_y)
/home/overxpowered/padhai_in_linux/Projects/AGNITIA-TERRA06/.venv/lib/python3.12/site-packages/lightgbm/sklearn.py:1106: LGBMDeprecationWarning: The argument 'eval_set' is deprecated, use 'eval_X' and 'eval_y' instead.
  eval_set = _validate_eval_set_Xy(eval_set=eval_set, eval_X=eval_X, eval_y=eval_y)
2026-10-09 07:26:40,393 INFO __main__: [wind Trial 70] pinball=0.83887 params={'num_leaves': 15, 'min_child_samples': 127, 'learning_rate': 0.0207, 'subsample': 0.682, 'colsample_bytree': 0.951, 'reg_lambda': 0.3321, 'reg_alpha': 3.8154}
[I 2026-10-09 07:26:40,394] Trial 70 finished with value: 0.8388698634679678 and parameters: {'num_leaves': 15, 'min_child_samples': 127, 'learning_rate': 0.02070687573155701, 'subsample': 0.6819991447635144, 'colsample_bytree': 0.9510166856749701, 'reg_lambda': 0.33211934435674123, 'reg_alpha': 3.8153964232057893}. Best is trial 36 with value: 0.8375792118323041.
/home/overxpowered/padhai_in_linux/Projects/AGNITIA-TERRA06/.venv/lib/python3.12/site-packages/lightgbm/sklearn.py:1106: LGBMDeprecationWarning: The argument 'eval_set' is deprecated, use 'eval_X' and 'eval_y' instead.
  eval_set = _validate_eval_set_Xy(eval_set=eval_set, eval_X=eval_X, eval_y=eval_y)
/home/overxpowered/padhai_in_linux/Projects/AGNITIA-TERRA06/.venv/lib/python3.12/site-packages/lightgbm/sklearn.py:1106: LGBMDeprecationWarning: The argument 'eval_set' is deprecated, use 'eval_X' and 'eval_y' instead.
  eval_set = _validate_eval_set_Xy(eval_set=eval_set, eval_X=eval_X, eval_y=eval_y)
/home/overxpowered/padhai_in_linux/Projects/AGNITIA-TERRA06/.venv/lib/python3.12/site-packages/lightgbm/sklearn.py:1106: LGBMDeprecationWarning: The argument 'eval_set' is deprecated, use 'eval_X' and 'eval_y' instead.
  eval_set = _validate_eval_set_Xy(eval_set=eval_set, eval_X=eval_X, eval_y=eval_y)
/home/overxpowered/padhai_in_linux/Projects/AGNITIA-TERRA06/.venv/lib/python3.12/site-packages/lightgbm/sklearn.py:1106: LGBMDeprecationWarning: The argument 'eval_set' is deprecated, use 'eval_X' and 'eval_y' instead.
  eval_set = _validate_eval_set_Xy(eval_set=eval_set, eval_X=eval_X, eval_y=eval_y)
/home/overxpowered/padhai_in_linux/Projects/AGNITIA-TERRA06/.venv/lib/python3.12/site-packages/lightgbm/sklearn.py:1106: LGBMDeprecationWarning: The argument 'eval_set' is deprecated, use 'eval_X' and 'eval_y' instead.
  eval_set = _validate_eval_set_Xy(eval_set=eval_set, eval_X=eval_X, eval_y=eval_y)
2026-10-09 07:26:54,234 INFO __main__: [wind Trial 71] pinball=0.83862 params={'num_leaves': 15, 'min_child_samples': 127, 'learning_rate': 0.0292, 'subsample': 0.6993, 'colsample_bytree': 0.9389, 'reg_lambda': 1.0701, 'reg_alpha': 4.3179}
[I 2026-10-09 07:26:54,234] Trial 71 finished with value: 0.8386207017511709 and parameters: {'num_leaves': 15, 'min_child_samples': 127, 'learning_rate': 0.02919476569092257, 'subsample': 0.699343465417799, 'colsample_bytree': 0.9389390340927973, 'reg_lambda': 1.0700673469881075, 'reg_alpha': 4.317858513656509}. Best is trial 36 with value: 0.8375792118323041.
/home/overxpowered/padhai_in_linux/Projects/AGNITIA-TERRA06/.venv/lib/python3.12/site-packages/lightgbm/sklearn.py:1106: LGBMDeprecationWarning: The argument 'eval_set' is deprecated, use 'eval_X' and 'eval_y' instead.
  eval_set = _validate_eval_set_Xy(eval_set=eval_set, eval_X=eval_X, eval_y=eval_y)
/home/overxpowered/padhai_in_linux/Projects/AGNITIA-TERRA06/.venv/lib/python3.12/site-packages/lightgbm/sklearn.py:1106: LGBMDeprecationWarning: The argument 'eval_set' is deprecated, use 'eval_X' and 'eval_y' instead.
  eval_set = _validate_eval_set_Xy(eval_set=eval_set, eval_X=eval_X, eval_y=eval_y)
/home/overxpowered/padhai_in_linux/Projects/AGNITIA-TERRA06/.venv/lib/python3.12/site-packages/lightgbm/sklearn.py:1106: LGBMDeprecationWarning: The argument 'eval_set' is deprecated, use 'eval_X' and 'eval_y' instead.
  eval_set = _validate_eval_set_Xy(eval_set=eval_set, eval_X=eval_X, eval_y=eval_y)
/home/overxpowered/padhai_in_linux/Projects/AGNITIA-TERRA06/.venv/lib/python3.12/site-packages/lightgbm/sklearn.py:1106: LGBMDeprecationWarning: The argument 'eval_set' is deprecated, use 'eval_X' and 'eval_y' instead.
  eval_set = _validate_eval_set_Xy(eval_set=eval_set, eval_X=eval_X, eval_y=eval_y)
/home/overxpowered/padhai_in_linux/Projects/AGNITIA-TERRA06/.venv/lib/python3.12/site-packages/lightgbm/sklearn.py:1106: LGBMDeprecationWarning: The argument 'eval_set' is deprecated, use 'eval_X' and 'eval_y' instead.
  eval_set = _validate_eval_set_Xy(eval_set=eval_set, eval_X=eval_X, eval_y=eval_y)
2026-10-09 07:27:06,159 INFO __main__: [wind Trial 72] pinball=0.84579 params={'num_leaves': 18, 'min_child_samples': 126, 'learning_rate': 0.0357, 'subsample': 0.6901, 'colsample_bytree': 0.9533, 'reg_lambda': 0.766, 'reg_alpha': 4.558}
[I 2026-10-09 07:27:06,159] Trial 72 finished with value: 0.8457942418180467 and parameters: {'num_leaves': 18, 'min_child_samples': 126, 'learning_rate': 0.03566746278352818, 'subsample': 0.6900549553274622, 'colsample_bytree': 0.9533313577345662, 'reg_lambda': 0.7659893935856241, 'reg_alpha': 4.558035870206127}. Best is trial 36 with value: 0.8375792118323041.
/home/overxpowered/padhai_in_linux/Projects/AGNITIA-TERRA06/.venv/lib/python3.12/site-packages/lightgbm/sklearn.py:1106: LGBMDeprecationWarning: The argument 'eval_set' is deprecated, use 'eval_X' and 'eval_y' instead.
  eval_set = _validate_eval_set_Xy(eval_set=eval_set, eval_X=eval_X, eval_y=eval_y)
/home/overxpowered/padhai_in_linux/Projects/AGNITIA-TERRA06/.venv/lib/python3.12/site-packages/lightgbm/sklearn.py:1106: LGBMDeprecationWarning: The argument 'eval_set' is deprecated, use 'eval_X' and 'eval_y' instead.
  eval_set = _validate_eval_set_Xy(eval_set=eval_set, eval_X=eval_X, eval_y=eval_y)
/home/overxpowered/padhai_in_linux/Projects/AGNITIA-TERRA06/.venv/lib/python3.12/site-packages/lightgbm/sklearn.py:1106: LGBMDeprecationWarning: The argument 'eval_set' is deprecated, use 'eval_X' and 'eval_y' instead.
  eval_set = _validate_eval_set_Xy(eval_set=eval_set, eval_X=eval_X, eval_y=eval_y)
/home/overxpowered/padhai_in_linux/Projects/AGNITIA-TERRA06/.venv/lib/python3.12/site-packages/lightgbm/sklearn.py:1106: LGBMDeprecationWarning: The argument 'eval_set' is deprecated, use 'eval_X' and 'eval_y' instead.
  eval_set = _validate_eval_set_Xy(eval_set=eval_set, eval_X=eval_X, eval_y=eval_y)
/home/overxpowered/padhai_in_linux/Projects/AGNITIA-TERRA06/.venv/lib/python3.12/site-packages/lightgbm/sklearn.py:1106: LGBMDeprecationWarning: The argument 'eval_set' is deprecated, use 'eval_X' and 'eval_y' instead.
  eval_set = _validate_eval_set_Xy(eval_set=eval_set, eval_X=eval_X, eval_y=eval_y)
2026-10-09 07:27:19,884 INFO __main__: [wind Trial 73] pinball=0.84247 params={'num_leaves': 16, 'min_child_samples': 126, 'learning_rate': 0.0218, 'subsample': 0.6659, 'colsample_bytree': 0.9526, 'reg_lambda': 1.141, 'reg_alpha': 3.5989}
[I 2026-10-09 07:27:19,884] Trial 73 finished with value: 0.8424732532036561 and parameters: {'num_leaves': 16, 'min_child_samples': 126, 'learning_rate': 0.021782832979668282, 'subsample': 0.6658537660654207, 'colsample_bytree': 0.9526493110693792, 'reg_lambda': 1.141036444146637, 'reg_alpha': 3.5988676239797233}. Best is trial 36 with value: 0.8375792118323041.
/home/overxpowered/padhai_in_linux/Projects/AGNITIA-TERRA06/.venv/lib/python3.12/site-packages/lightgbm/sklearn.py:1106: LGBMDeprecationWarning: The argument 'eval_set' is deprecated, use 'eval_X' and 'eval_y' instead.
  eval_set = _validate_eval_set_Xy(eval_set=eval_set, eval_X=eval_X, eval_y=eval_y)
/home/overxpowered/padhai_in_linux/Projects/AGNITIA-TERRA06/.venv/lib/python3.12/site-packages/lightgbm/sklearn.py:1106: LGBMDeprecationWarning: The argument 'eval_set' is deprecated, use 'eval_X' and 'eval_y' instead.
  eval_set = _validate_eval_set_Xy(eval_set=eval_set, eval_X=eval_X, eval_y=eval_y)
/home/overxpowered/padhai_in_linux/Projects/AGNITIA-TERRA06/.venv/lib/python3.12/site-packages/lightgbm/sklearn.py:1106: LGBMDeprecationWarning: The argument 'eval_set' is deprecated, use 'eval_X' and 'eval_y' instead.
  eval_set = _validate_eval_set_Xy(eval_set=eval_set, eval_X=eval_X, eval_y=eval_y)
/home/overxpowered/padhai_in_linux/Projects/AGNITIA-TERRA06/.venv/lib/python3.12/site-packages/lightgbm/sklearn.py:1106: LGBMDeprecationWarning: The argument 'eval_set' is deprecated, use 'eval_X' and 'eval_y' instead.
  eval_set = _validate_eval_set_Xy(eval_set=eval_set, eval_X=eval_X, eval_y=eval_y)
/home/overxpowered/padhai_in_linux/Projects/AGNITIA-TERRA06/.venv/lib/python3.12/site-packages/lightgbm/sklearn.py:1106: LGBMDeprecationWarning: The argument 'eval_set' is deprecated, use 'eval_X' and 'eval_y' instead.
  eval_set = _validate_eval_set_Xy(eval_set=eval_set, eval_X=eval_X, eval_y=eval_y)
2026-10-09 07:27:33,709 INFO __main__: [wind Trial 74] pinball=0.84086 params={'num_leaves': 17, 'min_child_samples': 109, 'learning_rate': 0.022, 'subsample': 0.7109, 'colsample_bytree': 0.9598, 'reg_lambda': 0.0146, 'reg_alpha': 3.8769}
[I 2026-10-09 07:27:33,710] Trial 74 finished with value: 0.8408569901507945 and parameters: {'num_leaves': 17, 'min_child_samples': 109, 'learning_rate': 0.021952623766717146, 'subsample': 0.7109165775031283, 'colsample_bytree': 0.9598476726007296, 'reg_lambda': 0.014639862547320415, 'reg_alpha': 3.8769352308376557}. Best is trial 36 with value: 0.8375792118323041.
/home/overxpowered/padhai_in_linux/Projects/AGNITIA-TERRA06/.venv/lib/python3.12/site-packages/lightgbm/sklearn.py:1106: LGBMDeprecationWarning: The argument 'eval_set' is deprecated, use 'eval_X' and 'eval_y' instead.
  eval_set = _validate_eval_set_Xy(eval_set=eval_set, eval_X=eval_X, eval_y=eval_y)
/home/overxpowered/padhai_in_linux/Projects/AGNITIA-TERRA06/.venv/lib/python3.12/site-packages/lightgbm/sklearn.py:1106: LGBMDeprecationWarning: The argument 'eval_set' is deprecated, use 'eval_X' and 'eval_y' instead.
  eval_set = _validate_eval_set_Xy(eval_set=eval_set, eval_X=eval_X, eval_y=eval_y)
/home/overxpowered/padhai_in_linux/Projects/AGNITIA-TERRA06/.venv/lib/python3.12/site-packages/lightgbm/sklearn.py:1106: LGBMDeprecationWarning: The argument 'eval_set' is deprecated, use 'eval_X' and 'eval_y' instead.
  eval_set = _validate_eval_set_Xy(eval_set=eval_set, eval_X=eval_X, eval_y=eval_y)
/home/overxpowered/padhai_in_linux/Projects/AGNITIA-TERRA06/.venv/lib/python3.12/site-packages/lightgbm/sklearn.py:1106: LGBMDeprecationWarning: The argument 'eval_set' is deprecated, use 'eval_X' and 'eval_y' instead.
  eval_set = _validate_eval_set_Xy(eval_set=eval_set, eval_X=eval_X, eval_y=eval_y)
/home/overxpowered/padhai_in_linux/Projects/AGNITIA-TERRA06/.venv/lib/python3.12/site-packages/lightgbm/sklearn.py:1106: LGBMDeprecationWarning: The argument 'eval_set' is deprecated, use 'eval_X' and 'eval_y' instead.
  eval_set = _validate_eval_set_Xy(eval_set=eval_set, eval_X=eval_X, eval_y=eval_y)
2026-10-09 07:27:50,843 INFO __main__: [wind Trial 75] pinball=0.83417 params={'num_leaves': 15, 'min_child_samples': 117, 'learning_rate': 0.031, 'subsample': 0.7198, 'colsample_bytree': 0.9175, 'reg_lambda': 0.8373, 'reg_alpha': 3.986}
[I 2026-10-09 07:27:50,843] Trial 75 finished with value: 0.834166690773951 and parameters: {'num_leaves': 15, 'min_child_samples': 117, 'learning_rate': 0.03104335494211518, 'subsample': 0.7197908331973214, 'colsample_bytree': 0.9175011100040382, 'reg_lambda': 0.837343853327575, 'reg_alpha': 3.986030317916101}. Best is trial 75 with value: 0.834166690773951.
/home/overxpowered/padhai_in_linux/Projects/AGNITIA-TERRA06/.venv/lib/python3.12/site-packages/lightgbm/sklearn.py:1106: LGBMDeprecationWarning: The argument 'eval_set' is deprecated, use 'eval_X' and 'eval_y' instead.
  eval_set = _validate_eval_set_Xy(eval_set=eval_set, eval_X=eval_X, eval_y=eval_y)
/home/overxpowered/padhai_in_linux/Projects/AGNITIA-TERRA06/.venv/lib/python3.12/site-packages/lightgbm/sklearn.py:1106: LGBMDeprecationWarning: The argument 'eval_set' is deprecated, use 'eval_X' and 'eval_y' instead.
  eval_set = _validate_eval_set_Xy(eval_set=eval_set, eval_X=eval_X, eval_y=eval_y)
/home/overxpowered/padhai_in_linux/Projects/AGNITIA-TERRA06/.venv/lib/python3.12/site-packages/lightgbm/sklearn.py:1106: LGBMDeprecationWarning: The argument 'eval_set' is deprecated, use 'eval_X' and 'eval_y' instead.
  eval_set = _validate_eval_set_Xy(eval_set=eval_set, eval_X=eval_X, eval_y=eval_y)
/home/overxpowered/padhai_in_linux/Projects/AGNITIA-TERRA06/.venv/lib/python3.12/site-packages/lightgbm/sklearn.py:1106: LGBMDeprecationWarning: The argument 'eval_set' is deprecated, use 'eval_X' and 'eval_y' instead.
  eval_set = _validate_eval_set_Xy(eval_set=eval_set, eval_X=eval_X, eval_y=eval_y)
/home/overxpowered/padhai_in_linux/Projects/AGNITIA-TERRA06/.venv/lib/python3.12/site-packages/lightgbm/sklearn.py:1106: LGBMDeprecationWarning: The argument 'eval_set' is deprecated, use 'eval_X' and 'eval_y' instead.
  eval_set = _validate_eval_set_Xy(eval_set=eval_set, eval_X=eval_X, eval_y=eval_y)
2026-10-09 07:28:03,517 INFO __main__: [wind Trial 76] pinball=0.85205 params={'num_leaves': 23, 'min_child_samples': 108, 'learning_rate': 0.0251, 'subsample': 0.7332, 'colsample_bytree': 0.9501, 'reg_lambda': 0.9759, 'reg_alpha': 4.2421}
[I 2026-10-09 07:28:03,517] Trial 76 finished with value: 0.8520480924242518 and parameters: {'num_leaves': 23, 'min_child_samples': 108, 'learning_rate': 0.025089052861498828, 'subsample': 0.7332408316887101, 'colsample_bytree': 0.9501131223234586, 'reg_lambda': 0.9758801862079447, 'reg_alpha': 4.242123564189588}. Best is trial 75 with value: 0.834166690773951.
/home/overxpowered/padhai_in_linux/Projects/AGNITIA-TERRA06/.venv/lib/python3.12/site-packages/lightgbm/sklearn.py:1106: LGBMDeprecationWarning: The argument 'eval_set' is deprecated, use 'eval_X' and 'eval_y' instead.
  eval_set = _validate_eval_set_Xy(eval_set=eval_set, eval_X=eval_X, eval_y=eval_y)
/home/overxpowered/padhai_in_linux/Projects/AGNITIA-TERRA06/.venv/lib/python3.12/site-packages/lightgbm/sklearn.py:1106: LGBMDeprecationWarning: The argument 'eval_set' is deprecated, use 'eval_X' and 'eval_y' instead.
  eval_set = _validate_eval_set_Xy(eval_set=eval_set, eval_X=eval_X, eval_y=eval_y)
/home/overxpowered/padhai_in_linux/Projects/AGNITIA-TERRA06/.venv/lib/python3.12/site-packages/lightgbm/sklearn.py:1106: LGBMDeprecationWarning: The argument 'eval_set' is deprecated, use 'eval_X' and 'eval_y' instead.
  eval_set = _validate_eval_set_Xy(eval_set=eval_set, eval_X=eval_X, eval_y=eval_y)
/home/overxpowered/padhai_in_linux/Projects/AGNITIA-TERRA06/.venv/lib/python3.12/site-packages/lightgbm/sklearn.py:1106: LGBMDeprecationWarning: The argument 'eval_set' is deprecated, use 'eval_X' and 'eval_y' instead.
  eval_set = _validate_eval_set_Xy(eval_set=eval_set, eval_X=eval_X, eval_y=eval_y)
/home/overxpowered/padhai_in_linux/Projects/AGNITIA-TERRA06/.venv/lib/python3.12/site-packages/lightgbm/sklearn.py:1106: LGBMDeprecationWarning: The argument 'eval_set' is deprecated, use 'eval_X' and 'eval_y' instead.
  eval_set = _validate_eval_set_Xy(eval_set=eval_set, eval_X=eval_X, eval_y=eval_y)
2026-10-09 07:28:19,515 INFO __main__: [wind Trial 77] pinball=0.83692 params={'num_leaves': 15, 'min_child_samples': 117, 'learning_rate': 0.0194, 'subsample': 0.6867, 'colsample_bytree': 0.897, 'reg_lambda': 1.3095, 'reg_alpha': 3.7652}
[I 2026-10-09 07:28:19,516] Trial 77 finished with value: 0.8369221833766447 and parameters: {'num_leaves': 15, 'min_child_samples': 117, 'learning_rate': 0.019354605661371264, 'subsample': 0.6866895373510299, 'colsample_bytree': 0.8969966626555139, 'reg_lambda': 1.309489831729466, 'reg_alpha': 3.7651774071521213}. Best is trial 75 with value: 0.834166690773951.
/home/overxpowered/padhai_in_linux/Projects/AGNITIA-TERRA06/.venv/lib/python3.12/site-packages/lightgbm/sklearn.py:1106: LGBMDeprecationWarning: The argument 'eval_set' is deprecated, use 'eval_X' and 'eval_y' instead.
  eval_set = _validate_eval_set_Xy(eval_set=eval_set, eval_X=eval_X, eval_y=eval_y)
/home/overxpowered/padhai_in_linux/Projects/AGNITIA-TERRA06/.venv/lib/python3.12/site-packages/lightgbm/sklearn.py:1106: LGBMDeprecationWarning: The argument 'eval_set' is deprecated, use 'eval_X' and 'eval_y' instead.
  eval_set = _validate_eval_set_Xy(eval_set=eval_set, eval_X=eval_X, eval_y=eval_y)
/home/overxpowered/padhai_in_linux/Projects/AGNITIA-TERRA06/.venv/lib/python3.12/site-packages/lightgbm/sklearn.py:1106: LGBMDeprecationWarning: The argument 'eval_set' is deprecated, use 'eval_X' and 'eval_y' instead.
  eval_set = _validate_eval_set_Xy(eval_set=eval_set, eval_X=eval_X, eval_y=eval_y)
/home/overxpowered/padhai_in_linux/Projects/AGNITIA-TERRA06/.venv/lib/python3.12/site-packages/lightgbm/sklearn.py:1106: LGBMDeprecationWarning: The argument 'eval_set' is deprecated, use 'eval_X' and 'eval_y' instead.
  eval_set = _validate_eval_set_Xy(eval_set=eval_set, eval_X=eval_X, eval_y=eval_y)
/home/overxpowered/padhai_in_linux/Projects/AGNITIA-TERRA06/.venv/lib/python3.12/site-packages/lightgbm/sklearn.py:1106: LGBMDeprecationWarning: The argument 'eval_set' is deprecated, use 'eval_X' and 'eval_y' instead.
  eval_set = _validate_eval_set_Xy(eval_set=eval_set, eval_X=eval_X, eval_y=eval_y)
2026-10-09 07:28:36,279 INFO __main__: [wind Trial 78] pinball=0.84676 params={'num_leaves': 18, 'min_child_samples': 125, 'learning_rate': 0.0182, 'subsample': 0.6787, 'colsample_bytree': 0.8893, 'reg_lambda': 1.5572, 'reg_alpha': 3.4962}
[I 2026-10-09 07:28:36,279] Trial 78 finished with value: 0.8467621981429474 and parameters: {'num_leaves': 18, 'min_child_samples': 125, 'learning_rate': 0.018239453703155523, 'subsample': 0.6786904519323699, 'colsample_bytree': 0.8893293870373156, 'reg_lambda': 1.5572145171910448, 'reg_alpha': 3.4961797571280204}. Best is trial 75 with value: 0.834166690773951.
/home/overxpowered/padhai_in_linux/Projects/AGNITIA-TERRA06/.venv/lib/python3.12/site-packages/lightgbm/sklearn.py:1106: LGBMDeprecationWarning: The argument 'eval_set' is deprecated, use 'eval_X' and 'eval_y' instead.
  eval_set = _validate_eval_set_Xy(eval_set=eval_set, eval_X=eval_X, eval_y=eval_y)
/home/overxpowered/padhai_in_linux/Projects/AGNITIA-TERRA06/.venv/lib/python3.12/site-packages/lightgbm/sklearn.py:1106: LGBMDeprecationWarning: The argument 'eval_set' is deprecated, use 'eval_X' and 'eval_y' instead.
  eval_set = _validate_eval_set_Xy(eval_set=eval_set, eval_X=eval_X, eval_y=eval_y)
/home/overxpowered/padhai_in_linux/Projects/AGNITIA-TERRA06/.venv/lib/python3.12/site-packages/lightgbm/sklearn.py:1106: LGBMDeprecationWarning: The argument 'eval_set' is deprecated, use 'eval_X' and 'eval_y' instead.
  eval_set = _validate_eval_set_Xy(eval_set=eval_set, eval_X=eval_X, eval_y=eval_y)
/home/overxpowered/padhai_in_linux/Projects/AGNITIA-TERRA06/.venv/lib/python3.12/site-packages/lightgbm/sklearn.py:1106: LGBMDeprecationWarning: The argument 'eval_set' is deprecated, use 'eval_X' and 'eval_y' instead.
  eval_set = _validate_eval_set_Xy(eval_set=eval_set, eval_X=eval_X, eval_y=eval_y)
/home/overxpowered/padhai_in_linux/Projects/AGNITIA-TERRA06/.venv/lib/python3.12/site-packages/lightgbm/sklearn.py:1106: LGBMDeprecationWarning: The argument 'eval_set' is deprecated, use 'eval_X' and 'eval_y' instead.
  eval_set = _validate_eval_set_Xy(eval_set=eval_set, eval_X=eval_X, eval_y=eval_y)
2026-10-09 07:28:49,286 INFO __main__: [wind Trial 79] pinball=0.83871 params={'num_leaves': 18, 'min_child_samples': 135, 'learning_rate': 0.0266, 'subsample': 0.6853, 'colsample_bytree': 0.9551, 'reg_lambda': 0.0653, 'reg_alpha': 3.5626}
[I 2026-10-09 07:28:49,286] Trial 79 finished with value: 0.8387055153236801 and parameters: {'num_leaves': 18, 'min_child_samples': 135, 'learning_rate': 0.02656686510918542, 'subsample': 0.6853455719780401, 'colsample_bytree': 0.9550558750785306, 'reg_lambda': 0.06533324362509352, 'reg_alpha': 3.562568364711922}. Best is trial 75 with value: 0.834166690773951.
/home/overxpowered/padhai_in_linux/Projects/AGNITIA-TERRA06/.venv/lib/python3.12/site-packages/lightgbm/sklearn.py:1106: LGBMDeprecationWarning: The argument 'eval_set' is deprecated, use 'eval_X' and 'eval_y' instead.
  eval_set = _validate_eval_set_Xy(eval_set=eval_set, eval_X=eval_X, eval_y=eval_y)
/home/overxpowered/padhai_in_linux/Projects/AGNITIA-TERRA06/.venv/lib/python3.12/site-packages/lightgbm/sklearn.py:1106: LGBMDeprecationWarning: The argument 'eval_set' is deprecated, use 'eval_X' and 'eval_y' instead.
  eval_set = _validate_eval_set_Xy(eval_set=eval_set, eval_X=eval_X, eval_y=eval_y)
/home/overxpowered/padhai_in_linux/Projects/AGNITIA-TERRA06/.venv/lib/python3.12/site-packages/lightgbm/sklearn.py:1106: LGBMDeprecationWarning: The argument 'eval_set' is deprecated, use 'eval_X' and 'eval_y' instead.
  eval_set = _validate_eval_set_Xy(eval_set=eval_set, eval_X=eval_X, eval_y=eval_y)
/home/overxpowered/padhai_in_linux/Projects/AGNITIA-TERRA06/.venv/lib/python3.12/site-packages/lightgbm/sklearn.py:1106: LGBMDeprecationWarning: The argument 'eval_set' is deprecated, use 'eval_X' and 'eval_y' instead.
  eval_set = _validate_eval_set_Xy(eval_set=eval_set, eval_X=eval_X, eval_y=eval_y)
/home/overxpowered/padhai_in_linux/Projects/AGNITIA-TERRA06/.venv/lib/python3.12/site-packages/lightgbm/sklearn.py:1106: LGBMDeprecationWarning: The argument 'eval_set' is deprecated, use 'eval_X' and 'eval_y' instead.
  eval_set = _validate_eval_set_Xy(eval_set=eval_set, eval_X=eval_X, eval_y=eval_y)
2026-10-09 07:29:03,946 INFO __main__: [wind Trial 80] pinball=0.83933 params={'num_leaves': 15, 'min_child_samples': 115, 'learning_rate': 0.0238, 'subsample': 0.682, 'colsample_bytree': 0.8947, 'reg_lambda': 0.3772, 'reg_alpha': 3.4373}
[I 2026-10-09 07:29:03,946] Trial 80 finished with value: 0.8393275308185564 and parameters: {'num_leaves': 15, 'min_child_samples': 115, 'learning_rate': 0.023816437043001147, 'subsample': 0.68195707116663, 'colsample_bytree': 0.8947009918255605, 'reg_lambda': 0.3772321711755928, 'reg_alpha': 3.437269198202772}. Best is trial 75 with value: 0.834166690773951.
/home/overxpowered/padhai_in_linux/Projects/AGNITIA-TERRA06/.venv/lib/python3.12/site-packages/lightgbm/sklearn.py:1106: LGBMDeprecationWarning: The argument 'eval_set' is deprecated, use 'eval_X' and 'eval_y' instead.
  eval_set = _validate_eval_set_Xy(eval_set=eval_set, eval_X=eval_X, eval_y=eval_y)
/home/overxpowered/padhai_in_linux/Projects/AGNITIA-TERRA06/.venv/lib/python3.12/site-packages/lightgbm/sklearn.py:1106: LGBMDeprecationWarning: The argument 'eval_set' is deprecated, use 'eval_X' and 'eval_y' instead.
  eval_set = _validate_eval_set_Xy(eval_set=eval_set, eval_X=eval_X, eval_y=eval_y)
/home/overxpowered/padhai_in_linux/Projects/AGNITIA-TERRA06/.venv/lib/python3.12/site-packages/lightgbm/sklearn.py:1106: LGBMDeprecationWarning: The argument 'eval_set' is deprecated, use 'eval_X' and 'eval_y' instead.
  eval_set = _validate_eval_set_Xy(eval_set=eval_set, eval_X=eval_X, eval_y=eval_y)
/home/overxpowered/padhai_in_linux/Projects/AGNITIA-TERRA06/.venv/lib/python3.12/site-packages/lightgbm/sklearn.py:1106: LGBMDeprecationWarning: The argument 'eval_set' is deprecated, use 'eval_X' and 'eval_y' instead.
  eval_set = _validate_eval_set_Xy(eval_set=eval_set, eval_X=eval_X, eval_y=eval_y)
/home/overxpowered/padhai_in_linux/Projects/AGNITIA-TERRA06/.venv/lib/python3.12/site-packages/lightgbm/sklearn.py:1106: LGBMDeprecationWarning: The argument 'eval_set' is deprecated, use 'eval_X' and 'eval_y' instead.
  eval_set = _validate_eval_set_Xy(eval_set=eval_set, eval_X=eval_X, eval_y=eval_y)
2026-10-09 07:29:17,560 INFO __main__: [wind Trial 81] pinball=0.85848 params={'num_leaves': 26, 'min_child_samples': 113, 'learning_rate': 0.02, 'subsample': 0.6776, 'colsample_bytree': 0.9087, 'reg_lambda': 1.0872, 'reg_alpha': 3.3549}
[I 2026-10-09 07:29:17,560] Trial 81 finished with value: 0.8584801793936295 and parameters: {'num_leaves': 26, 'min_child_samples': 113, 'learning_rate': 0.020042872323344226, 'subsample': 0.6775817359342068, 'colsample_bytree': 0.9087203842412749, 'reg_lambda': 1.0872021974658883, 'reg_alpha': 3.3548562168432863}. Best is trial 75 with value: 0.834166690773951.
/home/overxpowered/padhai_in_linux/Projects/AGNITIA-TERRA06/.venv/lib/python3.12/site-packages/lightgbm/sklearn.py:1106: LGBMDeprecationWarning: The argument 'eval_set' is deprecated, use 'eval_X' and 'eval_y' instead.
  eval_set = _validate_eval_set_Xy(eval_set=eval_set, eval_X=eval_X, eval_y=eval_y)
/home/overxpowered/padhai_in_linux/Projects/AGNITIA-TERRA06/.venv/lib/python3.12/site-packages/lightgbm/sklearn.py:1106: LGBMDeprecationWarning: The argument 'eval_set' is deprecated, use 'eval_X' and 'eval_y' instead.
  eval_set = _validate_eval_set_Xy(eval_set=eval_set, eval_X=eval_X, eval_y=eval_y)
/home/overxpowered/padhai_in_linux/Projects/AGNITIA-TERRA06/.venv/lib/python3.12/site-packages/lightgbm/sklearn.py:1106: LGBMDeprecationWarning: The argument 'eval_set' is deprecated, use 'eval_X' and 'eval_y' instead.
  eval_set = _validate_eval_set_Xy(eval_set=eval_set, eval_X=eval_X, eval_y=eval_y)
/home/overxpowered/padhai_in_linux/Projects/AGNITIA-TERRA06/.venv/lib/python3.12/site-packages/lightgbm/sklearn.py:1106: LGBMDeprecationWarning: The argument 'eval_set' is deprecated, use 'eval_X' and 'eval_y' instead.
  eval_set = _validate_eval_set_Xy(eval_set=eval_set, eval_X=eval_X, eval_y=eval_y)
/home/overxpowered/padhai_in_linux/Projects/AGNITIA-TERRA06/.venv/lib/python3.12/site-packages/lightgbm/sklearn.py:1106: LGBMDeprecationWarning: The argument 'eval_set' is deprecated, use 'eval_X' and 'eval_y' instead.
  eval_set = _validate_eval_set_Xy(eval_set=eval_set, eval_X=eval_X, eval_y=eval_y)
2026-10-09 07:29:29,270 INFO __main__: [wind Trial 82] pinball=0.83937 params={'num_leaves': 17, 'min_child_samples': 121, 'learning_rate': 0.0333, 'subsample': 0.6878, 'colsample_bytree': 0.9189, 'reg_lambda': 1.6177, 'reg_alpha': 3.6586}
[I 2026-10-09 07:29:29,270] Trial 82 finished with value: 0.8393666276464788 and parameters: {'num_leaves': 17, 'min_child_samples': 121, 'learning_rate': 0.03327333738753407, 'subsample': 0.687833511781282, 'colsample_bytree': 0.9189460838933281, 'reg_lambda': 1.6177437308068863, 'reg_alpha': 3.65860813845799}. Best is trial 75 with value: 0.834166690773951.
/home/overxpowered/padhai_in_linux/Projects/AGNITIA-TERRA06/.venv/lib/python3.12/site-packages/lightgbm/sklearn.py:1106: LGBMDeprecationWarning: The argument 'eval_set' is deprecated, use 'eval_X' and 'eval_y' instead.
  eval_set = _validate_eval_set_Xy(eval_set=eval_set, eval_X=eval_X, eval_y=eval_y)
/home/overxpowered/padhai_in_linux/Projects/AGNITIA-TERRA06/.venv/lib/python3.12/site-packages/lightgbm/sklearn.py:1106: LGBMDeprecationWarning: The argument 'eval_set' is deprecated, use 'eval_X' and 'eval_y' instead.
  eval_set = _validate_eval_set_Xy(eval_set=eval_set, eval_X=eval_X, eval_y=eval_y)
/home/overxpowered/padhai_in_linux/Projects/AGNITIA-TERRA06/.venv/lib/python3.12/site-packages/lightgbm/sklearn.py:1106: LGBMDeprecationWarning: The argument 'eval_set' is deprecated, use 'eval_X' and 'eval_y' instead.
  eval_set = _validate_eval_set_Xy(eval_set=eval_set, eval_X=eval_X, eval_y=eval_y)
/home/overxpowered/padhai_in_linux/Projects/AGNITIA-TERRA06/.venv/lib/python3.12/site-packages/lightgbm/sklearn.py:1106: LGBMDeprecationWarning: The argument 'eval_set' is deprecated, use 'eval_X' and 'eval_y' instead.
  eval_set = _validate_eval_set_Xy(eval_set=eval_set, eval_X=eval_X, eval_y=eval_y)
/home/overxpowered/padhai_in_linux/Projects/AGNITIA-TERRA06/.venv/lib/python3.12/site-packages/lightgbm/sklearn.py:1106: LGBMDeprecationWarning: The argument 'eval_set' is deprecated, use 'eval_X' and 'eval_y' instead.
  eval_set = _validate_eval_set_Xy(eval_set=eval_set, eval_X=eval_X, eval_y=eval_y)
2026-10-09 07:29:41,091 INFO __main__: [wind Trial 83] pinball=0.85754 params={'num_leaves': 25, 'min_child_samples': 120, 'learning_rate': 0.0288, 'subsample': 0.7188, 'colsample_bytree': 0.9708, 'reg_lambda': 0.4084, 'reg_alpha': 3.9914}
[I 2026-10-09 07:29:41,091] Trial 83 finished with value: 0.8575358328095248 and parameters: {'num_leaves': 25, 'min_child_samples': 120, 'learning_rate': 0.028824149850502082, 'subsample': 0.7188411971245362, 'colsample_bytree': 0.9708166764402181, 'reg_lambda': 0.4083840092585319, 'reg_alpha': 3.991447417922138}. Best is trial 75 with value: 0.834166690773951.
/home/overxpowered/padhai_in_linux/Projects/AGNITIA-TERRA06/.venv/lib/python3.12/site-packages/lightgbm/sklearn.py:1106: LGBMDeprecationWarning: The argument 'eval_set' is deprecated, use 'eval_X' and 'eval_y' instead.
  eval_set = _validate_eval_set_Xy(eval_set=eval_set, eval_X=eval_X, eval_y=eval_y)
/home/overxpowered/padhai_in_linux/Projects/AGNITIA-TERRA06/.venv/lib/python3.12/site-packages/lightgbm/sklearn.py:1106: LGBMDeprecationWarning: The argument 'eval_set' is deprecated, use 'eval_X' and 'eval_y' instead.
  eval_set = _validate_eval_set_Xy(eval_set=eval_set, eval_X=eval_X, eval_y=eval_y)
/home/overxpowered/padhai_in_linux/Projects/AGNITIA-TERRA06/.venv/lib/python3.12/site-packages/lightgbm/sklearn.py:1106: LGBMDeprecationWarning: The argument 'eval_set' is deprecated, use 'eval_X' and 'eval_y' instead.
  eval_set = _validate_eval_set_Xy(eval_set=eval_set, eval_X=eval_X, eval_y=eval_y)
/home/overxpowered/padhai_in_linux/Projects/AGNITIA-TERRA06/.venv/lib/python3.12/site-packages/lightgbm/sklearn.py:1106: LGBMDeprecationWarning: The argument 'eval_set' is deprecated, use 'eval_X' and 'eval_y' instead.
  eval_set = _validate_eval_set_Xy(eval_set=eval_set, eval_X=eval_X, eval_y=eval_y)
/home/overxpowered/padhai_in_linux/Projects/AGNITIA-TERRA06/.venv/lib/python3.12/site-packages/lightgbm/sklearn.py:1106: LGBMDeprecationWarning: The argument 'eval_set' is deprecated, use 'eval_X' and 'eval_y' instead.
  eval_set = _validate_eval_set_Xy(eval_set=eval_set, eval_X=eval_X, eval_y=eval_y)
2026-10-09 07:29:54,827 INFO __main__: [wind Trial 84] pinball=0.84467 params={'num_leaves': 17, 'min_child_samples': 122, 'learning_rate': 0.0338, 'subsample': 0.6735, 'colsample_bytree': 0.9709, 'reg_lambda': 0.0912, 'reg_alpha': 3.3555}
[I 2026-10-09 07:29:54,827] Trial 84 finished with value: 0.8446680092727599 and parameters: {'num_leaves': 17, 'min_child_samples': 122, 'learning_rate': 0.033787399737748226, 'subsample': 0.6734720228087129, 'colsample_bytree': 0.970892624110377, 'reg_lambda': 0.09118531135508835, 'reg_alpha': 3.355459572983488}. Best is trial 75 with value: 0.834166690773951.
/home/overxpowered/padhai_in_linux/Projects/AGNITIA-TERRA06/.venv/lib/python3.12/site-packages/lightgbm/sklearn.py:1106: LGBMDeprecationWarning: The argument 'eval_set' is deprecated, use 'eval_X' and 'eval_y' instead.
  eval_set = _validate_eval_set_Xy(eval_set=eval_set, eval_X=eval_X, eval_y=eval_y)
/home/overxpowered/padhai_in_linux/Projects/AGNITIA-TERRA06/.venv/lib/python3.12/site-packages/lightgbm/sklearn.py:1106: LGBMDeprecationWarning: The argument 'eval_set' is deprecated, use 'eval_X' and 'eval_y' instead.
  eval_set = _validate_eval_set_Xy(eval_set=eval_set, eval_X=eval_X, eval_y=eval_y)
/home/overxpowered/padhai_in_linux/Projects/AGNITIA-TERRA06/.venv/lib/python3.12/site-packages/lightgbm/sklearn.py:1106: LGBMDeprecationWarning: The argument 'eval_set' is deprecated, use 'eval_X' and 'eval_y' instead.
  eval_set = _validate_eval_set_Xy(eval_set=eval_set, eval_X=eval_X, eval_y=eval_y)
/home/overxpowered/padhai_in_linux/Projects/AGNITIA-TERRA06/.venv/lib/python3.12/site-packages/lightgbm/sklearn.py:1106: LGBMDeprecationWarning: The argument 'eval_set' is deprecated, use 'eval_X' and 'eval_y' instead.
  eval_set = _validate_eval_set_Xy(eval_set=eval_set, eval_X=eval_X, eval_y=eval_y)
/home/overxpowered/padhai_in_linux/Projects/AGNITIA-TERRA06/.venv/lib/python3.12/site-packages/lightgbm/sklearn.py:1106: LGBMDeprecationWarning: The argument 'eval_set' is deprecated, use 'eval_X' and 'eval_y' instead.
  eval_set = _validate_eval_set_Xy(eval_set=eval_set, eval_X=eval_X, eval_y=eval_y)
2026-10-09 07:30:12,031 INFO __main__: [wind Trial 85] pinball=0.84429 params={'num_leaves': 20, 'min_child_samples': 133, 'learning_rate': 0.0213, 'subsample': 0.6762, 'colsample_bytree': 0.9628, 'reg_lambda': 1.5196, 'reg_alpha': 4.0085}
[I 2026-10-09 07:30:12,031] Trial 85 finished with value: 0.844286858272025 and parameters: {'num_leaves': 20, 'min_child_samples': 133, 'learning_rate': 0.02128312744147039, 'subsample': 0.6762204962374848, 'colsample_bytree': 0.9627883810469888, 'reg_lambda': 1.5196001058102773, 'reg_alpha': 4.008517601626843}. Best is trial 75 with value: 0.834166690773951.
/home/overxpowered/padhai_in_linux/Projects/AGNITIA-TERRA06/.venv/lib/python3.12/site-packages/lightgbm/sklearn.py:1106: LGBMDeprecationWarning: The argument 'eval_set' is deprecated, use 'eval_X' and 'eval_y' instead.
  eval_set = _validate_eval_set_Xy(eval_set=eval_set, eval_X=eval_X, eval_y=eval_y)
/home/overxpowered/padhai_in_linux/Projects/AGNITIA-TERRA06/.venv/lib/python3.12/site-packages/lightgbm/sklearn.py:1106: LGBMDeprecationWarning: The argument 'eval_set' is deprecated, use 'eval_X' and 'eval_y' instead.
  eval_set = _validate_eval_set_Xy(eval_set=eval_set, eval_X=eval_X, eval_y=eval_y)
/home/overxpowered/padhai_in_linux/Projects/AGNITIA-TERRA06/.venv/lib/python3.12/site-packages/lightgbm/sklearn.py:1106: LGBMDeprecationWarning: The argument 'eval_set' is deprecated, use 'eval_X' and 'eval_y' instead.
  eval_set = _validate_eval_set_Xy(eval_set=eval_set, eval_X=eval_X, eval_y=eval_y)
/home/overxpowered/padhai_in_linux/Projects/AGNITIA-TERRA06/.venv/lib/python3.12/site-packages/lightgbm/sklearn.py:1106: LGBMDeprecationWarning: The argument 'eval_set' is deprecated, use 'eval_X' and 'eval_y' instead.
  eval_set = _validate_eval_set_Xy(eval_set=eval_set, eval_X=eval_X, eval_y=eval_y)
/home/overxpowered/padhai_in_linux/Projects/AGNITIA-TERRA06/.venv/lib/python3.12/site-packages/lightgbm/sklearn.py:1106: LGBMDeprecationWarning: The argument 'eval_set' is deprecated, use 'eval_X' and 'eval_y' instead.
  eval_set = _validate_eval_set_Xy(eval_set=eval_set, eval_X=eval_X, eval_y=eval_y)
2026-10-09 07:30:25,389 INFO __main__: [wind Trial 86] pinball=0.85082 params={'num_leaves': 23, 'min_child_samples': 136, 'learning_rate': 0.0233, 'subsample': 0.7102, 'colsample_bytree': 0.9306, 'reg_lambda': 0.7206, 'reg_alpha': 3.7864}
[I 2026-10-09 07:30:25,389] Trial 86 finished with value: 0.8508186784909034 and parameters: {'num_leaves': 23, 'min_child_samples': 136, 'learning_rate': 0.023288420517451863, 'subsample': 0.7101734920030977, 'colsample_bytree': 0.9305908192314123, 'reg_lambda': 0.7205833977803863, 'reg_alpha': 3.7864121478148434}. Best is trial 75 with value: 0.834166690773951.
/home/overxpowered/padhai_in_linux/Projects/AGNITIA-TERRA06/.venv/lib/python3.12/site-packages/lightgbm/sklearn.py:1106: LGBMDeprecationWarning: The argument 'eval_set' is deprecated, use 'eval_X' and 'eval_y' instead.
  eval_set = _validate_eval_set_Xy(eval_set=eval_set, eval_X=eval_X, eval_y=eval_y)
/home/overxpowered/padhai_in_linux/Projects/AGNITIA-TERRA06/.venv/lib/python3.12/site-packages/lightgbm/sklearn.py:1106: LGBMDeprecationWarning: The argument 'eval_set' is deprecated, use 'eval_X' and 'eval_y' instead.
  eval_set = _validate_eval_set_Xy(eval_set=eval_set, eval_X=eval_X, eval_y=eval_y)
/home/overxpowered/padhai_in_linux/Projects/AGNITIA-TERRA06/.venv/lib/python3.12/site-packages/lightgbm/sklearn.py:1106: LGBMDeprecationWarning: The argument 'eval_set' is deprecated, use 'eval_X' and 'eval_y' instead.
  eval_set = _validate_eval_set_Xy(eval_set=eval_set, eval_X=eval_X, eval_y=eval_y)
/home/overxpowered/padhai_in_linux/Projects/AGNITIA-TERRA06/.venv/lib/python3.12/site-packages/lightgbm/sklearn.py:1106: LGBMDeprecationWarning: The argument 'eval_set' is deprecated, use 'eval_X' and 'eval_y' instead.
  eval_set = _validate_eval_set_Xy(eval_set=eval_set, eval_X=eval_X, eval_y=eval_y)
/home/overxpowered/padhai_in_linux/Projects/AGNITIA-TERRA06/.venv/lib/python3.12/site-packages/lightgbm/sklearn.py:1106: LGBMDeprecationWarning: The argument 'eval_set' is deprecated, use 'eval_X' and 'eval_y' instead.
  eval_set = _validate_eval_set_Xy(eval_set=eval_set, eval_X=eval_X, eval_y=eval_y)
2026-10-09 07:30:40,554 INFO __main__: [wind Trial 87] pinball=0.84034 params={'num_leaves': 17, 'min_child_samples': 141, 'learning_rate': 0.0264, 'subsample': 0.6841, 'colsample_bytree': 0.952, 'reg_lambda': 0.6665, 'reg_alpha': 3.6968}
[I 2026-10-09 07:30:40,554] Trial 87 finished with value: 0.8403394356501692 and parameters: {'num_leaves': 17, 'min_child_samples': 141, 'learning_rate': 0.026407877741792787, 'subsample': 0.6841126898921737, 'colsample_bytree': 0.9519615534788082, 'reg_lambda': 0.6665139778369895, 'reg_alpha': 3.6967670580720418}. Best is trial 75 with value: 0.834166690773951.
/home/overxpowered/padhai_in_linux/Projects/AGNITIA-TERRA06/.venv/lib/python3.12/site-packages/lightgbm/sklearn.py:1106: LGBMDeprecationWarning: The argument 'eval_set' is deprecated, use 'eval_X' and 'eval_y' instead.
  eval_set = _validate_eval_set_Xy(eval_set=eval_set, eval_X=eval_X, eval_y=eval_y)
/home/overxpowered/padhai_in_linux/Projects/AGNITIA-TERRA06/.venv/lib/python3.12/site-packages/lightgbm/sklearn.py:1106: LGBMDeprecationWarning: The argument 'eval_set' is deprecated, use 'eval_X' and 'eval_y' instead.
  eval_set = _validate_eval_set_Xy(eval_set=eval_set, eval_X=eval_X, eval_y=eval_y)
/home/overxpowered/padhai_in_linux/Projects/AGNITIA-TERRA06/.venv/lib/python3.12/site-packages/lightgbm/sklearn.py:1106: LGBMDeprecationWarning: The argument 'eval_set' is deprecated, use 'eval_X' and 'eval_y' instead.
  eval_set = _validate_eval_set_Xy(eval_set=eval_set, eval_X=eval_X, eval_y=eval_y)
/home/overxpowered/padhai_in_linux/Projects/AGNITIA-TERRA06/.venv/lib/python3.12/site-packages/lightgbm/sklearn.py:1106: LGBMDeprecationWarning: The argument 'eval_set' is deprecated, use 'eval_X' and 'eval_y' instead.
  eval_set = _validate_eval_set_Xy(eval_set=eval_set, eval_X=eval_X, eval_y=eval_y)
/home/overxpowered/padhai_in_linux/Projects/AGNITIA-TERRA06/.venv/lib/python3.12/site-packages/lightgbm/sklearn.py:1106: LGBMDeprecationWarning: The argument 'eval_set' is deprecated, use 'eval_X' and 'eval_y' instead.
  eval_set = _validate_eval_set_Xy(eval_set=eval_set, eval_X=eval_X, eval_y=eval_y)
2026-10-09 07:30:53,639 INFO __main__: [wind Trial 88] pinball=0.84913 params={'num_leaves': 20, 'min_child_samples': 138, 'learning_rate': 0.0281, 'subsample': 0.7201, 'colsample_bytree': 0.9494, 'reg_lambda': 0.703, 'reg_alpha': 3.8816}
[I 2026-10-09 07:30:53,639] Trial 88 finished with value: 0.849133432326466 and parameters: {'num_leaves': 20, 'min_child_samples': 138, 'learning_rate': 0.028133510332876727, 'subsample': 0.7200965007020241, 'colsample_bytree': 0.949410782358576, 'reg_lambda': 0.7029889992146604, 'reg_alpha': 3.881648444740251}. Best is trial 75 with value: 0.834166690773951.
/home/overxpowered/padhai_in_linux/Projects/AGNITIA-TERRA06/.venv/lib/python3.12/site-packages/lightgbm/sklearn.py:1106: LGBMDeprecationWarning: The argument 'eval_set' is deprecated, use 'eval_X' and 'eval_y' instead.
  eval_set = _validate_eval_set_Xy(eval_set=eval_set, eval_X=eval_X, eval_y=eval_y)
/home/overxpowered/padhai_in_linux/Projects/AGNITIA-TERRA06/.venv/lib/python3.12/site-packages/lightgbm/sklearn.py:1106: LGBMDeprecationWarning: The argument 'eval_set' is deprecated, use 'eval_X' and 'eval_y' instead.
  eval_set = _validate_eval_set_Xy(eval_set=eval_set, eval_X=eval_X, eval_y=eval_y)
/home/overxpowered/padhai_in_linux/Projects/AGNITIA-TERRA06/.venv/lib/python3.12/site-packages/lightgbm/sklearn.py:1106: LGBMDeprecationWarning: The argument 'eval_set' is deprecated, use 'eval_X' and 'eval_y' instead.
  eval_set = _validate_eval_set_Xy(eval_set=eval_set, eval_X=eval_X, eval_y=eval_y)
/home/overxpowered/padhai_in_linux/Projects/AGNITIA-TERRA06/.venv/lib/python3.12/site-packages/lightgbm/sklearn.py:1106: LGBMDeprecationWarning: The argument 'eval_set' is deprecated, use 'eval_X' and 'eval_y' instead.
  eval_set = _validate_eval_set_Xy(eval_set=eval_set, eval_X=eval_X, eval_y=eval_y)
/home/overxpowered/padhai_in_linux/Projects/AGNITIA-TERRA06/.venv/lib/python3.12/site-packages/lightgbm/sklearn.py:1106: LGBMDeprecationWarning: The argument 'eval_set' is deprecated, use 'eval_X' and 'eval_y' instead.
  eval_set = _validate_eval_set_Xy(eval_set=eval_set, eval_X=eval_X, eval_y=eval_y)
2026-10-09 07:31:05,194 INFO __main__: [wind Trial 89] pinball=0.84043 params={'num_leaves': 16, 'min_child_samples': 113, 'learning_rate': 0.0277, 'subsample': 0.6729, 'colsample_bytree': 0.9868, 'reg_lambda': 0.3486, 'reg_alpha': 4.0385}
[I 2026-10-09 07:31:05,195] Trial 89 finished with value: 0.8404276643655949 and parameters: {'num_leaves': 16, 'min_child_samples': 113, 'learning_rate': 0.02773310211051594, 'subsample': 0.6728787638971435, 'colsample_bytree': 0.9868131445441205, 'reg_lambda': 0.3486299252965364, 'reg_alpha': 4.0384935128557125}. Best is trial 75 with value: 0.834166690773951.
/home/overxpowered/padhai_in_linux/Projects/AGNITIA-TERRA06/.venv/lib/python3.12/site-packages/lightgbm/sklearn.py:1106: LGBMDeprecationWarning: The argument 'eval_set' is deprecated, use 'eval_X' and 'eval_y' instead.
  eval_set = _validate_eval_set_Xy(eval_set=eval_set, eval_X=eval_X, eval_y=eval_y)
/home/overxpowered/padhai_in_linux/Projects/AGNITIA-TERRA06/.venv/lib/python3.12/site-packages/lightgbm/sklearn.py:1106: LGBMDeprecationWarning: The argument 'eval_set' is deprecated, use 'eval_X' and 'eval_y' instead.
  eval_set = _validate_eval_set_Xy(eval_set=eval_set, eval_X=eval_X, eval_y=eval_y)
/home/overxpowered/padhai_in_linux/Projects/AGNITIA-TERRA06/.venv/lib/python3.12/site-packages/lightgbm/sklearn.py:1106: LGBMDeprecationWarning: The argument 'eval_set' is deprecated, use 'eval_X' and 'eval_y' instead.
  eval_set = _validate_eval_set_Xy(eval_set=eval_set, eval_X=eval_X, eval_y=eval_y)
/home/overxpowered/padhai_in_linux/Projects/AGNITIA-TERRA06/.venv/lib/python3.12/site-packages/lightgbm/sklearn.py:1106: LGBMDeprecationWarning: The argument 'eval_set' is deprecated, use 'eval_X' and 'eval_y' instead.
  eval_set = _validate_eval_set_Xy(eval_set=eval_set, eval_X=eval_X, eval_y=eval_y)
/home/overxpowered/padhai_in_linux/Projects/AGNITIA-TERRA06/.venv/lib/python3.12/site-packages/lightgbm/sklearn.py:1106: LGBMDeprecationWarning: The argument 'eval_set' is deprecated, use 'eval_X' and 'eval_y' instead.
  eval_set = _validate_eval_set_Xy(eval_set=eval_set, eval_X=eval_X, eval_y=eval_y)
2026-10-09 07:31:17,620 INFO __main__: [wind Trial 90] pinball=0.84205 params={'num_leaves': 17, 'min_child_samples': 129, 'learning_rate': 0.0298, 'subsample': 0.7312, 'colsample_bytree': 0.8854, 'reg_lambda': 0.741, 'reg_alpha': 3.705}
[I 2026-10-09 07:31:17,620] Trial 90 finished with value: 0.8420513645737124 and parameters: {'num_leaves': 17, 'min_child_samples': 129, 'learning_rate': 0.029823914460242285, 'subsample': 0.7312362368181435, 'colsample_bytree': 0.8854153003306912, 'reg_lambda': 0.7409818744449004, 'reg_alpha': 3.7050280841359555}. Best is trial 75 with value: 0.834166690773951.
/home/overxpowered/padhai_in_linux/Projects/AGNITIA-TERRA06/.venv/lib/python3.12/site-packages/lightgbm/sklearn.py:1106: LGBMDeprecationWarning: The argument 'eval_set' is deprecated, use 'eval_X' and 'eval_y' instead.
  eval_set = _validate_eval_set_Xy(eval_set=eval_set, eval_X=eval_X, eval_y=eval_y)
/home/overxpowered/padhai_in_linux/Projects/AGNITIA-TERRA06/.venv/lib/python3.12/site-packages/lightgbm/sklearn.py:1106: LGBMDeprecationWarning: The argument 'eval_set' is deprecated, use 'eval_X' and 'eval_y' instead.
  eval_set = _validate_eval_set_Xy(eval_set=eval_set, eval_X=eval_X, eval_y=eval_y)
/home/overxpowered/padhai_in_linux/Projects/AGNITIA-TERRA06/.venv/lib/python3.12/site-packages/lightgbm/sklearn.py:1106: LGBMDeprecationWarning: The argument 'eval_set' is deprecated, use 'eval_X' and 'eval_y' instead.
  eval_set = _validate_eval_set_Xy(eval_set=eval_set, eval_X=eval_X, eval_y=eval_y)
/home/overxpowered/padhai_in_linux/Projects/AGNITIA-TERRA06/.venv/lib/python3.12/site-packages/lightgbm/sklearn.py:1106: LGBMDeprecationWarning: The argument 'eval_set' is deprecated, use 'eval_X' and 'eval_y' instead.
  eval_set = _validate_eval_set_Xy(eval_set=eval_set, eval_X=eval_X, eval_y=eval_y)
/home/overxpowered/padhai_in_linux/Projects/AGNITIA-TERRA06/.venv/lib/python3.12/site-packages/lightgbm/sklearn.py:1106: LGBMDeprecationWarning: The argument 'eval_set' is deprecated, use 'eval_X' and 'eval_y' instead.
  eval_set = _validate_eval_set_Xy(eval_set=eval_set, eval_X=eval_X, eval_y=eval_y)
2026-10-09 07:31:31,580 INFO __main__: [wind Trial 91] pinball=0.84585 params={'num_leaves': 19, 'min_child_samples': 116, 'learning_rate': 0.0238, 'subsample': 0.6904, 'colsample_bytree': 0.8967, 'reg_lambda': 0.4095, 'reg_alpha': 3.7726}
[I 2026-10-09 07:31:31,581] Trial 91 finished with value: 0.8458509290314151 and parameters: {'num_leaves': 19, 'min_child_samples': 116, 'learning_rate': 0.023783719085981304, 'subsample': 0.6904416400733367, 'colsample_bytree': 0.8966732806077018, 'reg_lambda': 0.40946549118068676, 'reg_alpha': 3.7726080965597815}. Best is trial 75 with value: 0.834166690773951.
/home/overxpowered/padhai_in_linux/Projects/AGNITIA-TERRA06/.venv/lib/python3.12/site-packages/lightgbm/sklearn.py:1106: LGBMDeprecationWarning: The argument 'eval_set' is deprecated, use 'eval_X' and 'eval_y' instead.
  eval_set = _validate_eval_set_Xy(eval_set=eval_set, eval_X=eval_X, eval_y=eval_y)
/home/overxpowered/padhai_in_linux/Projects/AGNITIA-TERRA06/.venv/lib/python3.12/site-packages/lightgbm/sklearn.py:1106: LGBMDeprecationWarning: The argument 'eval_set' is deprecated, use 'eval_X' and 'eval_y' instead.
  eval_set = _validate_eval_set_Xy(eval_set=eval_set, eval_X=eval_X, eval_y=eval_y)
/home/overxpowered/padhai_in_linux/Projects/AGNITIA-TERRA06/.venv/lib/python3.12/site-packages/lightgbm/sklearn.py:1106: LGBMDeprecationWarning: The argument 'eval_set' is deprecated, use 'eval_X' and 'eval_y' instead.
  eval_set = _validate_eval_set_Xy(eval_set=eval_set, eval_X=eval_X, eval_y=eval_y)
/home/overxpowered/padhai_in_linux/Projects/AGNITIA-TERRA06/.venv/lib/python3.12/site-packages/lightgbm/sklearn.py:1106: LGBMDeprecationWarning: The argument 'eval_set' is deprecated, use 'eval_X' and 'eval_y' instead.
  eval_set = _validate_eval_set_Xy(eval_set=eval_set, eval_X=eval_X, eval_y=eval_y)
/home/overxpowered/padhai_in_linux/Projects/AGNITIA-TERRA06/.venv/lib/python3.12/site-packages/lightgbm/sklearn.py:1106: LGBMDeprecationWarning: The argument 'eval_set' is deprecated, use 'eval_X' and 'eval_y' instead.
  eval_set = _validate_eval_set_Xy(eval_set=eval_set, eval_X=eval_X, eval_y=eval_y)
2026-10-09 07:31:47,288 INFO __main__: [wind Trial 92] pinball=0.85151 params={'num_leaves': 20, 'min_child_samples': 110, 'learning_rate': 0.0183, 'subsample': 0.6712, 'colsample_bytree': 0.9387, 'reg_lambda': 0.1865, 'reg_alpha': 3.8172}
[I 2026-10-09 07:31:47,288] Trial 92 finished with value: 0.8515057078681636 and parameters: {'num_leaves': 20, 'min_child_samples': 110, 'learning_rate': 0.01826701468707198, 'subsample': 0.6711598962783812, 'colsample_bytree': 0.9387430621441911, 'reg_lambda': 0.18653794237476598, 'reg_alpha': 3.8171931075733894}. Best is trial 75 with value: 0.834166690773951.
/home/overxpowered/padhai_in_linux/Projects/AGNITIA-TERRA06/.venv/lib/python3.12/site-packages/lightgbm/sklearn.py:1106: LGBMDeprecationWarning: The argument 'eval_set' is deprecated, use 'eval_X' and 'eval_y' instead.
  eval_set = _validate_eval_set_Xy(eval_set=eval_set, eval_X=eval_X, eval_y=eval_y)
/home/overxpowered/padhai_in_linux/Projects/AGNITIA-TERRA06/.venv/lib/python3.12/site-packages/lightgbm/sklearn.py:1106: LGBMDeprecationWarning: The argument 'eval_set' is deprecated, use 'eval_X' and 'eval_y' instead.
  eval_set = _validate_eval_set_Xy(eval_set=eval_set, eval_X=eval_X, eval_y=eval_y)
/home/overxpowered/padhai_in_linux/Projects/AGNITIA-TERRA06/.venv/lib/python3.12/site-packages/lightgbm/sklearn.py:1106: LGBMDeprecationWarning: The argument 'eval_set' is deprecated, use 'eval_X' and 'eval_y' instead.
  eval_set = _validate_eval_set_Xy(eval_set=eval_set, eval_X=eval_X, eval_y=eval_y)
/home/overxpowered/padhai_in_linux/Projects/AGNITIA-TERRA06/.venv/lib/python3.12/site-packages/lightgbm/sklearn.py:1106: LGBMDeprecationWarning: The argument 'eval_set' is deprecated, use 'eval_X' and 'eval_y' instead.
  eval_set = _validate_eval_set_Xy(eval_set=eval_set, eval_X=eval_X, eval_y=eval_y)
/home/overxpowered/padhai_in_linux/Projects/AGNITIA-TERRA06/.venv/lib/python3.12/site-packages/lightgbm/sklearn.py:1106: LGBMDeprecationWarning: The argument 'eval_set' is deprecated, use 'eval_X' and 'eval_y' instead.
  eval_set = _validate_eval_set_Xy(eval_set=eval_set, eval_X=eval_X, eval_y=eval_y)
2026-10-09 07:31:58,600 INFO __main__: [wind Trial 93] pinball=0.85505 params={'num_leaves': 26, 'min_child_samples': 134, 'learning_rate': 0.0272, 'subsample': 0.7222, 'colsample_bytree': 0.9606, 'reg_lambda': 0.1216, 'reg_alpha': 3.3886}
[I 2026-10-09 07:31:58,600] Trial 93 finished with value: 0.8550524590941322 and parameters: {'num_leaves': 26, 'min_child_samples': 134, 'learning_rate': 0.027188097343125623, 'subsample': 0.7221504506105522, 'colsample_bytree': 0.9605764830288988, 'reg_lambda': 0.12164432785497692, 'reg_alpha': 3.388635569965805}. Best is trial 75 with value: 0.834166690773951.
/home/overxpowered/padhai_in_linux/Projects/AGNITIA-TERRA06/.venv/lib/python3.12/site-packages/lightgbm/sklearn.py:1106: LGBMDeprecationWarning: The argument 'eval_set' is deprecated, use 'eval_X' and 'eval_y' instead.
  eval_set = _validate_eval_set_Xy(eval_set=eval_set, eval_X=eval_X, eval_y=eval_y)
/home/overxpowered/padhai_in_linux/Projects/AGNITIA-TERRA06/.venv/lib/python3.12/site-packages/lightgbm/sklearn.py:1106: LGBMDeprecationWarning: The argument 'eval_set' is deprecated, use 'eval_X' and 'eval_y' instead.
  eval_set = _validate_eval_set_Xy(eval_set=eval_set, eval_X=eval_X, eval_y=eval_y)
/home/overxpowered/padhai_in_linux/Projects/AGNITIA-TERRA06/.venv/lib/python3.12/site-packages/lightgbm/sklearn.py:1106: LGBMDeprecationWarning: The argument 'eval_set' is deprecated, use 'eval_X' and 'eval_y' instead.
  eval_set = _validate_eval_set_Xy(eval_set=eval_set, eval_X=eval_X, eval_y=eval_y)
/home/overxpowered/padhai_in_linux/Projects/AGNITIA-TERRA06/.venv/lib/python3.12/site-packages/lightgbm/sklearn.py:1106: LGBMDeprecationWarning: The argument 'eval_set' is deprecated, use 'eval_X' and 'eval_y' instead.
  eval_set = _validate_eval_set_Xy(eval_set=eval_set, eval_X=eval_X, eval_y=eval_y)
/home/overxpowered/padhai_in_linux/Projects/AGNITIA-TERRA06/.venv/lib/python3.12/site-packages/lightgbm/sklearn.py:1106: LGBMDeprecationWarning: The argument 'eval_set' is deprecated, use 'eval_X' and 'eval_y' instead.
  eval_set = _validate_eval_set_Xy(eval_set=eval_set, eval_X=eval_X, eval_y=eval_y)
2026-10-09 07:32:09,549 INFO __main__: [wind Trial 94] pinball=0.83920 params={'num_leaves': 16, 'min_child_samples': 127, 'learning_rate': 0.0315, 'subsample': 0.6882, 'colsample_bytree': 0.9274, 'reg_lambda': 0.54, 'reg_alpha': 4.2304}
[I 2026-10-09 07:32:09,549] Trial 94 finished with value: 0.8392012283699548 and parameters: {'num_leaves': 16, 'min_child_samples': 127, 'learning_rate': 0.03152261869429631, 'subsample': 0.6882362834611611, 'colsample_bytree': 0.9274261263332172, 'reg_lambda': 0.5400119298032463, 'reg_alpha': 4.230408780248359}. Best is trial 75 with value: 0.834166690773951.
/home/overxpowered/padhai_in_linux/Projects/AGNITIA-TERRA06/.venv/lib/python3.12/site-packages/lightgbm/sklearn.py:1106: LGBMDeprecationWarning: The argument 'eval_set' is deprecated, use 'eval_X' and 'eval_y' instead.
  eval_set = _validate_eval_set_Xy(eval_set=eval_set, eval_X=eval_X, eval_y=eval_y)
/home/overxpowered/padhai_in_linux/Projects/AGNITIA-TERRA06/.venv/lib/python3.12/site-packages/lightgbm/sklearn.py:1106: LGBMDeprecationWarning: The argument 'eval_set' is deprecated, use 'eval_X' and 'eval_y' instead.
  eval_set = _validate_eval_set_Xy(eval_set=eval_set, eval_X=eval_X, eval_y=eval_y)
/home/overxpowered/padhai_in_linux/Projects/AGNITIA-TERRA06/.venv/lib/python3.12/site-packages/lightgbm/sklearn.py:1106: LGBMDeprecationWarning: The argument 'eval_set' is deprecated, use 'eval_X' and 'eval_y' instead.
  eval_set = _validate_eval_set_Xy(eval_set=eval_set, eval_X=eval_X, eval_y=eval_y)
/home/overxpowered/padhai_in_linux/Projects/AGNITIA-TERRA06/.venv/lib/python3.12/site-packages/lightgbm/sklearn.py:1106: LGBMDeprecationWarning: The argument 'eval_set' is deprecated, use 'eval_X' and 'eval_y' instead.
  eval_set = _validate_eval_set_Xy(eval_set=eval_set, eval_X=eval_X, eval_y=eval_y)
/home/overxpowered/padhai_in_linux/Projects/AGNITIA-TERRA06/.venv/lib/python3.12/site-packages/lightgbm/sklearn.py:1106: LGBMDeprecationWarning: The argument 'eval_set' is deprecated, use 'eval_X' and 'eval_y' instead.
  eval_set = _validate_eval_set_Xy(eval_set=eval_set, eval_X=eval_X, eval_y=eval_y)
2026-10-09 07:32:19,501 INFO __main__: [wind Trial 95] pinball=0.85857 params={'num_leaves': 24, 'min_child_samples': 133, 'learning_rate': 0.0315, 'subsample': 0.6867, 'colsample_bytree': 0.9226, 'reg_lambda': 1.0457, 'reg_alpha': 4.4668}
[I 2026-10-09 07:32:19,501] Trial 95 finished with value: 0.8585723086233379 and parameters: {'num_leaves': 24, 'min_child_samples': 133, 'learning_rate': 0.031541653165426876, 'subsample': 0.6866512261807529, 'colsample_bytree': 0.9226479600217757, 'reg_lambda': 1.0457056468593695, 'reg_alpha': 4.466807220299143}. Best is trial 75 with value: 0.834166690773951.
/home/overxpowered/padhai_in_linux/Projects/AGNITIA-TERRA06/.venv/lib/python3.12/site-packages/lightgbm/sklearn.py:1106: LGBMDeprecationWarning: The argument 'eval_set' is deprecated, use 'eval_X' and 'eval_y' instead.
  eval_set = _validate_eval_set_Xy(eval_set=eval_set, eval_X=eval_X, eval_y=eval_y)
/home/overxpowered/padhai_in_linux/Projects/AGNITIA-TERRA06/.venv/lib/python3.12/site-packages/lightgbm/sklearn.py:1106: LGBMDeprecationWarning: The argument 'eval_set' is deprecated, use 'eval_X' and 'eval_y' instead.
  eval_set = _validate_eval_set_Xy(eval_set=eval_set, eval_X=eval_X, eval_y=eval_y)
/home/overxpowered/padhai_in_linux/Projects/AGNITIA-TERRA06/.venv/lib/python3.12/site-packages/lightgbm/sklearn.py:1106: LGBMDeprecationWarning: The argument 'eval_set' is deprecated, use 'eval_X' and 'eval_y' instead.
  eval_set = _validate_eval_set_Xy(eval_set=eval_set, eval_X=eval_X, eval_y=eval_y)
/home/overxpowered/padhai_in_linux/Projects/AGNITIA-TERRA06/.venv/lib/python3.12/site-packages/lightgbm/sklearn.py:1106: LGBMDeprecationWarning: The argument 'eval_set' is deprecated, use 'eval_X' and 'eval_y' instead.
  eval_set = _validate_eval_set_Xy(eval_set=eval_set, eval_X=eval_X, eval_y=eval_y)
/home/overxpowered/padhai_in_linux/Projects/AGNITIA-TERRA06/.venv/lib/python3.12/site-packages/lightgbm/sklearn.py:1106: LGBMDeprecationWarning: The argument 'eval_set' is deprecated, use 'eval_X' and 'eval_y' instead.
  eval_set = _validate_eval_set_Xy(eval_set=eval_set, eval_X=eval_X, eval_y=eval_y)
2026-10-09 07:32:32,737 INFO __main__: [wind Trial 96] pinball=0.84917 params={'num_leaves': 22, 'min_child_samples': 115, 'learning_rate': 0.0227, 'subsample': 0.7169, 'colsample_bytree': 0.9576, 'reg_lambda': 0.894, 'reg_alpha': 3.704}
[I 2026-10-09 07:32:32,737] Trial 96 finished with value: 0.8491652791194315 and parameters: {'num_leaves': 22, 'min_child_samples': 115, 'learning_rate': 0.022660914709526202, 'subsample': 0.7169182641869535, 'colsample_bytree': 0.9576301370061465, 'reg_lambda': 0.8940200915713268, 'reg_alpha': 3.7040423809997707}. Best is trial 75 with value: 0.834166690773951.
/home/overxpowered/padhai_in_linux/Projects/AGNITIA-TERRA06/.venv/lib/python3.12/site-packages/lightgbm/sklearn.py:1106: LGBMDeprecationWarning: The argument 'eval_set' is deprecated, use 'eval_X' and 'eval_y' instead.
  eval_set = _validate_eval_set_Xy(eval_set=eval_set, eval_X=eval_X, eval_y=eval_y)
/home/overxpowered/padhai_in_linux/Projects/AGNITIA-TERRA06/.venv/lib/python3.12/site-packages/lightgbm/sklearn.py:1106: LGBMDeprecationWarning: The argument 'eval_set' is deprecated, use 'eval_X' and 'eval_y' instead.
  eval_set = _validate_eval_set_Xy(eval_set=eval_set, eval_X=eval_X, eval_y=eval_y)
/home/overxpowered/padhai_in_linux/Projects/AGNITIA-TERRA06/.venv/lib/python3.12/site-packages/lightgbm/sklearn.py:1106: LGBMDeprecationWarning: The argument 'eval_set' is deprecated, use 'eval_X' and 'eval_y' instead.
  eval_set = _validate_eval_set_Xy(eval_set=eval_set, eval_X=eval_X, eval_y=eval_y)
/home/overxpowered/padhai_in_linux/Projects/AGNITIA-TERRA06/.venv/lib/python3.12/site-packages/lightgbm/sklearn.py:1106: LGBMDeprecationWarning: The argument 'eval_set' is deprecated, use 'eval_X' and 'eval_y' instead.
  eval_set = _validate_eval_set_Xy(eval_set=eval_set, eval_X=eval_X, eval_y=eval_y)
/home/overxpowered/padhai_in_linux/Projects/AGNITIA-TERRA06/.venv/lib/python3.12/site-packages/lightgbm/sklearn.py:1106: LGBMDeprecationWarning: The argument 'eval_set' is deprecated, use 'eval_X' and 'eval_y' instead.
  eval_set = _validate_eval_set_Xy(eval_set=eval_set, eval_X=eval_X, eval_y=eval_y)
2026-10-09 07:32:44,503 INFO __main__: [wind Trial 97] pinball=0.83996 params={'num_leaves': 15, 'min_child_samples': 135, 'learning_rate': 0.03, 'subsample': 0.6748, 'colsample_bytree': 0.9376, 'reg_lambda': 1.4363, 'reg_alpha': 4.6794}
[I 2026-10-09 07:32:44,504] Trial 97 finished with value: 0.8399637053481246 and parameters: {'num_leaves': 15, 'min_child_samples': 135, 'learning_rate': 0.030025868615408655, 'subsample': 0.6748467021769129, 'colsample_bytree': 0.9375744005710877, 'reg_lambda': 1.436298654005721, 'reg_alpha': 4.679442844674691}. Best is trial 75 with value: 0.834166690773951.
/home/overxpowered/padhai_in_linux/Projects/AGNITIA-TERRA06/.venv/lib/python3.12/site-packages/lightgbm/sklearn.py:1106: LGBMDeprecationWarning: The argument 'eval_set' is deprecated, use 'eval_X' and 'eval_y' instead.
  eval_set = _validate_eval_set_Xy(eval_set=eval_set, eval_X=eval_X, eval_y=eval_y)
/home/overxpowered/padhai_in_linux/Projects/AGNITIA-TERRA06/.venv/lib/python3.12/site-packages/lightgbm/sklearn.py:1106: LGBMDeprecationWarning: The argument 'eval_set' is deprecated, use 'eval_X' and 'eval_y' instead.
  eval_set = _validate_eval_set_Xy(eval_set=eval_set, eval_X=eval_X, eval_y=eval_y)
/home/overxpowered/padhai_in_linux/Projects/AGNITIA-TERRA06/.venv/lib/python3.12/site-packages/lightgbm/sklearn.py:1106: LGBMDeprecationWarning: The argument 'eval_set' is deprecated, use 'eval_X' and 'eval_y' instead.
  eval_set = _validate_eval_set_Xy(eval_set=eval_set, eval_X=eval_X, eval_y=eval_y)
/home/overxpowered/padhai_in_linux/Projects/AGNITIA-TERRA06/.venv/lib/python3.12/site-packages/lightgbm/sklearn.py:1106: LGBMDeprecationWarning: The argument 'eval_set' is deprecated, use 'eval_X' and 'eval_y' instead.
  eval_set = _validate_eval_set_Xy(eval_set=eval_set, eval_X=eval_X, eval_y=eval_y)
/home/overxpowered/padhai_in_linux/Projects/AGNITIA-TERRA06/.venv/lib/python3.12/site-packages/lightgbm/sklearn.py:1106: LGBMDeprecationWarning: The argument 'eval_set' is deprecated, use 'eval_X' and 'eval_y' instead.
  eval_set = _validate_eval_set_Xy(eval_set=eval_set, eval_X=eval_X, eval_y=eval_y)
2026-10-09 07:33:05,054 INFO __main__: [wind Trial 98] pinball=0.84164 params={'num_leaves': 16, 'min_child_samples': 126, 'learning_rate': 0.0169, 'subsample': 0.6874, 'colsample_bytree': 0.9066, 'reg_lambda': 0.74, 'reg_alpha': 3.2645}
[I 2026-10-09 07:33:05,055] Trial 98 finished with value: 0.8416448618834009 and parameters: {'num_leaves': 16, 'min_child_samples': 126, 'learning_rate': 0.016895242638021658, 'subsample': 0.6874424127696387, 'colsample_bytree': 0.9066227664593228, 'reg_lambda': 0.7399556949758206, 'reg_alpha': 3.264469087667154}. Best is trial 75 with value: 0.834166690773951.
/home/overxpowered/padhai_in_linux/Projects/AGNITIA-TERRA06/.venv/lib/python3.12/site-packages/lightgbm/sklearn.py:1106: LGBMDeprecationWarning: The argument 'eval_set' is deprecated, use 'eval_X' and 'eval_y' instead.
  eval_set = _validate_eval_set_Xy(eval_set=eval_set, eval_X=eval_X, eval_y=eval_y)
/home/overxpowered/padhai_in_linux/Projects/AGNITIA-TERRA06/.venv/lib/python3.12/site-packages/lightgbm/sklearn.py:1106: LGBMDeprecationWarning: The argument 'eval_set' is deprecated, use 'eval_X' and 'eval_y' instead.
  eval_set = _validate_eval_set_Xy(eval_set=eval_set, eval_X=eval_X, eval_y=eval_y)
/home/overxpowered/padhai_in_linux/Projects/AGNITIA-TERRA06/.venv/lib/python3.12/site-packages/lightgbm/sklearn.py:1106: LGBMDeprecationWarning: The argument 'eval_set' is deprecated, use 'eval_X' and 'eval_y' instead.
  eval_set = _validate_eval_set_Xy(eval_set=eval_set, eval_X=eval_X, eval_y=eval_y)
/home/overxpowered/padhai_in_linux/Projects/AGNITIA-TERRA06/.venv/lib/python3.12/site-packages/lightgbm/sklearn.py:1106: LGBMDeprecationWarning: The argument 'eval_set' is deprecated, use 'eval_X' and 'eval_y' instead.
  eval_set = _validate_eval_set_Xy(eval_set=eval_set, eval_X=eval_X, eval_y=eval_y)
/home/overxpowered/padhai_in_linux/Projects/AGNITIA-TERRA06/.venv/lib/python3.12/site-packages/lightgbm/sklearn.py:1106: LGBMDeprecationWarning: The argument 'eval_set' is deprecated, use 'eval_X' and 'eval_y' instead.
  eval_set = _validate_eval_set_Xy(eval_set=eval_set, eval_X=eval_X, eval_y=eval_y)
2026-10-09 07:33:17,779 INFO __main__: [wind Trial 99] pinball=0.84432 params={'num_leaves': 16, 'min_child_samples': 124, 'learning_rate': 0.0231, 'subsample': 0.6643, 'colsample_bytree': 0.9077, 'reg_lambda': 0.4364, 'reg_alpha': 3.9346}
[I 2026-10-09 07:33:17,780] Trial 99 finished with value: 0.8443234284147214 and parameters: {'num_leaves': 16, 'min_child_samples': 124, 'learning_rate': 0.02306234588757274, 'subsample': 0.664256255854667, 'colsample_bytree': 0.9077358301853097, 'reg_lambda': 0.43637623787310675, 'reg_alpha': 3.9346453193910973}. Best is trial 75 with value: 0.834166690773951.
/home/overxpowered/padhai_in_linux/Projects/AGNITIA-TERRA06/.venv/lib/python3.12/site-packages/lightgbm/sklearn.py:1106: LGBMDeprecationWarning: The argument 'eval_set' is deprecated, use 'eval_X' and 'eval_y' instead.
  eval_set = _validate_eval_set_Xy(eval_set=eval_set, eval_X=eval_X, eval_y=eval_y)
/home/overxpowered/padhai_in_linux/Projects/AGNITIA-TERRA06/.venv/lib/python3.12/site-packages/lightgbm/sklearn.py:1106: LGBMDeprecationWarning: The argument 'eval_set' is deprecated, use 'eval_X' and 'eval_y' instead.
  eval_set = _validate_eval_set_Xy(eval_set=eval_set, eval_X=eval_X, eval_y=eval_y)
/home/overxpowered/padhai_in_linux/Projects/AGNITIA-TERRA06/.venv/lib/python3.12/site-packages/lightgbm/sklearn.py:1106: LGBMDeprecationWarning: The argument 'eval_set' is deprecated, use 'eval_X' and 'eval_y' instead.
  eval_set = _validate_eval_set_Xy(eval_set=eval_set, eval_X=eval_X, eval_y=eval_y)
/home/overxpowered/padhai_in_linux/Projects/AGNITIA-TERRA06/.venv/lib/python3.12/site-packages/lightgbm/sklearn.py:1106: LGBMDeprecationWarning: The argument 'eval_set' is deprecated, use 'eval_X' and 'eval_y' instead.
  eval_set = _validate_eval_set_Xy(eval_set=eval_set, eval_X=eval_X, eval_y=eval_y)
/home/overxpowered/padhai_in_linux/Projects/AGNITIA-TERRA06/.venv/lib/python3.12/site-packages/lightgbm/sklearn.py:1106: LGBMDeprecationWarning: The argument 'eval_set' is deprecated, use 'eval_X' and 'eval_y' instead.
  eval_set = _validate_eval_set_Xy(eval_set=eval_set, eval_X=eval_X, eval_y=eval_y)
2026-10-09 07:33:31,938 INFO __main__: [wind Trial 100] pinball=0.84228 params={'num_leaves': 18, 'min_child_samples': 111, 'learning_rate': 0.025, 'subsample': 0.6492, 'colsample_bytree': 0.9392, 'reg_lambda': 0.0407, 'reg_alpha': 3.7361}
[I 2026-10-09 07:33:31,938] Trial 100 finished with value: 0.8422767657311011 and parameters: {'num_leaves': 18, 'min_child_samples': 111, 'learning_rate': 0.025000480984408897, 'subsample': 0.6491605821357644, 'colsample_bytree': 0.9392180835236591, 'reg_lambda': 0.04068354650104883, 'reg_alpha': 3.7360698625919566}. Best is trial 75 with value: 0.834166690773951.
/home/overxpowered/padhai_in_linux/Projects/AGNITIA-TERRA06/.venv/lib/python3.12/site-packages/lightgbm/sklearn.py:1106: LGBMDeprecationWarning: The argument 'eval_set' is deprecated, use 'eval_X' and 'eval_y' instead.
  eval_set = _validate_eval_set_Xy(eval_set=eval_set, eval_X=eval_X, eval_y=eval_y)
/home/overxpowered/padhai_in_linux/Projects/AGNITIA-TERRA06/.venv/lib/python3.12/site-packages/lightgbm/sklearn.py:1106: LGBMDeprecationWarning: The argument 'eval_set' is deprecated, use 'eval_X' and 'eval_y' instead.
  eval_set = _validate_eval_set_Xy(eval_set=eval_set, eval_X=eval_X, eval_y=eval_y)
/home/overxpowered/padhai_in_linux/Projects/AGNITIA-TERRA06/.venv/lib/python3.12/site-packages/lightgbm/sklearn.py:1106: LGBMDeprecationWarning: The argument 'eval_set' is deprecated, use 'eval_X' and 'eval_y' instead.
  eval_set = _validate_eval_set_Xy(eval_set=eval_set, eval_X=eval_X, eval_y=eval_y)
/home/overxpowered/padhai_in_linux/Projects/AGNITIA-TERRA06/.venv/lib/python3.12/site-packages/lightgbm/sklearn.py:1106: LGBMDeprecationWarning: The argument 'eval_set' is deprecated, use 'eval_X' and 'eval_y' instead.
  eval_set = _validate_eval_set_Xy(eval_set=eval_set, eval_X=eval_X, eval_y=eval_y)
/home/overxpowered/padhai_in_linux/Projects/AGNITIA-TERRA06/.venv/lib/python3.12/site-packages/lightgbm/sklearn.py:1106: LGBMDeprecationWarning: The argument 'eval_set' is deprecated, use 'eval_X' and 'eval_y' instead.
  eval_set = _validate_eval_set_Xy(eval_set=eval_set, eval_X=eval_X, eval_y=eval_y)
2026-10-09 07:33:43,486 INFO __main__: [wind Trial 101] pinball=0.85633 params={'num_leaves': 25, 'min_child_samples': 135, 'learning_rate': 0.0304, 'subsample': 0.7011, 'colsample_bytree': 0.9458, 'reg_lambda': 1.2643, 'reg_alpha': 3.9238}
[I 2026-10-09 07:33:43,486] Trial 101 finished with value: 0.8563273234423405 and parameters: {'num_leaves': 25, 'min_child_samples': 135, 'learning_rate': 0.03035316518887832, 'subsample': 0.7011137570188264, 'colsample_bytree': 0.9457942563762088, 'reg_lambda': 1.2643451613370027, 'reg_alpha': 3.923806337365571}. Best is trial 75 with value: 0.834166690773951.
/home/overxpowered/padhai_in_linux/Projects/AGNITIA-TERRA06/.venv/lib/python3.12/site-packages/lightgbm/sklearn.py:1106: LGBMDeprecationWarning: The argument 'eval_set' is deprecated, use 'eval_X' and 'eval_y' instead.
  eval_set = _validate_eval_set_Xy(eval_set=eval_set, eval_X=eval_X, eval_y=eval_y)
/home/overxpowered/padhai_in_linux/Projects/AGNITIA-TERRA06/.venv/lib/python3.12/site-packages/lightgbm/sklearn.py:1106: LGBMDeprecationWarning: The argument 'eval_set' is deprecated, use 'eval_X' and 'eval_y' instead.
  eval_set = _validate_eval_set_Xy(eval_set=eval_set, eval_X=eval_X, eval_y=eval_y)
/home/overxpowered/padhai_in_linux/Projects/AGNITIA-TERRA06/.venv/lib/python3.12/site-packages/lightgbm/sklearn.py:1106: LGBMDeprecationWarning: The argument 'eval_set' is deprecated, use 'eval_X' and 'eval_y' instead.
  eval_set = _validate_eval_set_Xy(eval_set=eval_set, eval_X=eval_X, eval_y=eval_y)
/home/overxpowered/padhai_in_linux/Projects/AGNITIA-TERRA06/.venv/lib/python3.12/site-packages/lightgbm/sklearn.py:1106: LGBMDeprecationWarning: The argument 'eval_set' is deprecated, use 'eval_X' and 'eval_y' instead.
  eval_set = _validate_eval_set_Xy(eval_set=eval_set, eval_X=eval_X, eval_y=eval_y)
/home/overxpowered/padhai_in_linux/Projects/AGNITIA-TERRA06/.venv/lib/python3.12/site-packages/lightgbm/sklearn.py:1106: LGBMDeprecationWarning: The argument 'eval_set' is deprecated, use 'eval_X' and 'eval_y' instead.
  eval_set = _validate_eval_set_Xy(eval_set=eval_set, eval_X=eval_X, eval_y=eval_y)
2026-10-09 07:33:56,347 INFO __main__: [wind Trial 102] pinball=0.85628 params={'num_leaves': 25, 'min_child_samples': 129, 'learning_rate': 0.0249, 'subsample': 0.6996, 'colsample_bytree': 0.906, 'reg_lambda': 0.1756, 'reg_alpha': 3.4055}
[I 2026-10-09 07:33:56,347] Trial 102 finished with value: 0.8562802105136056 and parameters: {'num_leaves': 25, 'min_child_samples': 129, 'learning_rate': 0.024892907111511996, 'subsample': 0.6995610382371916, 'colsample_bytree': 0.9060477752996596, 'reg_lambda': 0.17560944365818348, 'reg_alpha': 3.405526069054149}. Best is trial 75 with value: 0.834166690773951.
/home/overxpowered/padhai_in_linux/Projects/AGNITIA-TERRA06/.venv/lib/python3.12/site-packages/lightgbm/sklearn.py:1106: LGBMDeprecationWarning: The argument 'eval_set' is deprecated, use 'eval_X' and 'eval_y' instead.
  eval_set = _validate_eval_set_Xy(eval_set=eval_set, eval_X=eval_X, eval_y=eval_y)
/home/overxpowered/padhai_in_linux/Projects/AGNITIA-TERRA06/.venv/lib/python3.12/site-packages/lightgbm/sklearn.py:1106: LGBMDeprecationWarning: The argument 'eval_set' is deprecated, use 'eval_X' and 'eval_y' instead.
  eval_set = _validate_eval_set_Xy(eval_set=eval_set, eval_X=eval_X, eval_y=eval_y)
/home/overxpowered/padhai_in_linux/Projects/AGNITIA-TERRA06/.venv/lib/python3.12/site-packages/lightgbm/sklearn.py:1106: LGBMDeprecationWarning: The argument 'eval_set' is deprecated, use 'eval_X' and 'eval_y' instead.
  eval_set = _validate_eval_set_Xy(eval_set=eval_set, eval_X=eval_X, eval_y=eval_y)
/home/overxpowered/padhai_in_linux/Projects/AGNITIA-TERRA06/.venv/lib/python3.12/site-packages/lightgbm/sklearn.py:1106: LGBMDeprecationWarning: The argument 'eval_set' is deprecated, use 'eval_X' and 'eval_y' instead.
  eval_set = _validate_eval_set_Xy(eval_set=eval_set, eval_X=eval_X, eval_y=eval_y)
/home/overxpowered/padhai_in_linux/Projects/AGNITIA-TERRA06/.venv/lib/python3.12/site-packages/lightgbm/sklearn.py:1106: LGBMDeprecationWarning: The argument 'eval_set' is deprecated, use 'eval_X' and 'eval_y' instead.
  eval_set = _validate_eval_set_Xy(eval_set=eval_set, eval_X=eval_X, eval_y=eval_y)
2026-10-09 07:34:16,351 INFO __main__: [wind Trial 103] pinball=0.83796 params={'num_leaves': 15, 'min_child_samples': 137, 'learning_rate': 0.0227, 'subsample': 0.6884, 'colsample_bytree': 0.9695, 'reg_lambda': 0.7682, 'reg_alpha': 3.4621}
[I 2026-10-09 07:34:16,351] Trial 103 finished with value: 0.8379620617258565 and parameters: {'num_leaves': 15, 'min_child_samples': 137, 'learning_rate': 0.022653158716260786, 'subsample': 0.6883817200182414, 'colsample_bytree': 0.9695328758107786, 'reg_lambda': 0.768153678190086, 'reg_alpha': 3.462102778551167}. Best is trial 75 with value: 0.834166690773951.
/home/overxpowered/padhai_in_linux/Projects/AGNITIA-TERRA06/.venv/lib/python3.12/site-packages/lightgbm/sklearn.py:1106: LGBMDeprecationWarning: The argument 'eval_set' is deprecated, use 'eval_X' and 'eval_y' instead.
  eval_set = _validate_eval_set_Xy(eval_set=eval_set, eval_X=eval_X, eval_y=eval_y)
/home/overxpowered/padhai_in_linux/Projects/AGNITIA-TERRA06/.venv/lib/python3.12/site-packages/lightgbm/sklearn.py:1106: LGBMDeprecationWarning: The argument 'eval_set' is deprecated, use 'eval_X' and 'eval_y' instead.
  eval_set = _validate_eval_set_Xy(eval_set=eval_set, eval_X=eval_X, eval_y=eval_y)
/home/overxpowered/padhai_in_linux/Projects/AGNITIA-TERRA06/.venv/lib/python3.12/site-packages/lightgbm/sklearn.py:1106: LGBMDeprecationWarning: The argument 'eval_set' is deprecated, use 'eval_X' and 'eval_y' instead.
  eval_set = _validate_eval_set_Xy(eval_set=eval_set, eval_X=eval_X, eval_y=eval_y)
/home/overxpowered/padhai_in_linux/Projects/AGNITIA-TERRA06/.venv/lib/python3.12/site-packages/lightgbm/sklearn.py:1106: LGBMDeprecationWarning: The argument 'eval_set' is deprecated, use 'eval_X' and 'eval_y' instead.
  eval_set = _validate_eval_set_Xy(eval_set=eval_set, eval_X=eval_X, eval_y=eval_y)
/home/overxpowered/padhai_in_linux/Projects/AGNITIA-TERRA06/.venv/lib/python3.12/site-packages/lightgbm/sklearn.py:1106: LGBMDeprecationWarning: The argument 'eval_set' is deprecated, use 'eval_X' and 'eval_y' instead.
  eval_set = _validate_eval_set_Xy(eval_set=eval_set, eval_X=eval_X, eval_y=eval_y)
2026-10-09 07:34:29,288 INFO __main__: [wind Trial 104] pinball=0.84111 params={'num_leaves': 16, 'min_child_samples': 125, 'learning_rate': 0.0326, 'subsample': 0.7187, 'colsample_bytree': 0.9137, 'reg_lambda': 1.1858, 'reg_alpha': 3.8642}
[I 2026-10-09 07:34:29,288] Trial 104 finished with value: 0.8411097100144407 and parameters: {'num_leaves': 16, 'min_child_samples': 125, 'learning_rate': 0.032635800559802544, 'subsample': 0.7187348328012503, 'colsample_bytree': 0.9136675684687224, 'reg_lambda': 1.1858134582167645, 'reg_alpha': 3.864191279819804}. Best is trial 75 with value: 0.834166690773951.
/home/overxpowered/padhai_in_linux/Projects/AGNITIA-TERRA06/.venv/lib/python3.12/site-packages/lightgbm/sklearn.py:1106: LGBMDeprecationWarning: The argument 'eval_set' is deprecated, use 'eval_X' and 'eval_y' instead.
  eval_set = _validate_eval_set_Xy(eval_set=eval_set, eval_X=eval_X, eval_y=eval_y)
/home/overxpowered/padhai_in_linux/Projects/AGNITIA-TERRA06/.venv/lib/python3.12/site-packages/lightgbm/sklearn.py:1106: LGBMDeprecationWarning: The argument 'eval_set' is deprecated, use 'eval_X' and 'eval_y' instead.
  eval_set = _validate_eval_set_Xy(eval_set=eval_set, eval_X=eval_X, eval_y=eval_y)
/home/overxpowered/padhai_in_linux/Projects/AGNITIA-TERRA06/.venv/lib/python3.12/site-packages/lightgbm/sklearn.py:1106: LGBMDeprecationWarning: The argument 'eval_set' is deprecated, use 'eval_X' and 'eval_y' instead.
  eval_set = _validate_eval_set_Xy(eval_set=eval_set, eval_X=eval_X, eval_y=eval_y)
/home/overxpowered/padhai_in_linux/Projects/AGNITIA-TERRA06/.venv/lib/python3.12/site-packages/lightgbm/sklearn.py:1106: LGBMDeprecationWarning: The argument 'eval_set' is deprecated, use 'eval_X' and 'eval_y' instead.
  eval_set = _validate_eval_set_Xy(eval_set=eval_set, eval_X=eval_X, eval_y=eval_y)
/home/overxpowered/padhai_in_linux/Projects/AGNITIA-TERRA06/.venv/lib/python3.12/site-packages/lightgbm/sklearn.py:1106: LGBMDeprecationWarning: The argument 'eval_set' is deprecated, use 'eval_X' and 'eval_y' instead.
  eval_set = _validate_eval_set_Xy(eval_set=eval_set, eval_X=eval_X, eval_y=eval_y)
2026-10-09 07:34:41,463 INFO __main__: [wind Trial 105] pinball=0.85093 params={'num_leaves': 22, 'min_child_samples': 127, 'learning_rate': 0.0228, 'subsample': 0.6723, 'colsample_bytree': 0.944, 'reg_lambda': 0.7946, 'reg_alpha': 3.9617}
[I 2026-10-09 07:34:41,463] Trial 105 finished with value: 0.8509296993814562 and parameters: {'num_leaves': 22, 'min_child_samples': 127, 'learning_rate': 0.022810312407342635, 'subsample': 0.672317732582677, 'colsample_bytree': 0.9439727506838902, 'reg_lambda': 0.7945704206504838, 'reg_alpha': 3.9616818614693847}. Best is trial 75 with value: 0.834166690773951.
/home/overxpowered/padhai_in_linux/Projects/AGNITIA-TERRA06/.venv/lib/python3.12/site-packages/lightgbm/sklearn.py:1106: LGBMDeprecationWarning: The argument 'eval_set' is deprecated, use 'eval_X' and 'eval_y' instead.
  eval_set = _validate_eval_set_Xy(eval_set=eval_set, eval_X=eval_X, eval_y=eval_y)
/home/overxpowered/padhai_in_linux/Projects/AGNITIA-TERRA06/.venv/lib/python3.12/site-packages/lightgbm/sklearn.py:1106: LGBMDeprecationWarning: The argument 'eval_set' is deprecated, use 'eval_X' and 'eval_y' instead.
  eval_set = _validate_eval_set_Xy(eval_set=eval_set, eval_X=eval_X, eval_y=eval_y)
/home/overxpowered/padhai_in_linux/Projects/AGNITIA-TERRA06/.venv/lib/python3.12/site-packages/lightgbm/sklearn.py:1106: LGBMDeprecationWarning: The argument 'eval_set' is deprecated, use 'eval_X' and 'eval_y' instead.
  eval_set = _validate_eval_set_Xy(eval_set=eval_set, eval_X=eval_X, eval_y=eval_y)
/home/overxpowered/padhai_in_linux/Projects/AGNITIA-TERRA06/.venv/lib/python3.12/site-packages/lightgbm/sklearn.py:1106: LGBMDeprecationWarning: The argument 'eval_set' is deprecated, use 'eval_X' and 'eval_y' instead.
  eval_set = _validate_eval_set_Xy(eval_set=eval_set, eval_X=eval_X, eval_y=eval_y)
/home/overxpowered/padhai_in_linux/Projects/AGNITIA-TERRA06/.venv/lib/python3.12/site-packages/lightgbm/sklearn.py:1106: LGBMDeprecationWarning: The argument 'eval_set' is deprecated, use 'eval_X' and 'eval_y' instead.
  eval_set = _validate_eval_set_Xy(eval_set=eval_set, eval_X=eval_X, eval_y=eval_y)
2026-10-09 07:34:55,446 INFO __main__: [wind Trial 106] pinball=0.84468 params={'num_leaves': 19, 'min_child_samples': 132, 'learning_rate': 0.0262, 'subsample': 0.6959, 'colsample_bytree': 0.9761, 'reg_lambda': 0.8305, 'reg_alpha': 3.6502}
[I 2026-10-09 07:34:55,446] Trial 106 finished with value: 0.8446814561701782 and parameters: {'num_leaves': 19, 'min_child_samples': 132, 'learning_rate': 0.0261651803541219, 'subsample': 0.6958611482846075, 'colsample_bytree': 0.9761161775098806, 'reg_lambda': 0.830467706556456, 'reg_alpha': 3.650244315158312}. Best is trial 75 with value: 0.834166690773951.
/home/overxpowered/padhai_in_linux/Projects/AGNITIA-TERRA06/.venv/lib/python3.12/site-packages/lightgbm/sklearn.py:1106: LGBMDeprecationWarning: The argument 'eval_set' is deprecated, use 'eval_X' and 'eval_y' instead.
  eval_set = _validate_eval_set_Xy(eval_set=eval_set, eval_X=eval_X, eval_y=eval_y)
/home/overxpowered/padhai_in_linux/Projects/AGNITIA-TERRA06/.venv/lib/python3.12/site-packages/lightgbm/sklearn.py:1106: LGBMDeprecationWarning: The argument 'eval_set' is deprecated, use 'eval_X' and 'eval_y' instead.
  eval_set = _validate_eval_set_Xy(eval_set=eval_set, eval_X=eval_X, eval_y=eval_y)
/home/overxpowered/padhai_in_linux/Projects/AGNITIA-TERRA06/.venv/lib/python3.12/site-packages/lightgbm/sklearn.py:1106: LGBMDeprecationWarning: The argument 'eval_set' is deprecated, use 'eval_X' and 'eval_y' instead.
  eval_set = _validate_eval_set_Xy(eval_set=eval_set, eval_X=eval_X, eval_y=eval_y)
/home/overxpowered/padhai_in_linux/Projects/AGNITIA-TERRA06/.venv/lib/python3.12/site-packages/lightgbm/sklearn.py:1106: LGBMDeprecationWarning: The argument 'eval_set' is deprecated, use 'eval_X' and 'eval_y' instead.
  eval_set = _validate_eval_set_Xy(eval_set=eval_set, eval_X=eval_X, eval_y=eval_y)
/home/overxpowered/padhai_in_linux/Projects/AGNITIA-TERRA06/.venv/lib/python3.12/site-packages/lightgbm/sklearn.py:1106: LGBMDeprecationWarning: The argument 'eval_set' is deprecated, use 'eval_X' and 'eval_y' instead.
  eval_set = _validate_eval_set_Xy(eval_set=eval_set, eval_X=eval_X, eval_y=eval_y)
2026-10-09 07:35:08,217 INFO __main__: [wind Trial 107] pinball=0.84604 params={'num_leaves': 18, 'min_child_samples': 129, 'learning_rate': 0.0308, 'subsample': 0.7198, 'colsample_bytree': 0.9356, 'reg_lambda': 0.7924, 'reg_alpha': 3.7056}
[I 2026-10-09 07:35:08,218] Trial 107 finished with value: 0.8460368778696686 and parameters: {'num_leaves': 18, 'min_child_samples': 129, 'learning_rate': 0.030845252763651392, 'subsample': 0.7197821648774279, 'colsample_bytree': 0.9355994192838295, 'reg_lambda': 0.7924418515304972, 'reg_alpha': 3.7056225554485764}. Best is trial 75 with value: 0.834166690773951.
/home/overxpowered/padhai_in_linux/Projects/AGNITIA-TERRA06/.venv/lib/python3.12/site-packages/lightgbm/sklearn.py:1106: LGBMDeprecationWarning: The argument 'eval_set' is deprecated, use 'eval_X' and 'eval_y' instead.
  eval_set = _validate_eval_set_Xy(eval_set=eval_set, eval_X=eval_X, eval_y=eval_y)
/home/overxpowered/padhai_in_linux/Projects/AGNITIA-TERRA06/.venv/lib/python3.12/site-packages/lightgbm/sklearn.py:1106: LGBMDeprecationWarning: The argument 'eval_set' is deprecated, use 'eval_X' and 'eval_y' instead.
  eval_set = _validate_eval_set_Xy(eval_set=eval_set, eval_X=eval_X, eval_y=eval_y)
/home/overxpowered/padhai_in_linux/Projects/AGNITIA-TERRA06/.venv/lib/python3.12/site-packages/lightgbm/sklearn.py:1106: LGBMDeprecationWarning: The argument 'eval_set' is deprecated, use 'eval_X' and 'eval_y' instead.
  eval_set = _validate_eval_set_Xy(eval_set=eval_set, eval_X=eval_X, eval_y=eval_y)
/home/overxpowered/padhai_in_linux/Projects/AGNITIA-TERRA06/.venv/lib/python3.12/site-packages/lightgbm/sklearn.py:1106: LGBMDeprecationWarning: The argument 'eval_set' is deprecated, use 'eval_X' and 'eval_y' instead.
  eval_set = _validate_eval_set_Xy(eval_set=eval_set, eval_X=eval_X, eval_y=eval_y)
/home/overxpowered/padhai_in_linux/Projects/AGNITIA-TERRA06/.venv/lib/python3.12/site-packages/lightgbm/sklearn.py:1106: LGBMDeprecationWarning: The argument 'eval_set' is deprecated, use 'eval_X' and 'eval_y' instead.
  eval_set = _validate_eval_set_Xy(eval_set=eval_set, eval_X=eval_X, eval_y=eval_y)
2026-10-09 07:35:27,178 INFO __main__: [wind Trial 108] pinball=0.84378 params={'num_leaves': 17, 'min_child_samples': 132, 'learning_rate': 0.0185, 'subsample': 0.6655, 'colsample_bytree': 0.9222, 'reg_lambda': 1.2517, 'reg_alpha': 3.5407}
[I 2026-10-09 07:35:27,178] Trial 108 finished with value: 0.8437765019129081 and parameters: {'num_leaves': 17, 'min_child_samples': 132, 'learning_rate': 0.018537103889271735, 'subsample': 0.6655497272303418, 'colsample_bytree': 0.9221954088558821, 'reg_lambda': 1.2517491277138566, 'reg_alpha': 3.540736065682054}. Best is trial 75 with value: 0.834166690773951.
/home/overxpowered/padhai_in_linux/Projects/AGNITIA-TERRA06/.venv/lib/python3.12/site-packages/lightgbm/sklearn.py:1106: LGBMDeprecationWarning: The argument 'eval_set' is deprecated, use 'eval_X' and 'eval_y' instead.
  eval_set = _validate_eval_set_Xy(eval_set=eval_set, eval_X=eval_X, eval_y=eval_y)
/home/overxpowered/padhai_in_linux/Projects/AGNITIA-TERRA06/.venv/lib/python3.12/site-packages/lightgbm/sklearn.py:1106: LGBMDeprecationWarning: The argument 'eval_set' is deprecated, use 'eval_X' and 'eval_y' instead.
  eval_set = _validate_eval_set_Xy(eval_set=eval_set, eval_X=eval_X, eval_y=eval_y)
/home/overxpowered/padhai_in_linux/Projects/AGNITIA-TERRA06/.venv/lib/python3.12/site-packages/lightgbm/sklearn.py:1106: LGBMDeprecationWarning: The argument 'eval_set' is deprecated, use 'eval_X' and 'eval_y' instead.
  eval_set = _validate_eval_set_Xy(eval_set=eval_set, eval_X=eval_X, eval_y=eval_y)
/home/overxpowered/padhai_in_linux/Projects/AGNITIA-TERRA06/.venv/lib/python3.12/site-packages/lightgbm/sklearn.py:1106: LGBMDeprecationWarning: The argument 'eval_set' is deprecated, use 'eval_X' and 'eval_y' instead.
  eval_set = _validate_eval_set_Xy(eval_set=eval_set, eval_X=eval_X, eval_y=eval_y)
/home/overxpowered/padhai_in_linux/Projects/AGNITIA-TERRA06/.venv/lib/python3.12/site-packages/lightgbm/sklearn.py:1106: LGBMDeprecationWarning: The argument 'eval_set' is deprecated, use 'eval_X' and 'eval_y' instead.
  eval_set = _validate_eval_set_Xy(eval_set=eval_set, eval_X=eval_X, eval_y=eval_y)
2026-10-09 07:35:40,368 INFO __main__: [wind Trial 109] pinball=0.84273 params={'num_leaves': 16, 'min_child_samples': 133, 'learning_rate': 0.0273, 'subsample': 0.7026, 'colsample_bytree': 0.9278, 'reg_lambda': 0.2569, 'reg_alpha': 3.8681}
[I 2026-10-09 07:35:40,369] Trial 109 finished with value: 0.842732200031352 and parameters: {'num_leaves': 16, 'min_child_samples': 133, 'learning_rate': 0.027332806268343304, 'subsample': 0.7025567440631546, 'colsample_bytree': 0.9277783647138692, 'reg_lambda': 0.25688328702005403, 'reg_alpha': 3.8681406044374045}. Best is trial 75 with value: 0.834166690773951.
/home/overxpowered/padhai_in_linux/Projects/AGNITIA-TERRA06/.venv/lib/python3.12/site-packages/lightgbm/sklearn.py:1106: LGBMDeprecationWarning: The argument 'eval_set' is deprecated, use 'eval_X' and 'eval_y' instead.
  eval_set = _validate_eval_set_Xy(eval_set=eval_set, eval_X=eval_X, eval_y=eval_y)
/home/overxpowered/padhai_in_linux/Projects/AGNITIA-TERRA06/.venv/lib/python3.12/site-packages/lightgbm/sklearn.py:1106: LGBMDeprecationWarning: The argument 'eval_set' is deprecated, use 'eval_X' and 'eval_y' instead.
  eval_set = _validate_eval_set_Xy(eval_set=eval_set, eval_X=eval_X, eval_y=eval_y)
/home/overxpowered/padhai_in_linux/Projects/AGNITIA-TERRA06/.venv/lib/python3.12/site-packages/lightgbm/sklearn.py:1106: LGBMDeprecationWarning: The argument 'eval_set' is deprecated, use 'eval_X' and 'eval_y' instead.
  eval_set = _validate_eval_set_Xy(eval_set=eval_set, eval_X=eval_X, eval_y=eval_y)
/home/overxpowered/padhai_in_linux/Projects/AGNITIA-TERRA06/.venv/lib/python3.12/site-packages/lightgbm/sklearn.py:1106: LGBMDeprecationWarning: The argument 'eval_set' is deprecated, use 'eval_X' and 'eval_y' instead.
  eval_set = _validate_eval_set_Xy(eval_set=eval_set, eval_X=eval_X, eval_y=eval_y)
/home/overxpowered/padhai_in_linux/Projects/AGNITIA-TERRA06/.venv/lib/python3.12/site-packages/lightgbm/sklearn.py:1106: LGBMDeprecationWarning: The argument 'eval_set' is deprecated, use 'eval_X' and 'eval_y' instead.
  eval_set = _validate_eval_set_Xy(eval_set=eval_set, eval_X=eval_X, eval_y=eval_y)
2026-10-09 07:35:55,741 INFO __main__: [wind Trial 110] pinball=0.84681 params={'num_leaves': 20, 'min_child_samples': 144, 'learning_rate': 0.0198, 'subsample': 0.6812, 'colsample_bytree': 0.9523, 'reg_lambda': 0.883, 'reg_alpha': 3.6365}
[I 2026-10-09 07:35:55,741] Trial 110 finished with value: 0.8468130736535965 and parameters: {'num_leaves': 20, 'min_child_samples': 144, 'learning_rate': 0.019765333937061962, 'subsample': 0.6812071865746033, 'colsample_bytree': 0.9523475258114341, 'reg_lambda': 0.8829792238466843, 'reg_alpha': 3.6365385799701553}. Best is trial 75 with value: 0.834166690773951.
/home/overxpowered/padhai_in_linux/Projects/AGNITIA-TERRA06/.venv/lib/python3.12/site-packages/lightgbm/sklearn.py:1106: LGBMDeprecationWarning: The argument 'eval_set' is deprecated, use 'eval_X' and 'eval_y' instead.
  eval_set = _validate_eval_set_Xy(eval_set=eval_set, eval_X=eval_X, eval_y=eval_y)
/home/overxpowered/padhai_in_linux/Projects/AGNITIA-TERRA06/.venv/lib/python3.12/site-packages/lightgbm/sklearn.py:1106: LGBMDeprecationWarning: The argument 'eval_set' is deprecated, use 'eval_X' and 'eval_y' instead.
  eval_set = _validate_eval_set_Xy(eval_set=eval_set, eval_X=eval_X, eval_y=eval_y)
/home/overxpowered/padhai_in_linux/Projects/AGNITIA-TERRA06/.venv/lib/python3.12/site-packages/lightgbm/sklearn.py:1106: LGBMDeprecationWarning: The argument 'eval_set' is deprecated, use 'eval_X' and 'eval_y' instead.
  eval_set = _validate_eval_set_Xy(eval_set=eval_set, eval_X=eval_X, eval_y=eval_y)
/home/overxpowered/padhai_in_linux/Projects/AGNITIA-TERRA06/.venv/lib/python3.12/site-packages/lightgbm/sklearn.py:1106: LGBMDeprecationWarning: The argument 'eval_set' is deprecated, use 'eval_X' and 'eval_y' instead.
  eval_set = _validate_eval_set_Xy(eval_set=eval_set, eval_X=eval_X, eval_y=eval_y)
/home/overxpowered/padhai_in_linux/Projects/AGNITIA-TERRA06/.venv/lib/python3.12/site-packages/lightgbm/sklearn.py:1106: LGBMDeprecationWarning: The argument 'eval_set' is deprecated, use 'eval_X' and 'eval_y' instead.
  eval_set = _validate_eval_set_Xy(eval_set=eval_set, eval_X=eval_X, eval_y=eval_y)
2026-10-09 07:36:07,701 INFO __main__: [wind Trial 111] pinball=0.84170 params={'num_leaves': 16, 'min_child_samples': 114, 'learning_rate': 0.0308, 'subsample': 0.7174, 'colsample_bytree': 0.9147, 'reg_lambda': 1.5035, 'reg_alpha': 4.4454}
[I 2026-10-09 07:36:07,701] Trial 111 finished with value: 0.8417034091759096 and parameters: {'num_leaves': 16, 'min_child_samples': 114, 'learning_rate': 0.030824016318505915, 'subsample': 0.7174064819217241, 'colsample_bytree': 0.9147435753961574, 'reg_lambda': 1.5035261767924262, 'reg_alpha': 4.445444187076936}. Best is trial 75 with value: 0.834166690773951.
/home/overxpowered/padhai_in_linux/Projects/AGNITIA-TERRA06/.venv/lib/python3.12/site-packages/lightgbm/sklearn.py:1106: LGBMDeprecationWarning: The argument 'eval_set' is deprecated, use 'eval_X' and 'eval_y' instead.
  eval_set = _validate_eval_set_Xy(eval_set=eval_set, eval_X=eval_X, eval_y=eval_y)
/home/overxpowered/padhai_in_linux/Projects/AGNITIA-TERRA06/.venv/lib/python3.12/site-packages/lightgbm/sklearn.py:1106: LGBMDeprecationWarning: The argument 'eval_set' is deprecated, use 'eval_X' and 'eval_y' instead.
  eval_set = _validate_eval_set_Xy(eval_set=eval_set, eval_X=eval_X, eval_y=eval_y)
/home/overxpowered/padhai_in_linux/Projects/AGNITIA-TERRA06/.venv/lib/python3.12/site-packages/lightgbm/sklearn.py:1106: LGBMDeprecationWarning: The argument 'eval_set' is deprecated, use 'eval_X' and 'eval_y' instead.
  eval_set = _validate_eval_set_Xy(eval_set=eval_set, eval_X=eval_X, eval_y=eval_y)
/home/overxpowered/padhai_in_linux/Projects/AGNITIA-TERRA06/.venv/lib/python3.12/site-packages/lightgbm/sklearn.py:1106: LGBMDeprecationWarning: The argument 'eval_set' is deprecated, use 'eval_X' and 'eval_y' instead.
  eval_set = _validate_eval_set_Xy(eval_set=eval_set, eval_X=eval_X, eval_y=eval_y)
/home/overxpowered/padhai_in_linux/Projects/AGNITIA-TERRA06/.venv/lib/python3.12/site-packages/lightgbm/sklearn.py:1106: LGBMDeprecationWarning: The argument 'eval_set' is deprecated, use 'eval_X' and 'eval_y' instead.
  eval_set = _validate_eval_set_Xy(eval_set=eval_set, eval_X=eval_X, eval_y=eval_y)
2026-10-09 07:36:22,775 INFO __main__: [wind Trial 112] pinball=0.84434 params={'num_leaves': 18, 'min_child_samples': 124, 'learning_rate': 0.0245, 'subsample': 0.7189, 'colsample_bytree': 0.9202, 'reg_lambda': 1.211, 'reg_alpha': 3.5568}
[I 2026-10-09 07:36:22,775] Trial 112 finished with value: 0.8443415199900717 and parameters: {'num_leaves': 18, 'min_child_samples': 124, 'learning_rate': 0.024546132935284192, 'subsample': 0.7189150829002954, 'colsample_bytree': 0.9202366734012747, 'reg_lambda': 1.2109979695086606, 'reg_alpha': 3.5568058833113607}. Best is trial 75 with value: 0.834166690773951.
/home/overxpowered/padhai_in_linux/Projects/AGNITIA-TERRA06/.venv/lib/python3.12/site-packages/lightgbm/sklearn.py:1106: LGBMDeprecationWarning: The argument 'eval_set' is deprecated, use 'eval_X' and 'eval_y' instead.
  eval_set = _validate_eval_set_Xy(eval_set=eval_set, eval_X=eval_X, eval_y=eval_y)
/home/overxpowered/padhai_in_linux/Projects/AGNITIA-TERRA06/.venv/lib/python3.12/site-packages/lightgbm/sklearn.py:1106: LGBMDeprecationWarning: The argument 'eval_set' is deprecated, use 'eval_X' and 'eval_y' instead.
  eval_set = _validate_eval_set_Xy(eval_set=eval_set, eval_X=eval_X, eval_y=eval_y)
/home/overxpowered/padhai_in_linux/Projects/AGNITIA-TERRA06/.venv/lib/python3.12/site-packages/lightgbm/sklearn.py:1106: LGBMDeprecationWarning: The argument 'eval_set' is deprecated, use 'eval_X' and 'eval_y' instead.
  eval_set = _validate_eval_set_Xy(eval_set=eval_set, eval_X=eval_X, eval_y=eval_y)
/home/overxpowered/padhai_in_linux/Projects/AGNITIA-TERRA06/.venv/lib/python3.12/site-packages/lightgbm/sklearn.py:1106: LGBMDeprecationWarning: The argument 'eval_set' is deprecated, use 'eval_X' and 'eval_y' instead.
  eval_set = _validate_eval_set_Xy(eval_set=eval_set, eval_X=eval_X, eval_y=eval_y)
/home/overxpowered/padhai_in_linux/Projects/AGNITIA-TERRA06/.venv/lib/python3.12/site-packages/lightgbm/sklearn.py:1106: LGBMDeprecationWarning: The argument 'eval_set' is deprecated, use 'eval_X' and 'eval_y' instead.
  eval_set = _validate_eval_set_Xy(eval_set=eval_set, eval_X=eval_X, eval_y=eval_y)
2026-10-09 07:36:36,601 INFO __main__: [wind Trial 113] pinball=0.84986 params={'num_leaves': 21, 'min_child_samples': 127, 'learning_rate': 0.0275, 'subsample': 0.6883, 'colsample_bytree': 0.9239, 'reg_lambda': 1.7372, 'reg_alpha': 3.9624}
[I 2026-10-09 07:36:36,601] Trial 113 finished with value: 0.8498617198231733 and parameters: {'num_leaves': 21, 'min_child_samples': 127, 'learning_rate': 0.027457371175122487, 'subsample': 0.6883132910611223, 'colsample_bytree': 0.9238537112974597, 'reg_lambda': 1.737219029172652, 'reg_alpha': 3.9623702836934513}. Best is trial 75 with value: 0.834166690773951.
/home/overxpowered/padhai_in_linux/Projects/AGNITIA-TERRA06/.venv/lib/python3.12/site-packages/lightgbm/sklearn.py:1106: LGBMDeprecationWarning: The argument 'eval_set' is deprecated, use 'eval_X' and 'eval_y' instead.
  eval_set = _validate_eval_set_Xy(eval_set=eval_set, eval_X=eval_X, eval_y=eval_y)
/home/overxpowered/padhai_in_linux/Projects/AGNITIA-TERRA06/.venv/lib/python3.12/site-packages/lightgbm/sklearn.py:1106: LGBMDeprecationWarning: The argument 'eval_set' is deprecated, use 'eval_X' and 'eval_y' instead.
  eval_set = _validate_eval_set_Xy(eval_set=eval_set, eval_X=eval_X, eval_y=eval_y)
/home/overxpowered/padhai_in_linux/Projects/AGNITIA-TERRA06/.venv/lib/python3.12/site-packages/lightgbm/sklearn.py:1106: LGBMDeprecationWarning: The argument 'eval_set' is deprecated, use 'eval_X' and 'eval_y' instead.
  eval_set = _validate_eval_set_Xy(eval_set=eval_set, eval_X=eval_X, eval_y=eval_y)
/home/overxpowered/padhai_in_linux/Projects/AGNITIA-TERRA06/.venv/lib/python3.12/site-packages/lightgbm/sklearn.py:1106: LGBMDeprecationWarning: The argument 'eval_set' is deprecated, use 'eval_X' and 'eval_y' instead.
  eval_set = _validate_eval_set_Xy(eval_set=eval_set, eval_X=eval_X, eval_y=eval_y)
/home/overxpowered/padhai_in_linux/Projects/AGNITIA-TERRA06/.venv/lib/python3.12/site-packages/lightgbm/sklearn.py:1106: LGBMDeprecationWarning: The argument 'eval_set' is deprecated, use 'eval_X' and 'eval_y' instead.
  eval_set = _validate_eval_set_Xy(eval_set=eval_set, eval_X=eval_X, eval_y=eval_y)
2026-10-09 07:36:52,695 INFO __main__: [wind Trial 114] pinball=0.83968 params={'num_leaves': 15, 'min_child_samples': 131, 'learning_rate': 0.0259, 'subsample': 0.673, 'colsample_bytree': 0.9626, 'reg_lambda': 0.6407, 'reg_alpha': 4.0003}
[I 2026-10-09 07:36:52,695] Trial 114 finished with value: 0.8396844568060619 and parameters: {'num_leaves': 15, 'min_child_samples': 131, 'learning_rate': 0.025876629212452158, 'subsample': 0.6729679626358026, 'colsample_bytree': 0.9625864934404749, 'reg_lambda': 0.6406635748615872, 'reg_alpha': 4.000335040857176}. Best is trial 75 with value: 0.834166690773951.
/home/overxpowered/padhai_in_linux/Projects/AGNITIA-TERRA06/.venv/lib/python3.12/site-packages/lightgbm/sklearn.py:1106: LGBMDeprecationWarning: The argument 'eval_set' is deprecated, use 'eval_X' and 'eval_y' instead.
  eval_set = _validate_eval_set_Xy(eval_set=eval_set, eval_X=eval_X, eval_y=eval_y)
/home/overxpowered/padhai_in_linux/Projects/AGNITIA-TERRA06/.venv/lib/python3.12/site-packages/lightgbm/sklearn.py:1106: LGBMDeprecationWarning: The argument 'eval_set' is deprecated, use 'eval_X' and 'eval_y' instead.
  eval_set = _validate_eval_set_Xy(eval_set=eval_set, eval_X=eval_X, eval_y=eval_y)
/home/overxpowered/padhai_in_linux/Projects/AGNITIA-TERRA06/.venv/lib/python3.12/site-packages/lightgbm/sklearn.py:1106: LGBMDeprecationWarning: The argument 'eval_set' is deprecated, use 'eval_X' and 'eval_y' instead.
  eval_set = _validate_eval_set_Xy(eval_set=eval_set, eval_X=eval_X, eval_y=eval_y)
/home/overxpowered/padhai_in_linux/Projects/AGNITIA-TERRA06/.venv/lib/python3.12/site-packages/lightgbm/sklearn.py:1106: LGBMDeprecationWarning: The argument 'eval_set' is deprecated, use 'eval_X' and 'eval_y' instead.
  eval_set = _validate_eval_set_Xy(eval_set=eval_set, eval_X=eval_X, eval_y=eval_y)
/home/overxpowered/padhai_in_linux/Projects/AGNITIA-TERRA06/.venv/lib/python3.12/site-packages/lightgbm/sklearn.py:1106: LGBMDeprecationWarning: The argument 'eval_set' is deprecated, use 'eval_X' and 'eval_y' instead.
  eval_set = _validate_eval_set_Xy(eval_set=eval_set, eval_X=eval_X, eval_y=eval_y)
2026-10-09 07:37:04,334 INFO __main__: [wind Trial 115] pinball=0.85592 params={'num_leaves': 26, 'min_child_samples': 135, 'learning_rate': 0.0249, 'subsample': 0.672, 'colsample_bytree': 0.9813, 'reg_lambda': 0.2779, 'reg_alpha': 3.6044}
[I 2026-10-09 07:37:04,334] Trial 115 finished with value: 0.8559181869087247 and parameters: {'num_leaves': 26, 'min_child_samples': 135, 'learning_rate': 0.0249023314236811, 'subsample': 0.6720368805232535, 'colsample_bytree': 0.9812813959470756, 'reg_lambda': 0.2778754870650404, 'reg_alpha': 3.604405846840171}. Best is trial 75 with value: 0.834166690773951.
/home/overxpowered/padhai_in_linux/Projects/AGNITIA-TERRA06/.venv/lib/python3.12/site-packages/lightgbm/sklearn.py:1106: LGBMDeprecationWarning: The argument 'eval_set' is deprecated, use 'eval_X' and 'eval_y' instead.
  eval_set = _validate_eval_set_Xy(eval_set=eval_set, eval_X=eval_X, eval_y=eval_y)
/home/overxpowered/padhai_in_linux/Projects/AGNITIA-TERRA06/.venv/lib/python3.12/site-packages/lightgbm/sklearn.py:1106: LGBMDeprecationWarning: The argument 'eval_set' is deprecated, use 'eval_X' and 'eval_y' instead.
  eval_set = _validate_eval_set_Xy(eval_set=eval_set, eval_X=eval_X, eval_y=eval_y)
/home/overxpowered/padhai_in_linux/Projects/AGNITIA-TERRA06/.venv/lib/python3.12/site-packages/lightgbm/sklearn.py:1106: LGBMDeprecationWarning: The argument 'eval_set' is deprecated, use 'eval_X' and 'eval_y' instead.
  eval_set = _validate_eval_set_Xy(eval_set=eval_set, eval_X=eval_X, eval_y=eval_y)
/home/overxpowered/padhai_in_linux/Projects/AGNITIA-TERRA06/.venv/lib/python3.12/site-packages/lightgbm/sklearn.py:1106: LGBMDeprecationWarning: The argument 'eval_set' is deprecated, use 'eval_X' and 'eval_y' instead.
  eval_set = _validate_eval_set_Xy(eval_set=eval_set, eval_X=eval_X, eval_y=eval_y)
/home/overxpowered/padhai_in_linux/Projects/AGNITIA-TERRA06/.venv/lib/python3.12/site-packages/lightgbm/sklearn.py:1106: LGBMDeprecationWarning: The argument 'eval_set' is deprecated, use 'eval_X' and 'eval_y' instead.
  eval_set = _validate_eval_set_Xy(eval_set=eval_set, eval_X=eval_X, eval_y=eval_y)
2026-10-09 07:37:18,665 INFO __main__: [wind Trial 116] pinball=0.84687 params={'num_leaves': 20, 'min_child_samples': 146, 'learning_rate': 0.0227, 'subsample': 0.6663, 'colsample_bytree': 0.9539, 'reg_lambda': 0.5056, 'reg_alpha': 3.515}
[I 2026-10-09 07:37:18,666] Trial 116 finished with value: 0.8468727614466379 and parameters: {'num_leaves': 20, 'min_child_samples': 146, 'learning_rate': 0.022749481700320727, 'subsample': 0.6663263078721218, 'colsample_bytree': 0.9539011985994252, 'reg_lambda': 0.5055939668910653, 'reg_alpha': 3.514976680207404}. Best is trial 75 with value: 0.834166690773951.
/home/overxpowered/padhai_in_linux/Projects/AGNITIA-TERRA06/.venv/lib/python3.12/site-packages/lightgbm/sklearn.py:1106: LGBMDeprecationWarning: The argument 'eval_set' is deprecated, use 'eval_X' and 'eval_y' instead.
  eval_set = _validate_eval_set_Xy(eval_set=eval_set, eval_X=eval_X, eval_y=eval_y)
/home/overxpowered/padhai_in_linux/Projects/AGNITIA-TERRA06/.venv/lib/python3.12/site-packages/lightgbm/sklearn.py:1106: LGBMDeprecationWarning: The argument 'eval_set' is deprecated, use 'eval_X' and 'eval_y' instead.
  eval_set = _validate_eval_set_Xy(eval_set=eval_set, eval_X=eval_X, eval_y=eval_y)
/home/overxpowered/padhai_in_linux/Projects/AGNITIA-TERRA06/.venv/lib/python3.12/site-packages/lightgbm/sklearn.py:1106: LGBMDeprecationWarning: The argument 'eval_set' is deprecated, use 'eval_X' and 'eval_y' instead.
  eval_set = _validate_eval_set_Xy(eval_set=eval_set, eval_X=eval_X, eval_y=eval_y)
/home/overxpowered/padhai_in_linux/Projects/AGNITIA-TERRA06/.venv/lib/python3.12/site-packages/lightgbm/sklearn.py:1106: LGBMDeprecationWarning: The argument 'eval_set' is deprecated, use 'eval_X' and 'eval_y' instead.
  eval_set = _validate_eval_set_Xy(eval_set=eval_set, eval_X=eval_X, eval_y=eval_y)
/home/overxpowered/padhai_in_linux/Projects/AGNITIA-TERRA06/.venv/lib/python3.12/site-packages/lightgbm/sklearn.py:1106: LGBMDeprecationWarning: The argument 'eval_set' is deprecated, use 'eval_X' and 'eval_y' instead.
  eval_set = _validate_eval_set_Xy(eval_set=eval_set, eval_X=eval_X, eval_y=eval_y)
2026-10-09 07:37:31,940 INFO __main__: [wind Trial 117] pinball=0.83853 params={'num_leaves': 16, 'min_child_samples': 123, 'learning_rate': 0.0315, 'subsample': 0.6886, 'colsample_bytree': 0.9152, 'reg_lambda': 0.6705, 'reg_alpha': 4.262}
[I 2026-10-09 07:37:31,940] Trial 117 finished with value: 0.8385328836623561 and parameters: {'num_leaves': 16, 'min_child_samples': 123, 'learning_rate': 0.031530443552152475, 'subsample': 0.6886321301915691, 'colsample_bytree': 0.9152498151172943, 'reg_lambda': 0.6705426763910208, 'reg_alpha': 4.261981444569422}. Best is trial 75 with value: 0.834166690773951.
/home/overxpowered/padhai_in_linux/Projects/AGNITIA-TERRA06/.venv/lib/python3.12/site-packages/lightgbm/sklearn.py:1106: LGBMDeprecationWarning: The argument 'eval_set' is deprecated, use 'eval_X' and 'eval_y' instead.
  eval_set = _validate_eval_set_Xy(eval_set=eval_set, eval_X=eval_X, eval_y=eval_y)
/home/overxpowered/padhai_in_linux/Projects/AGNITIA-TERRA06/.venv/lib/python3.12/site-packages/lightgbm/sklearn.py:1106: LGBMDeprecationWarning: The argument 'eval_set' is deprecated, use 'eval_X' and 'eval_y' instead.
  eval_set = _validate_eval_set_Xy(eval_set=eval_set, eval_X=eval_X, eval_y=eval_y)
/home/overxpowered/padhai_in_linux/Projects/AGNITIA-TERRA06/.venv/lib/python3.12/site-packages/lightgbm/sklearn.py:1106: LGBMDeprecationWarning: The argument 'eval_set' is deprecated, use 'eval_X' and 'eval_y' instead.
  eval_set = _validate_eval_set_Xy(eval_set=eval_set, eval_X=eval_X, eval_y=eval_y)
/home/overxpowered/padhai_in_linux/Projects/AGNITIA-TERRA06/.venv/lib/python3.12/site-packages/lightgbm/sklearn.py:1106: LGBMDeprecationWarning: The argument 'eval_set' is deprecated, use 'eval_X' and 'eval_y' instead.
  eval_set = _validate_eval_set_Xy(eval_set=eval_set, eval_X=eval_X, eval_y=eval_y)
/home/overxpowered/padhai_in_linux/Projects/AGNITIA-TERRA06/.venv/lib/python3.12/site-packages/lightgbm/sklearn.py:1106: LGBMDeprecationWarning: The argument 'eval_set' is deprecated, use 'eval_X' and 'eval_y' instead.
  eval_set = _validate_eval_set_Xy(eval_set=eval_set, eval_X=eval_X, eval_y=eval_y)
2026-10-09 07:37:42,868 INFO __main__: [wind Trial 118] pinball=0.84657 params={'num_leaves': 17, 'min_child_samples': 120, 'learning_rate': 0.0378, 'subsample': 0.703, 'colsample_bytree': 0.9224, 'reg_lambda': 0.1795, 'reg_alpha': 4.3085}
[I 2026-10-09 07:37:42,869] Trial 118 finished with value: 0.8465680250186814 and parameters: {'num_leaves': 17, 'min_child_samples': 120, 'learning_rate': 0.037834178097385276, 'subsample': 0.7029708791202296, 'colsample_bytree': 0.9224061916821393, 'reg_lambda': 0.17952348909654736, 'reg_alpha': 4.308506521345474}. Best is trial 75 with value: 0.834166690773951.
/home/overxpowered/padhai_in_linux/Projects/AGNITIA-TERRA06/.venv/lib/python3.12/site-packages/lightgbm/sklearn.py:1106: LGBMDeprecationWarning: The argument 'eval_set' is deprecated, use 'eval_X' and 'eval_y' instead.
  eval_set = _validate_eval_set_Xy(eval_set=eval_set, eval_X=eval_X, eval_y=eval_y)
/home/overxpowered/padhai_in_linux/Projects/AGNITIA-TERRA06/.venv/lib/python3.12/site-packages/lightgbm/sklearn.py:1106: LGBMDeprecationWarning: The argument 'eval_set' is deprecated, use 'eval_X' and 'eval_y' instead.
  eval_set = _validate_eval_set_Xy(eval_set=eval_set, eval_X=eval_X, eval_y=eval_y)
/home/overxpowered/padhai_in_linux/Projects/AGNITIA-TERRA06/.venv/lib/python3.12/site-packages/lightgbm/sklearn.py:1106: LGBMDeprecationWarning: The argument 'eval_set' is deprecated, use 'eval_X' and 'eval_y' instead.
  eval_set = _validate_eval_set_Xy(eval_set=eval_set, eval_X=eval_X, eval_y=eval_y)
/home/overxpowered/padhai_in_linux/Projects/AGNITIA-TERRA06/.venv/lib/python3.12/site-packages/lightgbm/sklearn.py:1106: LGBMDeprecationWarning: The argument 'eval_set' is deprecated, use 'eval_X' and 'eval_y' instead.
  eval_set = _validate_eval_set_Xy(eval_set=eval_set, eval_X=eval_X, eval_y=eval_y)
/home/overxpowered/padhai_in_linux/Projects/AGNITIA-TERRA06/.venv/lib/python3.12/site-packages/lightgbm/sklearn.py:1106: LGBMDeprecationWarning: The argument 'eval_set' is deprecated, use 'eval_X' and 'eval_y' instead.
  eval_set = _validate_eval_set_Xy(eval_set=eval_set, eval_X=eval_X, eval_y=eval_y)
2026-10-09 07:37:56,012 INFO __main__: [wind Trial 119] pinball=0.83572 params={'num_leaves': 17, 'min_child_samples': 108, 'learning_rate': 0.0314, 'subsample': 0.6908, 'colsample_bytree': 0.9117, 'reg_lambda': 0.1259, 'reg_alpha': 4.1973}
[I 2026-10-09 07:37:56,012] Trial 119 finished with value: 0.835721929409339 and parameters: {'num_leaves': 17, 'min_child_samples': 108, 'learning_rate': 0.03143886211344491, 'subsample': 0.6907969823904014, 'colsample_bytree': 0.911684900488563, 'reg_lambda': 0.12588481974272747, 'reg_alpha': 4.197310981115761}. Best is trial 75 with value: 0.834166690773951.
/home/overxpowered/padhai_in_linux/Projects/AGNITIA-TERRA06/.venv/lib/python3.12/site-packages/lightgbm/sklearn.py:1106: LGBMDeprecationWarning: The argument 'eval_set' is deprecated, use 'eval_X' and 'eval_y' instead.
  eval_set = _validate_eval_set_Xy(eval_set=eval_set, eval_X=eval_X, eval_y=eval_y)
/home/overxpowered/padhai_in_linux/Projects/AGNITIA-TERRA06/.venv/lib/python3.12/site-packages/lightgbm/sklearn.py:1106: LGBMDeprecationWarning: The argument 'eval_set' is deprecated, use 'eval_X' and 'eval_y' instead.
  eval_set = _validate_eval_set_Xy(eval_set=eval_set, eval_X=eval_X, eval_y=eval_y)
/home/overxpowered/padhai_in_linux/Projects/AGNITIA-TERRA06/.venv/lib/python3.12/site-packages/lightgbm/sklearn.py:1106: LGBMDeprecationWarning: The argument 'eval_set' is deprecated, use 'eval_X' and 'eval_y' instead.
  eval_set = _validate_eval_set_Xy(eval_set=eval_set, eval_X=eval_X, eval_y=eval_y)
/home/overxpowered/padhai_in_linux/Projects/AGNITIA-TERRA06/.venv/lib/python3.12/site-packages/lightgbm/sklearn.py:1106: LGBMDeprecationWarning: The argument 'eval_set' is deprecated, use 'eval_X' and 'eval_y' instead.
  eval_set = _validate_eval_set_Xy(eval_set=eval_set, eval_X=eval_X, eval_y=eval_y)
/home/overxpowered/padhai_in_linux/Projects/AGNITIA-TERRA06/.venv/lib/python3.12/site-packages/lightgbm/sklearn.py:1106: LGBMDeprecationWarning: The argument 'eval_set' is deprecated, use 'eval_X' and 'eval_y' instead.
  eval_set = _validate_eval_set_Xy(eval_set=eval_set, eval_X=eval_X, eval_y=eval_y)
2026-10-09 07:38:05,802 INFO __main__: [wind Trial 120] pinball=0.85591 params={'num_leaves': 23, 'min_child_samples': 116, 'learning_rate': 0.0366, 'subsample': 0.6824, 'colsample_bytree': 0.9263, 'reg_lambda': 0.7787, 'reg_alpha': 4.3316}
[I 2026-10-09 07:38:05,802] Trial 120 finished with value: 0.8559120643087066 and parameters: {'num_leaves': 23, 'min_child_samples': 116, 'learning_rate': 0.03659763037260687, 'subsample': 0.6823920749402004, 'colsample_bytree': 0.926290795985209, 'reg_lambda': 0.7787068331400645, 'reg_alpha': 4.331572807674455}. Best is trial 75 with value: 0.834166690773951.
/home/overxpowered/padhai_in_linux/Projects/AGNITIA-TERRA06/.venv/lib/python3.12/site-packages/lightgbm/sklearn.py:1106: LGBMDeprecationWarning: The argument 'eval_set' is deprecated, use 'eval_X' and 'eval_y' instead.
  eval_set = _validate_eval_set_Xy(eval_set=eval_set, eval_X=eval_X, eval_y=eval_y)
/home/overxpowered/padhai_in_linux/Projects/AGNITIA-TERRA06/.venv/lib/python3.12/site-packages/lightgbm/sklearn.py:1106: LGBMDeprecationWarning: The argument 'eval_set' is deprecated, use 'eval_X' and 'eval_y' instead.
  eval_set = _validate_eval_set_Xy(eval_set=eval_set, eval_X=eval_X, eval_y=eval_y)
/home/overxpowered/padhai_in_linux/Projects/AGNITIA-TERRA06/.venv/lib/python3.12/site-packages/lightgbm/sklearn.py:1106: LGBMDeprecationWarning: The argument 'eval_set' is deprecated, use 'eval_X' and 'eval_y' instead.
  eval_set = _validate_eval_set_Xy(eval_set=eval_set, eval_X=eval_X, eval_y=eval_y)
/home/overxpowered/padhai_in_linux/Projects/AGNITIA-TERRA06/.venv/lib/python3.12/site-packages/lightgbm/sklearn.py:1106: LGBMDeprecationWarning: The argument 'eval_set' is deprecated, use 'eval_X' and 'eval_y' instead.
  eval_set = _validate_eval_set_Xy(eval_set=eval_set, eval_X=eval_X, eval_y=eval_y)
/home/overxpowered/padhai_in_linux/Projects/AGNITIA-TERRA06/.venv/lib/python3.12/site-packages/lightgbm/sklearn.py:1106: LGBMDeprecationWarning: The argument 'eval_set' is deprecated, use 'eval_X' and 'eval_y' instead.
  eval_set = _validate_eval_set_Xy(eval_set=eval_set, eval_X=eval_X, eval_y=eval_y)
2026-10-09 07:38:19,338 INFO __main__: [wind Trial 121] pinball=0.84245 params={'num_leaves': 17, 'min_child_samples': 128, 'learning_rate': 0.0252, 'subsample': 0.7169, 'colsample_bytree': 0.9148, 'reg_lambda': 0.6057, 'reg_alpha': 4.0183}
[I 2026-10-09 07:38:19,338] Trial 121 finished with value: 0.8424490224070105 and parameters: {'num_leaves': 17, 'min_child_samples': 128, 'learning_rate': 0.02523838990167808, 'subsample': 0.7169474035602745, 'colsample_bytree': 0.914773255657507, 'reg_lambda': 0.6057451296367881, 'reg_alpha': 4.018281097344943}. Best is trial 75 with value: 0.834166690773951.
/home/overxpowered/padhai_in_linux/Projects/AGNITIA-TERRA06/.venv/lib/python3.12/site-packages/lightgbm/sklearn.py:1106: LGBMDeprecationWarning: The argument 'eval_set' is deprecated, use 'eval_X' and 'eval_y' instead.
  eval_set = _validate_eval_set_Xy(eval_set=eval_set, eval_X=eval_X, eval_y=eval_y)
/home/overxpowered/padhai_in_linux/Projects/AGNITIA-TERRA06/.venv/lib/python3.12/site-packages/lightgbm/sklearn.py:1106: LGBMDeprecationWarning: The argument 'eval_set' is deprecated, use 'eval_X' and 'eval_y' instead.
  eval_set = _validate_eval_set_Xy(eval_set=eval_set, eval_X=eval_X, eval_y=eval_y)
/home/overxpowered/padhai_in_linux/Projects/AGNITIA-TERRA06/.venv/lib/python3.12/site-packages/lightgbm/sklearn.py:1106: LGBMDeprecationWarning: The argument 'eval_set' is deprecated, use 'eval_X' and 'eval_y' instead.
  eval_set = _validate_eval_set_Xy(eval_set=eval_set, eval_X=eval_X, eval_y=eval_y)
/home/overxpowered/padhai_in_linux/Projects/AGNITIA-TERRA06/.venv/lib/python3.12/site-packages/lightgbm/sklearn.py:1106: LGBMDeprecationWarning: The argument 'eval_set' is deprecated, use 'eval_X' and 'eval_y' instead.
  eval_set = _validate_eval_set_Xy(eval_set=eval_set, eval_X=eval_X, eval_y=eval_y)
/home/overxpowered/padhai_in_linux/Projects/AGNITIA-TERRA06/.venv/lib/python3.12/site-packages/lightgbm/sklearn.py:1106: LGBMDeprecationWarning: The argument 'eval_set' is deprecated, use 'eval_X' and 'eval_y' instead.
  eval_set = _validate_eval_set_Xy(eval_set=eval_set, eval_X=eval_X, eval_y=eval_y)
2026-10-09 07:38:30,854 INFO __main__: [wind Trial 122] pinball=0.85332 params={'num_leaves': 24, 'min_child_samples': 110, 'learning_rate': 0.0308, 'subsample': 0.6806, 'colsample_bytree': 0.9026, 'reg_lambda': 0.0798, 'reg_alpha': 4.505}
[I 2026-10-09 07:38:30,854] Trial 122 finished with value: 0.8533177004840533 and parameters: {'num_leaves': 24, 'min_child_samples': 110, 'learning_rate': 0.03079074364274549, 'subsample': 0.6806317341429576, 'colsample_bytree': 0.9026248447100457, 'reg_lambda': 0.07984985102069628, 'reg_alpha': 4.505004110476239}. Best is trial 75 with value: 0.834166690773951.
/home/overxpowered/padhai_in_linux/Projects/AGNITIA-TERRA06/.venv/lib/python3.12/site-packages/lightgbm/sklearn.py:1106: LGBMDeprecationWarning: The argument 'eval_set' is deprecated, use 'eval_X' and 'eval_y' instead.
  eval_set = _validate_eval_set_Xy(eval_set=eval_set, eval_X=eval_X, eval_y=eval_y)
/home/overxpowered/padhai_in_linux/Projects/AGNITIA-TERRA06/.venv/lib/python3.12/site-packages/lightgbm/sklearn.py:1106: LGBMDeprecationWarning: The argument 'eval_set' is deprecated, use 'eval_X' and 'eval_y' instead.
  eval_set = _validate_eval_set_Xy(eval_set=eval_set, eval_X=eval_X, eval_y=eval_y)
/home/overxpowered/padhai_in_linux/Projects/AGNITIA-TERRA06/.venv/lib/python3.12/site-packages/lightgbm/sklearn.py:1106: LGBMDeprecationWarning: The argument 'eval_set' is deprecated, use 'eval_X' and 'eval_y' instead.
  eval_set = _validate_eval_set_Xy(eval_set=eval_set, eval_X=eval_X, eval_y=eval_y)
/home/overxpowered/padhai_in_linux/Projects/AGNITIA-TERRA06/.venv/lib/python3.12/site-packages/lightgbm/sklearn.py:1106: LGBMDeprecationWarning: The argument 'eval_set' is deprecated, use 'eval_X' and 'eval_y' instead.
  eval_set = _validate_eval_set_Xy(eval_set=eval_set, eval_X=eval_X, eval_y=eval_y)
/home/overxpowered/padhai_in_linux/Projects/AGNITIA-TERRA06/.venv/lib/python3.12/site-packages/lightgbm/sklearn.py:1106: LGBMDeprecationWarning: The argument 'eval_set' is deprecated, use 'eval_X' and 'eval_y' instead.
  eval_set = _validate_eval_set_Xy(eval_set=eval_set, eval_X=eval_X, eval_y=eval_y)
2026-10-09 07:38:44,959 INFO __main__: [wind Trial 123] pinball=0.84362 params={'num_leaves': 18, 'min_child_samples': 132, 'learning_rate': 0.0246, 'subsample': 0.6868, 'colsample_bytree': 0.9548, 'reg_lambda': 0.3877, 'reg_alpha': 3.1297}
[I 2026-10-09 07:38:44,959] Trial 123 finished with value: 0.8436214768819281 and parameters: {'num_leaves': 18, 'min_child_samples': 132, 'learning_rate': 0.02463234824201445, 'subsample': 0.6867772605857649, 'colsample_bytree': 0.954756076379768, 'reg_lambda': 0.38774825359363885, 'reg_alpha': 3.129690777573864}. Best is trial 75 with value: 0.834166690773951.
/home/overxpowered/padhai_in_linux/Projects/AGNITIA-TERRA06/.venv/lib/python3.12/site-packages/lightgbm/sklearn.py:1106: LGBMDeprecationWarning: The argument 'eval_set' is deprecated, use 'eval_X' and 'eval_y' instead.
  eval_set = _validate_eval_set_Xy(eval_set=eval_set, eval_X=eval_X, eval_y=eval_y)
/home/overxpowered/padhai_in_linux/Projects/AGNITIA-TERRA06/.venv/lib/python3.12/site-packages/lightgbm/sklearn.py:1106: LGBMDeprecationWarning: The argument 'eval_set' is deprecated, use 'eval_X' and 'eval_y' instead.
  eval_set = _validate_eval_set_Xy(eval_set=eval_set, eval_X=eval_X, eval_y=eval_y)
/home/overxpowered/padhai_in_linux/Projects/AGNITIA-TERRA06/.venv/lib/python3.12/site-packages/lightgbm/sklearn.py:1106: LGBMDeprecationWarning: The argument 'eval_set' is deprecated, use 'eval_X' and 'eval_y' instead.
  eval_set = _validate_eval_set_Xy(eval_set=eval_set, eval_X=eval_X, eval_y=eval_y)
/home/overxpowered/padhai_in_linux/Projects/AGNITIA-TERRA06/.venv/lib/python3.12/site-packages/lightgbm/sklearn.py:1106: LGBMDeprecationWarning: The argument 'eval_set' is deprecated, use 'eval_X' and 'eval_y' instead.
  eval_set = _validate_eval_set_Xy(eval_set=eval_set, eval_X=eval_X, eval_y=eval_y)
/home/overxpowered/padhai_in_linux/Projects/AGNITIA-TERRA06/.venv/lib/python3.12/site-packages/lightgbm/sklearn.py:1106: LGBMDeprecationWarning: The argument 'eval_set' is deprecated, use 'eval_X' and 'eval_y' instead.
  eval_set = _validate_eval_set_Xy(eval_set=eval_set, eval_X=eval_X, eval_y=eval_y)
2026-10-09 07:38:53,562 INFO __main__: [wind Trial 124] pinball=0.84964 params={'num_leaves': 22, 'min_child_samples': 126, 'learning_rate': 0.0349, 'subsample': 0.668, 'colsample_bytree': 0.9488, 'reg_lambda': 0.5615, 'reg_alpha': 4.1203}
[I 2026-10-09 07:38:53,563] Trial 124 finished with value: 0.8496384886710509 and parameters: {'num_leaves': 22, 'min_child_samples': 126, 'learning_rate': 0.03494758948093358, 'subsample': 0.6679710119474354, 'colsample_bytree': 0.9487667131948246, 'reg_lambda': 0.5615092699425399, 'reg_alpha': 4.120280054022413}. Best is trial 75 with value: 0.834166690773951.
/home/overxpowered/padhai_in_linux/Projects/AGNITIA-TERRA06/.venv/lib/python3.12/site-packages/lightgbm/sklearn.py:1106: LGBMDeprecationWarning: The argument 'eval_set' is deprecated, use 'eval_X' and 'eval_y' instead.
  eval_set = _validate_eval_set_Xy(eval_set=eval_set, eval_X=eval_X, eval_y=eval_y)
/home/overxpowered/padhai_in_linux/Projects/AGNITIA-TERRA06/.venv/lib/python3.12/site-packages/lightgbm/sklearn.py:1106: LGBMDeprecationWarning: The argument 'eval_set' is deprecated, use 'eval_X' and 'eval_y' instead.
  eval_set = _validate_eval_set_Xy(eval_set=eval_set, eval_X=eval_X, eval_y=eval_y)
/home/overxpowered/padhai_in_linux/Projects/AGNITIA-TERRA06/.venv/lib/python3.12/site-packages/lightgbm/sklearn.py:1106: LGBMDeprecationWarning: The argument 'eval_set' is deprecated, use 'eval_X' and 'eval_y' instead.
  eval_set = _validate_eval_set_Xy(eval_set=eval_set, eval_X=eval_X, eval_y=eval_y)
/home/overxpowered/padhai_in_linux/Projects/AGNITIA-TERRA06/.venv/lib/python3.12/site-packages/lightgbm/sklearn.py:1106: LGBMDeprecationWarning: The argument 'eval_set' is deprecated, use 'eval_X' and 'eval_y' instead.
  eval_set = _validate_eval_set_Xy(eval_set=eval_set, eval_X=eval_X, eval_y=eval_y)
/home/overxpowered/padhai_in_linux/Projects/AGNITIA-TERRA06/.venv/lib/python3.12/site-packages/lightgbm/sklearn.py:1106: LGBMDeprecationWarning: The argument 'eval_set' is deprecated, use 'eval_X' and 'eval_y' instead.
  eval_set = _validate_eval_set_Xy(eval_set=eval_set, eval_X=eval_X, eval_y=eval_y)
2026-10-09 07:39:06,071 INFO __main__: [wind Trial 125] pinball=0.84683 params={'num_leaves': 19, 'min_child_samples': 117, 'learning_rate': 0.0326, 'subsample': 0.6867, 'colsample_bytree': 0.9646, 'reg_lambda': 0.3604, 'reg_alpha': 3.9698}
[I 2026-10-09 07:39:06,071] Trial 125 finished with value: 0.8468325900303124 and parameters: {'num_leaves': 19, 'min_child_samples': 117, 'learning_rate': 0.03262987338943863, 'subsample': 0.6866704547544901, 'colsample_bytree': 0.9645637971387782, 'reg_lambda': 0.3603644668200913, 'reg_alpha': 3.9697796810512447}. Best is trial 75 with value: 0.834166690773951.
/home/overxpowered/padhai_in_linux/Projects/AGNITIA-TERRA06/.venv/lib/python3.12/site-packages/lightgbm/sklearn.py:1106: LGBMDeprecationWarning: The argument 'eval_set' is deprecated, use 'eval_X' and 'eval_y' instead.
  eval_set = _validate_eval_set_Xy(eval_set=eval_set, eval_X=eval_X, eval_y=eval_y)
/home/overxpowered/padhai_in_linux/Projects/AGNITIA-TERRA06/.venv/lib/python3.12/site-packages/lightgbm/sklearn.py:1106: LGBMDeprecationWarning: The argument 'eval_set' is deprecated, use 'eval_X' and 'eval_y' instead.
  eval_set = _validate_eval_set_Xy(eval_set=eval_set, eval_X=eval_X, eval_y=eval_y)
/home/overxpowered/padhai_in_linux/Projects/AGNITIA-TERRA06/.venv/lib/python3.12/site-packages/lightgbm/sklearn.py:1106: LGBMDeprecationWarning: The argument 'eval_set' is deprecated, use 'eval_X' and 'eval_y' instead.
  eval_set = _validate_eval_set_Xy(eval_set=eval_set, eval_X=eval_X, eval_y=eval_y)
/home/overxpowered/padhai_in_linux/Projects/AGNITIA-TERRA06/.venv/lib/python3.12/site-packages/lightgbm/sklearn.py:1106: LGBMDeprecationWarning: The argument 'eval_set' is deprecated, use 'eval_X' and 'eval_y' instead.
  eval_set = _validate_eval_set_Xy(eval_set=eval_set, eval_X=eval_X, eval_y=eval_y)
/home/overxpowered/padhai_in_linux/Projects/AGNITIA-TERRA06/.venv/lib/python3.12/site-packages/lightgbm/sklearn.py:1106: LGBMDeprecationWarning: The argument 'eval_set' is deprecated, use 'eval_X' and 'eval_y' instead.
  eval_set = _validate_eval_set_Xy(eval_set=eval_set, eval_X=eval_X, eval_y=eval_y)
2026-10-09 07:39:15,527 INFO __main__: [wind Trial 126] pinball=0.84495 params={'num_leaves': 19, 'min_child_samples': 109, 'learning_rate': 0.0349, 'subsample': 0.7165, 'colsample_bytree': 0.9276, 'reg_lambda': 0.5287, 'reg_alpha': 4.0285}
[I 2026-10-09 07:39:15,527] Trial 126 finished with value: 0.8449531473643223 and parameters: {'num_leaves': 19, 'min_child_samples': 109, 'learning_rate': 0.034939928767389675, 'subsample': 0.7165186751190048, 'colsample_bytree': 0.927610338619653, 'reg_lambda': 0.5287395320435949, 'reg_alpha': 4.028520723071188}. Best is trial 75 with value: 0.834166690773951.
/home/overxpowered/padhai_in_linux/Projects/AGNITIA-TERRA06/.venv/lib/python3.12/site-packages/lightgbm/sklearn.py:1106: LGBMDeprecationWarning: The argument 'eval_set' is deprecated, use 'eval_X' and 'eval_y' instead.
  eval_set = _validate_eval_set_Xy(eval_set=eval_set, eval_X=eval_X, eval_y=eval_y)
/home/overxpowered/padhai_in_linux/Projects/AGNITIA-TERRA06/.venv/lib/python3.12/site-packages/lightgbm/sklearn.py:1106: LGBMDeprecationWarning: The argument 'eval_set' is deprecated, use 'eval_X' and 'eval_y' instead.
  eval_set = _validate_eval_set_Xy(eval_set=eval_set, eval_X=eval_X, eval_y=eval_y)
/home/overxpowered/padhai_in_linux/Projects/AGNITIA-TERRA06/.venv/lib/python3.12/site-packages/lightgbm/sklearn.py:1106: LGBMDeprecationWarning: The argument 'eval_set' is deprecated, use 'eval_X' and 'eval_y' instead.
  eval_set = _validate_eval_set_Xy(eval_set=eval_set, eval_X=eval_X, eval_y=eval_y)
/home/overxpowered/padhai_in_linux/Projects/AGNITIA-TERRA06/.venv/lib/python3.12/site-packages/lightgbm/sklearn.py:1106: LGBMDeprecationWarning: The argument 'eval_set' is deprecated, use 'eval_X' and 'eval_y' instead.
  eval_set = _validate_eval_set_Xy(eval_set=eval_set, eval_X=eval_X, eval_y=eval_y)
/home/overxpowered/padhai_in_linux/Projects/AGNITIA-TERRA06/.venv/lib/python3.12/site-packages/lightgbm/sklearn.py:1106: LGBMDeprecationWarning: The argument 'eval_set' is deprecated, use 'eval_X' and 'eval_y' instead.
  eval_set = _validate_eval_set_Xy(eval_set=eval_set, eval_X=eval_X, eval_y=eval_y)
2026-10-09 07:39:28,241 INFO __main__: [wind Trial 127] pinball=0.83985 params={'num_leaves': 16, 'min_child_samples': 119, 'learning_rate': 0.031, 'subsample': 0.6878, 'colsample_bytree': 0.9483, 'reg_lambda': 1.1004, 'reg_alpha': 4.1855}
[I 2026-10-09 07:39:28,241] Trial 127 finished with value: 0.8398530919783657 and parameters: {'num_leaves': 16, 'min_child_samples': 119, 'learning_rate': 0.03096577260311767, 'subsample': 0.6877871189531017, 'colsample_bytree': 0.9483297237133812, 'reg_lambda': 1.1003529316557965, 'reg_alpha': 4.1854927375208035}. Best is trial 75 with value: 0.834166690773951.
/home/overxpowered/padhai_in_linux/Projects/AGNITIA-TERRA06/.venv/lib/python3.12/site-packages/lightgbm/sklearn.py:1106: LGBMDeprecationWarning: The argument 'eval_set' is deprecated, use 'eval_X' and 'eval_y' instead.
  eval_set = _validate_eval_set_Xy(eval_set=eval_set, eval_X=eval_X, eval_y=eval_y)
/home/overxpowered/padhai_in_linux/Projects/AGNITIA-TERRA06/.venv/lib/python3.12/site-packages/lightgbm/sklearn.py:1106: LGBMDeprecationWarning: The argument 'eval_set' is deprecated, use 'eval_X' and 'eval_y' instead.
  eval_set = _validate_eval_set_Xy(eval_set=eval_set, eval_X=eval_X, eval_y=eval_y)
/home/overxpowered/padhai_in_linux/Projects/AGNITIA-TERRA06/.venv/lib/python3.12/site-packages/lightgbm/sklearn.py:1106: LGBMDeprecationWarning: The argument 'eval_set' is deprecated, use 'eval_X' and 'eval_y' instead.
  eval_set = _validate_eval_set_Xy(eval_set=eval_set, eval_X=eval_X, eval_y=eval_y)
/home/overxpowered/padhai_in_linux/Projects/AGNITIA-TERRA06/.venv/lib/python3.12/site-packages/lightgbm/sklearn.py:1106: LGBMDeprecationWarning: The argument 'eval_set' is deprecated, use 'eval_X' and 'eval_y' instead.
  eval_set = _validate_eval_set_Xy(eval_set=eval_set, eval_X=eval_X, eval_y=eval_y)
/home/overxpowered/padhai_in_linux/Projects/AGNITIA-TERRA06/.venv/lib/python3.12/site-packages/lightgbm/sklearn.py:1106: LGBMDeprecationWarning: The argument 'eval_set' is deprecated, use 'eval_X' and 'eval_y' instead.
  eval_set = _validate_eval_set_Xy(eval_set=eval_set, eval_X=eval_X, eval_y=eval_y)
2026-10-09 07:39:40,219 INFO __main__: [wind Trial 128] pinball=0.84602 params={'num_leaves': 19, 'min_child_samples': 132, 'learning_rate': 0.0315, 'subsample': 0.7284, 'colsample_bytree': 0.9085, 'reg_lambda': 0.9367, 'reg_alpha': 4.3248}
[I 2026-10-09 07:39:40,219] Trial 128 finished with value: 0.8460151061879093 and parameters: {'num_leaves': 19, 'min_child_samples': 132, 'learning_rate': 0.03151634163146269, 'subsample': 0.7283796116869421, 'colsample_bytree': 0.9085171402129317, 'reg_lambda': 0.9367471963259713, 'reg_alpha': 4.324833285021494}. Best is trial 75 with value: 0.834166690773951.
/home/overxpowered/padhai_in_linux/Projects/AGNITIA-TERRA06/.venv/lib/python3.12/site-packages/lightgbm/sklearn.py:1106: LGBMDeprecationWarning: The argument 'eval_set' is deprecated, use 'eval_X' and 'eval_y' instead.
  eval_set = _validate_eval_set_Xy(eval_set=eval_set, eval_X=eval_X, eval_y=eval_y)
/home/overxpowered/padhai_in_linux/Projects/AGNITIA-TERRA06/.venv/lib/python3.12/site-packages/lightgbm/sklearn.py:1106: LGBMDeprecationWarning: The argument 'eval_set' is deprecated, use 'eval_X' and 'eval_y' instead.
  eval_set = _validate_eval_set_Xy(eval_set=eval_set, eval_X=eval_X, eval_y=eval_y)
/home/overxpowered/padhai_in_linux/Projects/AGNITIA-TERRA06/.venv/lib/python3.12/site-packages/lightgbm/sklearn.py:1106: LGBMDeprecationWarning: The argument 'eval_set' is deprecated, use 'eval_X' and 'eval_y' instead.
  eval_set = _validate_eval_set_Xy(eval_set=eval_set, eval_X=eval_X, eval_y=eval_y)
/home/overxpowered/padhai_in_linux/Projects/AGNITIA-TERRA06/.venv/lib/python3.12/site-packages/lightgbm/sklearn.py:1106: LGBMDeprecationWarning: The argument 'eval_set' is deprecated, use 'eval_X' and 'eval_y' instead.
  eval_set = _validate_eval_set_Xy(eval_set=eval_set, eval_X=eval_X, eval_y=eval_y)
/home/overxpowered/padhai_in_linux/Projects/AGNITIA-TERRA06/.venv/lib/python3.12/site-packages/lightgbm/sklearn.py:1106: LGBMDeprecationWarning: The argument 'eval_set' is deprecated, use 'eval_X' and 'eval_y' instead.
  eval_set = _validate_eval_set_Xy(eval_set=eval_set, eval_X=eval_X, eval_y=eval_y)
2026-10-09 07:39:55,248 INFO __main__: [wind Trial 129] pinball=0.84287 params={'num_leaves': 18, 'min_child_samples': 127, 'learning_rate': 0.0234, 'subsample': 0.7012, 'colsample_bytree': 0.9628, 'reg_lambda': 0.2254, 'reg_alpha': 3.6173}
[I 2026-10-09 07:39:55,249] Trial 129 finished with value: 0.8428667525908142 and parameters: {'num_leaves': 18, 'min_child_samples': 127, 'learning_rate': 0.02337780448376722, 'subsample': 0.7011520867467939, 'colsample_bytree': 0.9628023473079235, 'reg_lambda': 0.22541833718988968, 'reg_alpha': 3.61731549763195}. Best is trial 75 with value: 0.834166690773951.
/home/overxpowered/padhai_in_linux/Projects/AGNITIA-TERRA06/.venv/lib/python3.12/site-packages/lightgbm/sklearn.py:1106: LGBMDeprecationWarning: The argument 'eval_set' is deprecated, use 'eval_X' and 'eval_y' instead.
  eval_set = _validate_eval_set_Xy(eval_set=eval_set, eval_X=eval_X, eval_y=eval_y)
/home/overxpowered/padhai_in_linux/Projects/AGNITIA-TERRA06/.venv/lib/python3.12/site-packages/lightgbm/sklearn.py:1106: LGBMDeprecationWarning: The argument 'eval_set' is deprecated, use 'eval_X' and 'eval_y' instead.
  eval_set = _validate_eval_set_Xy(eval_set=eval_set, eval_X=eval_X, eval_y=eval_y)
/home/overxpowered/padhai_in_linux/Projects/AGNITIA-TERRA06/.venv/lib/python3.12/site-packages/lightgbm/sklearn.py:1106: LGBMDeprecationWarning: The argument 'eval_set' is deprecated, use 'eval_X' and 'eval_y' instead.
  eval_set = _validate_eval_set_Xy(eval_set=eval_set, eval_X=eval_X, eval_y=eval_y)
/home/overxpowered/padhai_in_linux/Projects/AGNITIA-TERRA06/.venv/lib/python3.12/site-packages/lightgbm/sklearn.py:1106: LGBMDeprecationWarning: The argument 'eval_set' is deprecated, use 'eval_X' and 'eval_y' instead.
  eval_set = _validate_eval_set_Xy(eval_set=eval_set, eval_X=eval_X, eval_y=eval_y)
/home/overxpowered/padhai_in_linux/Projects/AGNITIA-TERRA06/.venv/lib/python3.12/site-packages/lightgbm/sklearn.py:1106: LGBMDeprecationWarning: The argument 'eval_set' is deprecated, use 'eval_X' and 'eval_y' instead.
  eval_set = _validate_eval_set_Xy(eval_set=eval_set, eval_X=eval_X, eval_y=eval_y)
2026-10-09 07:40:10,149 INFO __main__: [wind Trial 130] pinball=0.84550 params={'num_leaves': 18, 'min_child_samples': 136, 'learning_rate': 0.0262, 'subsample': 0.6912, 'colsample_bytree': 0.9834, 'reg_lambda': 0.0598, 'reg_alpha': 3.8324}
[I 2026-10-09 07:40:10,149] Trial 130 finished with value: 0.845504158013781 and parameters: {'num_leaves': 18, 'min_child_samples': 136, 'learning_rate': 0.026240654363348742, 'subsample': 0.691166135474863, 'colsample_bytree': 0.9834332101370886, 'reg_lambda': 0.05977102212644482, 'reg_alpha': 3.8324307003376004}. Best is trial 75 with value: 0.834166690773951.
/home/overxpowered/padhai_in_linux/Projects/AGNITIA-TERRA06/.venv/lib/python3.12/site-packages/lightgbm/sklearn.py:1106: LGBMDeprecationWarning: The argument 'eval_set' is deprecated, use 'eval_X' and 'eval_y' instead.
  eval_set = _validate_eval_set_Xy(eval_set=eval_set, eval_X=eval_X, eval_y=eval_y)
/home/overxpowered/padhai_in_linux/Projects/AGNITIA-TERRA06/.venv/lib/python3.12/site-packages/lightgbm/sklearn.py:1106: LGBMDeprecationWarning: The argument 'eval_set' is deprecated, use 'eval_X' and 'eval_y' instead.
  eval_set = _validate_eval_set_Xy(eval_set=eval_set, eval_X=eval_X, eval_y=eval_y)
/home/overxpowered/padhai_in_linux/Projects/AGNITIA-TERRA06/.venv/lib/python3.12/site-packages/lightgbm/sklearn.py:1106: LGBMDeprecationWarning: The argument 'eval_set' is deprecated, use 'eval_X' and 'eval_y' instead.
  eval_set = _validate_eval_set_Xy(eval_set=eval_set, eval_X=eval_X, eval_y=eval_y)
/home/overxpowered/padhai_in_linux/Projects/AGNITIA-TERRA06/.venv/lib/python3.12/site-packages/lightgbm/sklearn.py:1106: LGBMDeprecationWarning: The argument 'eval_set' is deprecated, use 'eval_X' and 'eval_y' instead.
  eval_set = _validate_eval_set_Xy(eval_set=eval_set, eval_X=eval_X, eval_y=eval_y)
/home/overxpowered/padhai_in_linux/Projects/AGNITIA-TERRA06/.venv/lib/python3.12/site-packages/lightgbm/sklearn.py:1106: LGBMDeprecationWarning: The argument 'eval_set' is deprecated, use 'eval_X' and 'eval_y' instead.
  eval_set = _validate_eval_set_Xy(eval_set=eval_set, eval_X=eval_X, eval_y=eval_y)
2026-10-09 07:40:25,956 INFO __main__: [wind Trial 131] pinball=0.85156 params={'num_leaves': 23, 'min_child_samples': 140, 'learning_rate': 0.0243, 'subsample': 0.6824, 'colsample_bytree': 0.9323, 'reg_lambda': 0.0685, 'reg_alpha': 3.5142}
[I 2026-10-09 07:40:25,956] Trial 131 finished with value: 0.8515560509534519 and parameters: {'num_leaves': 23, 'min_child_samples': 140, 'learning_rate': 0.02433198669578462, 'subsample': 0.6823710605482444, 'colsample_bytree': 0.9322742943893306, 'reg_lambda': 0.06852036710825996, 'reg_alpha': 3.5142019466578365}. Best is trial 75 with value: 0.834166690773951.
/home/overxpowered/padhai_in_linux/Projects/AGNITIA-TERRA06/.venv/lib/python3.12/site-packages/lightgbm/sklearn.py:1106: LGBMDeprecationWarning: The argument 'eval_set' is deprecated, use 'eval_X' and 'eval_y' instead.
  eval_set = _validate_eval_set_Xy(eval_set=eval_set, eval_X=eval_X, eval_y=eval_y)
/home/overxpowered/padhai_in_linux/Projects/AGNITIA-TERRA06/.venv/lib/python3.12/site-packages/lightgbm/sklearn.py:1106: LGBMDeprecationWarning: The argument 'eval_set' is deprecated, use 'eval_X' and 'eval_y' instead.
  eval_set = _validate_eval_set_Xy(eval_set=eval_set, eval_X=eval_X, eval_y=eval_y)
/home/overxpowered/padhai_in_linux/Projects/AGNITIA-TERRA06/.venv/lib/python3.12/site-packages/lightgbm/sklearn.py:1106: LGBMDeprecationWarning: The argument 'eval_set' is deprecated, use 'eval_X' and 'eval_y' instead.
  eval_set = _validate_eval_set_Xy(eval_set=eval_set, eval_X=eval_X, eval_y=eval_y)
/home/overxpowered/padhai_in_linux/Projects/AGNITIA-TERRA06/.venv/lib/python3.12/site-packages/lightgbm/sklearn.py:1106: LGBMDeprecationWarning: The argument 'eval_set' is deprecated, use 'eval_X' and 'eval_y' instead.
  eval_set = _validate_eval_set_Xy(eval_set=eval_set, eval_X=eval_X, eval_y=eval_y)
/home/overxpowered/padhai_in_linux/Projects/AGNITIA-TERRA06/.venv/lib/python3.12/site-packages/lightgbm/sklearn.py:1106: LGBMDeprecationWarning: The argument 'eval_set' is deprecated, use 'eval_X' and 'eval_y' instead.
  eval_set = _validate_eval_set_Xy(eval_set=eval_set, eval_X=eval_X, eval_y=eval_y)
2026-10-09 07:40:38,267 INFO __main__: [wind Trial 132] pinball=0.84564 params={'num_leaves': 19, 'min_child_samples': 137, 'learning_rate': 0.0352, 'subsample': 0.683, 'colsample_bytree': 0.9487, 'reg_lambda': 0.4794, 'reg_alpha': 4.1356}
[I 2026-10-09 07:40:38,267] Trial 132 finished with value: 0.8456384187750647 and parameters: {'num_leaves': 19, 'min_child_samples': 137, 'learning_rate': 0.035186804943821086, 'subsample': 0.6829815604995777, 'colsample_bytree': 0.9486791370226743, 'reg_lambda': 0.47939896974724394, 'reg_alpha': 4.135587924317083}. Best is trial 75 with value: 0.834166690773951.
/home/overxpowered/padhai_in_linux/Projects/AGNITIA-TERRA06/.venv/lib/python3.12/site-packages/lightgbm/sklearn.py:1106: LGBMDeprecationWarning: The argument 'eval_set' is deprecated, use 'eval_X' and 'eval_y' instead.
  eval_set = _validate_eval_set_Xy(eval_set=eval_set, eval_X=eval_X, eval_y=eval_y)
/home/overxpowered/padhai_in_linux/Projects/AGNITIA-TERRA06/.venv/lib/python3.12/site-packages/lightgbm/sklearn.py:1106: LGBMDeprecationWarning: The argument 'eval_set' is deprecated, use 'eval_X' and 'eval_y' instead.
  eval_set = _validate_eval_set_Xy(eval_set=eval_set, eval_X=eval_X, eval_y=eval_y)
/home/overxpowered/padhai_in_linux/Projects/AGNITIA-TERRA06/.venv/lib/python3.12/site-packages/lightgbm/sklearn.py:1106: LGBMDeprecationWarning: The argument 'eval_set' is deprecated, use 'eval_X' and 'eval_y' instead.
  eval_set = _validate_eval_set_Xy(eval_set=eval_set, eval_X=eval_X, eval_y=eval_y)
/home/overxpowered/padhai_in_linux/Projects/AGNITIA-TERRA06/.venv/lib/python3.12/site-packages/lightgbm/sklearn.py:1106: LGBMDeprecationWarning: The argument 'eval_set' is deprecated, use 'eval_X' and 'eval_y' instead.
  eval_set = _validate_eval_set_Xy(eval_set=eval_set, eval_X=eval_X, eval_y=eval_y)
/home/overxpowered/padhai_in_linux/Projects/AGNITIA-TERRA06/.venv/lib/python3.12/site-packages/lightgbm/sklearn.py:1106: LGBMDeprecationWarning: The argument 'eval_set' is deprecated, use 'eval_X' and 'eval_y' instead.
  eval_set = _validate_eval_set_Xy(eval_set=eval_set, eval_X=eval_X, eval_y=eval_y)
2026-10-09 07:40:50,758 INFO __main__: [wind Trial 133] pinball=0.84380 params={'num_leaves': 17, 'min_child_samples': 123, 'learning_rate': 0.031, 'subsample': 0.6954, 'colsample_bytree': 0.9392, 'reg_lambda': 1.5474, 'reg_alpha': 3.8246}
[I 2026-10-09 07:40:50,758] Trial 133 finished with value: 0.843797442252663 and parameters: {'num_leaves': 17, 'min_child_samples': 123, 'learning_rate': 0.030973738582292864, 'subsample': 0.6954154751269354, 'colsample_bytree': 0.9392362087292497, 'reg_lambda': 1.5473932959154229, 'reg_alpha': 3.8246118712673614}. Best is trial 75 with value: 0.834166690773951.
/home/overxpowered/padhai_in_linux/Projects/AGNITIA-TERRA06/.venv/lib/python3.12/site-packages/lightgbm/sklearn.py:1106: LGBMDeprecationWarning: The argument 'eval_set' is deprecated, use 'eval_X' and 'eval_y' instead.
  eval_set = _validate_eval_set_Xy(eval_set=eval_set, eval_X=eval_X, eval_y=eval_y)
/home/overxpowered/padhai_in_linux/Projects/AGNITIA-TERRA06/.venv/lib/python3.12/site-packages/lightgbm/sklearn.py:1106: LGBMDeprecationWarning: The argument 'eval_set' is deprecated, use 'eval_X' and 'eval_y' instead.
  eval_set = _validate_eval_set_Xy(eval_set=eval_set, eval_X=eval_X, eval_y=eval_y)
/home/overxpowered/padhai_in_linux/Projects/AGNITIA-TERRA06/.venv/lib/python3.12/site-packages/lightgbm/sklearn.py:1106: LGBMDeprecationWarning: The argument 'eval_set' is deprecated, use 'eval_X' and 'eval_y' instead.
  eval_set = _validate_eval_set_Xy(eval_set=eval_set, eval_X=eval_X, eval_y=eval_y)
/home/overxpowered/padhai_in_linux/Projects/AGNITIA-TERRA06/.venv/lib/python3.12/site-packages/lightgbm/sklearn.py:1106: LGBMDeprecationWarning: The argument 'eval_set' is deprecated, use 'eval_X' and 'eval_y' instead.
  eval_set = _validate_eval_set_Xy(eval_set=eval_set, eval_X=eval_X, eval_y=eval_y)
/home/overxpowered/padhai_in_linux/Projects/AGNITIA-TERRA06/.venv/lib/python3.12/site-packages/lightgbm/sklearn.py:1106: LGBMDeprecationWarning: The argument 'eval_set' is deprecated, use 'eval_X' and 'eval_y' instead.
  eval_set = _validate_eval_set_Xy(eval_set=eval_set, eval_X=eval_X, eval_y=eval_y)
2026-10-09 07:41:04,869 INFO __main__: [wind Trial 134] pinball=0.84155 params={'num_leaves': 18, 'min_child_samples': 123, 'learning_rate': 0.0273, 'subsample': 0.6901, 'colsample_bytree': 0.8946, 'reg_lambda': 0.692, 'reg_alpha': 4.2416}
[I 2026-10-09 07:41:04,869] Trial 134 finished with value: 0.8415548978766907 and parameters: {'num_leaves': 18, 'min_child_samples': 123, 'learning_rate': 0.02726311734592677, 'subsample': 0.6901293211056546, 'colsample_bytree': 0.8945663726191274, 'reg_lambda': 0.6920282782901046, 'reg_alpha': 4.241606703208272}. Best is trial 75 with value: 0.834166690773951.
/home/overxpowered/padhai_in_linux/Projects/AGNITIA-TERRA06/.venv/lib/python3.12/site-packages/lightgbm/sklearn.py:1106: LGBMDeprecationWarning: The argument 'eval_set' is deprecated, use 'eval_X' and 'eval_y' instead.
  eval_set = _validate_eval_set_Xy(eval_set=eval_set, eval_X=eval_X, eval_y=eval_y)
/home/overxpowered/padhai_in_linux/Projects/AGNITIA-TERRA06/.venv/lib/python3.12/site-packages/lightgbm/sklearn.py:1106: LGBMDeprecationWarning: The argument 'eval_set' is deprecated, use 'eval_X' and 'eval_y' instead.
  eval_set = _validate_eval_set_Xy(eval_set=eval_set, eval_X=eval_X, eval_y=eval_y)
/home/overxpowered/padhai_in_linux/Projects/AGNITIA-TERRA06/.venv/lib/python3.12/site-packages/lightgbm/sklearn.py:1106: LGBMDeprecationWarning: The argument 'eval_set' is deprecated, use 'eval_X' and 'eval_y' instead.
  eval_set = _validate_eval_set_Xy(eval_set=eval_set, eval_X=eval_X, eval_y=eval_y)
/home/overxpowered/padhai_in_linux/Projects/AGNITIA-TERRA06/.venv/lib/python3.12/site-packages/lightgbm/sklearn.py:1106: LGBMDeprecationWarning: The argument 'eval_set' is deprecated, use 'eval_X' and 'eval_y' instead.
  eval_set = _validate_eval_set_Xy(eval_set=eval_set, eval_X=eval_X, eval_y=eval_y)
/home/overxpowered/padhai_in_linux/Projects/AGNITIA-TERRA06/.venv/lib/python3.12/site-packages/lightgbm/sklearn.py:1106: LGBMDeprecationWarning: The argument 'eval_set' is deprecated, use 'eval_X' and 'eval_y' instead.
  eval_set = _validate_eval_set_Xy(eval_set=eval_set, eval_X=eval_X, eval_y=eval_y)
2026-10-09 07:41:17,359 INFO __main__: [wind Trial 135] pinball=0.84447 params={'num_leaves': 18, 'min_child_samples': 139, 'learning_rate': 0.0296, 'subsample': 0.7054, 'colsample_bytree': 0.9054, 'reg_lambda': 0.5496, 'reg_alpha': 4.3429}
[I 2026-10-09 07:41:17,359] Trial 135 finished with value: 0.8444671880007032 and parameters: {'num_leaves': 18, 'min_child_samples': 139, 'learning_rate': 0.029606015383574012, 'subsample': 0.7054120973191264, 'colsample_bytree': 0.905379107959877, 'reg_lambda': 0.5495607489191515, 'reg_alpha': 4.342893042230158}. Best is trial 75 with value: 0.834166690773951.
/home/overxpowered/padhai_in_linux/Projects/AGNITIA-TERRA06/.venv/lib/python3.12/site-packages/lightgbm/sklearn.py:1106: LGBMDeprecationWarning: The argument 'eval_set' is deprecated, use 'eval_X' and 'eval_y' instead.
  eval_set = _validate_eval_set_Xy(eval_set=eval_set, eval_X=eval_X, eval_y=eval_y)
/home/overxpowered/padhai_in_linux/Projects/AGNITIA-TERRA06/.venv/lib/python3.12/site-packages/lightgbm/sklearn.py:1106: LGBMDeprecationWarning: The argument 'eval_set' is deprecated, use 'eval_X' and 'eval_y' instead.
  eval_set = _validate_eval_set_Xy(eval_set=eval_set, eval_X=eval_X, eval_y=eval_y)
/home/overxpowered/padhai_in_linux/Projects/AGNITIA-TERRA06/.venv/lib/python3.12/site-packages/lightgbm/sklearn.py:1106: LGBMDeprecationWarning: The argument 'eval_set' is deprecated, use 'eval_X' and 'eval_y' instead.
  eval_set = _validate_eval_set_Xy(eval_set=eval_set, eval_X=eval_X, eval_y=eval_y)
/home/overxpowered/padhai_in_linux/Projects/AGNITIA-TERRA06/.venv/lib/python3.12/site-packages/lightgbm/sklearn.py:1106: LGBMDeprecationWarning: The argument 'eval_set' is deprecated, use 'eval_X' and 'eval_y' instead.
  eval_set = _validate_eval_set_Xy(eval_set=eval_set, eval_X=eval_X, eval_y=eval_y)
/home/overxpowered/padhai_in_linux/Projects/AGNITIA-TERRA06/.venv/lib/python3.12/site-packages/lightgbm/sklearn.py:1106: LGBMDeprecationWarning: The argument 'eval_set' is deprecated, use 'eval_X' and 'eval_y' instead.
  eval_set = _validate_eval_set_Xy(eval_set=eval_set, eval_X=eval_X, eval_y=eval_y)
2026-10-09 07:41:36,362 INFO __main__: [wind Trial 136] pinball=0.84391 params={'num_leaves': 18, 'min_child_samples': 125, 'learning_rate': 0.0196, 'subsample': 0.7088, 'colsample_bytree': 0.9347, 'reg_lambda': 0.2906, 'reg_alpha': 3.9346}
[I 2026-10-09 07:41:36,362] Trial 136 finished with value: 0.8439102474024753 and parameters: {'num_leaves': 18, 'min_child_samples': 125, 'learning_rate': 0.019556698438745645, 'subsample': 0.7088098696306538, 'colsample_bytree': 0.934722766765554, 'reg_lambda': 0.29060795202448214, 'reg_alpha': 3.934589518338593}. Best is trial 75 with value: 0.834166690773951.
/home/overxpowered/padhai_in_linux/Projects/AGNITIA-TERRA06/.venv/lib/python3.12/site-packages/lightgbm/sklearn.py:1106: LGBMDeprecationWarning: The argument 'eval_set' is deprecated, use 'eval_X' and 'eval_y' instead.
  eval_set = _validate_eval_set_Xy(eval_set=eval_set, eval_X=eval_X, eval_y=eval_y)
/home/overxpowered/padhai_in_linux/Projects/AGNITIA-TERRA06/.venv/lib/python3.12/site-packages/lightgbm/sklearn.py:1106: LGBMDeprecationWarning: The argument 'eval_set' is deprecated, use 'eval_X' and 'eval_y' instead.
  eval_set = _validate_eval_set_Xy(eval_set=eval_set, eval_X=eval_X, eval_y=eval_y)
/home/overxpowered/padhai_in_linux/Projects/AGNITIA-TERRA06/.venv/lib/python3.12/site-packages/lightgbm/sklearn.py:1106: LGBMDeprecationWarning: The argument 'eval_set' is deprecated, use 'eval_X' and 'eval_y' instead.
  eval_set = _validate_eval_set_Xy(eval_set=eval_set, eval_X=eval_X, eval_y=eval_y)
/home/overxpowered/padhai_in_linux/Projects/AGNITIA-TERRA06/.venv/lib/python3.12/site-packages/lightgbm/sklearn.py:1106: LGBMDeprecationWarning: The argument 'eval_set' is deprecated, use 'eval_X' and 'eval_y' instead.
  eval_set = _validate_eval_set_Xy(eval_set=eval_set, eval_X=eval_X, eval_y=eval_y)
/home/overxpowered/padhai_in_linux/Projects/AGNITIA-TERRA06/.venv/lib/python3.12/site-packages/lightgbm/sklearn.py:1106: LGBMDeprecationWarning: The argument 'eval_set' is deprecated, use 'eval_X' and 'eval_y' instead.
  eval_set = _validate_eval_set_Xy(eval_set=eval_set, eval_X=eval_X, eval_y=eval_y)
2026-10-09 07:41:47,852 INFO __main__: [wind Trial 137] pinball=0.85806 params={'num_leaves': 26, 'min_child_samples': 128, 'learning_rate': 0.0305, 'subsample': 0.687, 'colsample_bytree': 0.9086, 'reg_lambda': 0.3739, 'reg_alpha': 4.3492}
[I 2026-10-09 07:41:47,853] Trial 137 finished with value: 0.8580605338877539 and parameters: {'num_leaves': 26, 'min_child_samples': 128, 'learning_rate': 0.030523063558778624, 'subsample': 0.6869683588958767, 'colsample_bytree': 0.908567089106289, 'reg_lambda': 0.37394538949717504, 'reg_alpha': 4.349245100036551}. Best is trial 75 with value: 0.834166690773951.
/home/overxpowered/padhai_in_linux/Projects/AGNITIA-TERRA06/.venv/lib/python3.12/site-packages/lightgbm/sklearn.py:1106: LGBMDeprecationWarning: The argument 'eval_set' is deprecated, use 'eval_X' and 'eval_y' instead.
  eval_set = _validate_eval_set_Xy(eval_set=eval_set, eval_X=eval_X, eval_y=eval_y)
/home/overxpowered/padhai_in_linux/Projects/AGNITIA-TERRA06/.venv/lib/python3.12/site-packages/lightgbm/sklearn.py:1106: LGBMDeprecationWarning: The argument 'eval_set' is deprecated, use 'eval_X' and 'eval_y' instead.
  eval_set = _validate_eval_set_Xy(eval_set=eval_set, eval_X=eval_X, eval_y=eval_y)
/home/overxpowered/padhai_in_linux/Projects/AGNITIA-TERRA06/.venv/lib/python3.12/site-packages/lightgbm/sklearn.py:1106: LGBMDeprecationWarning: The argument 'eval_set' is deprecated, use 'eval_X' and 'eval_y' instead.
  eval_set = _validate_eval_set_Xy(eval_set=eval_set, eval_X=eval_X, eval_y=eval_y)
/home/overxpowered/padhai_in_linux/Projects/AGNITIA-TERRA06/.venv/lib/python3.12/site-packages/lightgbm/sklearn.py:1106: LGBMDeprecationWarning: The argument 'eval_set' is deprecated, use 'eval_X' and 'eval_y' instead.
  eval_set = _validate_eval_set_Xy(eval_set=eval_set, eval_X=eval_X, eval_y=eval_y)
/home/overxpowered/padhai_in_linux/Projects/AGNITIA-TERRA06/.venv/lib/python3.12/site-packages/lightgbm/sklearn.py:1106: LGBMDeprecationWarning: The argument 'eval_set' is deprecated, use 'eval_X' and 'eval_y' instead.
  eval_set = _validate_eval_set_Xy(eval_set=eval_set, eval_X=eval_X, eval_y=eval_y)
2026-10-09 07:42:00,557 INFO __main__: [wind Trial 138] pinball=0.85429 params={'num_leaves': 23, 'min_child_samples': 119, 'learning_rate': 0.0302, 'subsample': 0.7253, 'colsample_bytree': 0.9139, 'reg_lambda': 1.1871, 'reg_alpha': 4.3106}
[I 2026-10-09 07:42:00,558] Trial 138 finished with value: 0.854291309435921 and parameters: {'num_leaves': 23, 'min_child_samples': 119, 'learning_rate': 0.03016514170814148, 'subsample': 0.7252996963667053, 'colsample_bytree': 0.9138774053486172, 'reg_lambda': 1.1870808631625436, 'reg_alpha': 4.310643266751341}. Best is trial 75 with value: 0.834166690773951.
/home/overxpowered/padhai_in_linux/Projects/AGNITIA-TERRA06/.venv/lib/python3.12/site-packages/lightgbm/sklearn.py:1106: LGBMDeprecationWarning: The argument 'eval_set' is deprecated, use 'eval_X' and 'eval_y' instead.
  eval_set = _validate_eval_set_Xy(eval_set=eval_set, eval_X=eval_X, eval_y=eval_y)
/home/overxpowered/padhai_in_linux/Projects/AGNITIA-TERRA06/.venv/lib/python3.12/site-packages/lightgbm/sklearn.py:1106: LGBMDeprecationWarning: The argument 'eval_set' is deprecated, use 'eval_X' and 'eval_y' instead.
  eval_set = _validate_eval_set_Xy(eval_set=eval_set, eval_X=eval_X, eval_y=eval_y)
/home/overxpowered/padhai_in_linux/Projects/AGNITIA-TERRA06/.venv/lib/python3.12/site-packages/lightgbm/sklearn.py:1106: LGBMDeprecationWarning: The argument 'eval_set' is deprecated, use 'eval_X' and 'eval_y' instead.
  eval_set = _validate_eval_set_Xy(eval_set=eval_set, eval_X=eval_X, eval_y=eval_y)
/home/overxpowered/padhai_in_linux/Projects/AGNITIA-TERRA06/.venv/lib/python3.12/site-packages/lightgbm/sklearn.py:1106: LGBMDeprecationWarning: The argument 'eval_set' is deprecated, use 'eval_X' and 'eval_y' instead.
  eval_set = _validate_eval_set_Xy(eval_set=eval_set, eval_X=eval_X, eval_y=eval_y)
/home/overxpowered/padhai_in_linux/Projects/AGNITIA-TERRA06/.venv/lib/python3.12/site-packages/lightgbm/sklearn.py:1106: LGBMDeprecationWarning: The argument 'eval_set' is deprecated, use 'eval_X' and 'eval_y' instead.
  eval_set = _validate_eval_set_Xy(eval_set=eval_set, eval_X=eval_X, eval_y=eval_y)
2026-10-09 07:42:19,701 INFO __main__: [wind Trial 139] pinball=0.83846 params={'num_leaves': 17, 'min_child_samples': 129, 'learning_rate': 0.0212, 'subsample': 0.6888, 'colsample_bytree': 0.9812, 'reg_lambda': 0.3102, 'reg_alpha': 3.9131}
[I 2026-10-09 07:42:19,701] Trial 139 finished with value: 0.8384585670468614 and parameters: {'num_leaves': 17, 'min_child_samples': 129, 'learning_rate': 0.021203985408582607, 'subsample': 0.6887628539574183, 'colsample_bytree': 0.9811846216736341, 'reg_lambda': 0.3101733814011002, 'reg_alpha': 3.913121476278651}. Best is trial 75 with value: 0.834166690773951.
/home/overxpowered/padhai_in_linux/Projects/AGNITIA-TERRA06/.venv/lib/python3.12/site-packages/lightgbm/sklearn.py:1106: LGBMDeprecationWarning: The argument 'eval_set' is deprecated, use 'eval_X' and 'eval_y' instead.
  eval_set = _validate_eval_set_Xy(eval_set=eval_set, eval_X=eval_X, eval_y=eval_y)
/home/overxpowered/padhai_in_linux/Projects/AGNITIA-TERRA06/.venv/lib/python3.12/site-packages/lightgbm/sklearn.py:1106: LGBMDeprecationWarning: The argument 'eval_set' is deprecated, use 'eval_X' and 'eval_y' instead.
  eval_set = _validate_eval_set_Xy(eval_set=eval_set, eval_X=eval_X, eval_y=eval_y)
/home/overxpowered/padhai_in_linux/Projects/AGNITIA-TERRA06/.venv/lib/python3.12/site-packages/lightgbm/sklearn.py:1106: LGBMDeprecationWarning: The argument 'eval_set' is deprecated, use 'eval_X' and 'eval_y' instead.
  eval_set = _validate_eval_set_Xy(eval_set=eval_set, eval_X=eval_X, eval_y=eval_y)
/home/overxpowered/padhai_in_linux/Projects/AGNITIA-TERRA06/.venv/lib/python3.12/site-packages/lightgbm/sklearn.py:1106: LGBMDeprecationWarning: The argument 'eval_set' is deprecated, use 'eval_X' and 'eval_y' instead.
  eval_set = _validate_eval_set_Xy(eval_set=eval_set, eval_X=eval_X, eval_y=eval_y)
/home/overxpowered/padhai_in_linux/Projects/AGNITIA-TERRA06/.venv/lib/python3.12/site-packages/lightgbm/sklearn.py:1106: LGBMDeprecationWarning: The argument 'eval_set' is deprecated, use 'eval_X' and 'eval_y' instead.
  eval_set = _validate_eval_set_Xy(eval_set=eval_set, eval_X=eval_X, eval_y=eval_y)
2026-10-09 07:42:39,789 INFO __main__: [wind Trial 140] pinball=0.84374 params={'num_leaves': 19, 'min_child_samples': 136, 'learning_rate': 0.0186, 'subsample': 0.6992, 'colsample_bytree': 0.9925, 'reg_lambda': 0.028, 'reg_alpha': 3.6786}
[I 2026-10-09 07:42:39,789] Trial 140 finished with value: 0.8437430924327354 and parameters: {'num_leaves': 19, 'min_child_samples': 136, 'learning_rate': 0.018647606131195274, 'subsample': 0.6992161633478272, 'colsample_bytree': 0.9924786287212748, 'reg_lambda': 0.02800856759769854, 'reg_alpha': 3.678595758657567}. Best is trial 75 with value: 0.834166690773951.
/home/overxpowered/padhai_in_linux/Projects/AGNITIA-TERRA06/.venv/lib/python3.12/site-packages/lightgbm/sklearn.py:1106: LGBMDeprecationWarning: The argument 'eval_set' is deprecated, use 'eval_X' and 'eval_y' instead.
  eval_set = _validate_eval_set_Xy(eval_set=eval_set, eval_X=eval_X, eval_y=eval_y)
/home/overxpowered/padhai_in_linux/Projects/AGNITIA-TERRA06/.venv/lib/python3.12/site-packages/lightgbm/sklearn.py:1106: LGBMDeprecationWarning: The argument 'eval_set' is deprecated, use 'eval_X' and 'eval_y' instead.
  eval_set = _validate_eval_set_Xy(eval_set=eval_set, eval_X=eval_X, eval_y=eval_y)
/home/overxpowered/padhai_in_linux/Projects/AGNITIA-TERRA06/.venv/lib/python3.12/site-packages/lightgbm/sklearn.py:1106: LGBMDeprecationWarning: The argument 'eval_set' is deprecated, use 'eval_X' and 'eval_y' instead.
  eval_set = _validate_eval_set_Xy(eval_set=eval_set, eval_X=eval_X, eval_y=eval_y)
/home/overxpowered/padhai_in_linux/Projects/AGNITIA-TERRA06/.venv/lib/python3.12/site-packages/lightgbm/sklearn.py:1106: LGBMDeprecationWarning: The argument 'eval_set' is deprecated, use 'eval_X' and 'eval_y' instead.
  eval_set = _validate_eval_set_Xy(eval_set=eval_set, eval_X=eval_X, eval_y=eval_y)
/home/overxpowered/padhai_in_linux/Projects/AGNITIA-TERRA06/.venv/lib/python3.12/site-packages/lightgbm/sklearn.py:1106: LGBMDeprecationWarning: The argument 'eval_set' is deprecated, use 'eval_X' and 'eval_y' instead.
  eval_set = _validate_eval_set_Xy(eval_set=eval_set, eval_X=eval_X, eval_y=eval_y)
2026-10-09 07:42:59,015 INFO __main__: [wind Trial 141] pinball=0.84203 params={'num_leaves': 17, 'min_child_samples': 145, 'learning_rate': 0.0228, 'subsample': 0.6923, 'colsample_bytree': 0.9864, 'reg_lambda': 0.922, 'reg_alpha': 3.3507}
[I 2026-10-09 07:42:59,016] Trial 141 finished with value: 0.8420284661981314 and parameters: {'num_leaves': 17, 'min_child_samples': 145, 'learning_rate': 0.022834903986565815, 'subsample': 0.6922585701864306, 'colsample_bytree': 0.9864113759652207, 'reg_lambda': 0.9219943543459308, 'reg_alpha': 3.350662922490588}. Best is trial 75 with value: 0.834166690773951.
/home/overxpowered/padhai_in_linux/Projects/AGNITIA-TERRA06/.venv/lib/python3.12/site-packages/lightgbm/sklearn.py:1106: LGBMDeprecationWarning: The argument 'eval_set' is deprecated, use 'eval_X' and 'eval_y' instead.
  eval_set = _validate_eval_set_Xy(eval_set=eval_set, eval_X=eval_X, eval_y=eval_y)
/home/overxpowered/padhai_in_linux/Projects/AGNITIA-TERRA06/.venv/lib/python3.12/site-packages/lightgbm/sklearn.py:1106: LGBMDeprecationWarning: The argument 'eval_set' is deprecated, use 'eval_X' and 'eval_y' instead.
  eval_set = _validate_eval_set_Xy(eval_set=eval_set, eval_X=eval_X, eval_y=eval_y)
/home/overxpowered/padhai_in_linux/Projects/AGNITIA-TERRA06/.venv/lib/python3.12/site-packages/lightgbm/sklearn.py:1106: LGBMDeprecationWarning: The argument 'eval_set' is deprecated, use 'eval_X' and 'eval_y' instead.
  eval_set = _validate_eval_set_Xy(eval_set=eval_set, eval_X=eval_X, eval_y=eval_y)
/home/overxpowered/padhai_in_linux/Projects/AGNITIA-TERRA06/.venv/lib/python3.12/site-packages/lightgbm/sklearn.py:1106: LGBMDeprecationWarning: The argument 'eval_set' is deprecated, use 'eval_X' and 'eval_y' instead.
  eval_set = _validate_eval_set_Xy(eval_set=eval_set, eval_X=eval_X, eval_y=eval_y)
/home/overxpowered/padhai_in_linux/Projects/AGNITIA-TERRA06/.venv/lib/python3.12/site-packages/lightgbm/sklearn.py:1106: LGBMDeprecationWarning: The argument 'eval_set' is deprecated, use 'eval_X' and 'eval_y' instead.
  eval_set = _validate_eval_set_Xy(eval_set=eval_set, eval_X=eval_X, eval_y=eval_y)
2026-10-09 07:43:15,041 INFO __main__: [wind Trial 142] pinball=0.84115 params={'num_leaves': 19, 'min_child_samples': 125, 'learning_rate': 0.0286, 'subsample': 0.7058, 'colsample_bytree': 0.9489, 'reg_lambda': 1.0017, 'reg_alpha': 4.5183}
[I 2026-10-09 07:43:15,041] Trial 142 finished with value: 0.8411486362380745 and parameters: {'num_leaves': 19, 'min_child_samples': 125, 'learning_rate': 0.02863227815822339, 'subsample': 0.7057644371257416, 'colsample_bytree': 0.9488953358118766, 'reg_lambda': 1.0017496256958314, 'reg_alpha': 4.518297719652}. Best is trial 75 with value: 0.834166690773951.
/home/overxpowered/padhai_in_linux/Projects/AGNITIA-TERRA06/.venv/lib/python3.12/site-packages/lightgbm/sklearn.py:1106: LGBMDeprecationWarning: The argument 'eval_set' is deprecated, use 'eval_X' and 'eval_y' instead.
  eval_set = _validate_eval_set_Xy(eval_set=eval_set, eval_X=eval_X, eval_y=eval_y)
/home/overxpowered/padhai_in_linux/Projects/AGNITIA-TERRA06/.venv/lib/python3.12/site-packages/lightgbm/sklearn.py:1106: LGBMDeprecationWarning: The argument 'eval_set' is deprecated, use 'eval_X' and 'eval_y' instead.
  eval_set = _validate_eval_set_Xy(eval_set=eval_set, eval_X=eval_X, eval_y=eval_y)
/home/overxpowered/padhai_in_linux/Projects/AGNITIA-TERRA06/.venv/lib/python3.12/site-packages/lightgbm/sklearn.py:1106: LGBMDeprecationWarning: The argument 'eval_set' is deprecated, use 'eval_X' and 'eval_y' instead.
  eval_set = _validate_eval_set_Xy(eval_set=eval_set, eval_X=eval_X, eval_y=eval_y)
/home/overxpowered/padhai_in_linux/Projects/AGNITIA-TERRA06/.venv/lib/python3.12/site-packages/lightgbm/sklearn.py:1106: LGBMDeprecationWarning: The argument 'eval_set' is deprecated, use 'eval_X' and 'eval_y' instead.
  eval_set = _validate_eval_set_Xy(eval_set=eval_set, eval_X=eval_X, eval_y=eval_y)
/home/overxpowered/padhai_in_linux/Projects/AGNITIA-TERRA06/.venv/lib/python3.12/site-packages/lightgbm/sklearn.py:1106: LGBMDeprecationWarning: The argument 'eval_set' is deprecated, use 'eval_X' and 'eval_y' instead.
  eval_set = _validate_eval_set_Xy(eval_set=eval_set, eval_X=eval_X, eval_y=eval_y)
2026-10-09 07:43:31,534 INFO __main__: [wind Trial 143] pinball=0.84178 params={'num_leaves': 17, 'min_child_samples': 115, 'learning_rate': 0.0209, 'subsample': 0.6588, 'colsample_bytree': 0.9664, 'reg_lambda': 0.4099, 'reg_alpha': 3.9718}
[I 2026-10-09 07:43:31,534] Trial 143 finished with value: 0.8417799823783298 and parameters: {'num_leaves': 17, 'min_child_samples': 115, 'learning_rate': 0.020917873772531997, 'subsample': 0.658796438929094, 'colsample_bytree': 0.9664457828764816, 'reg_lambda': 0.4099461428807372, 'reg_alpha': 3.971811502030538}. Best is trial 75 with value: 0.834166690773951.
/home/overxpowered/padhai_in_linux/Projects/AGNITIA-TERRA06/.venv/lib/python3.12/site-packages/lightgbm/sklearn.py:1106: LGBMDeprecationWarning: The argument 'eval_set' is deprecated, use 'eval_X' and 'eval_y' instead.
  eval_set = _validate_eval_set_Xy(eval_set=eval_set, eval_X=eval_X, eval_y=eval_y)
/home/overxpowered/padhai_in_linux/Projects/AGNITIA-TERRA06/.venv/lib/python3.12/site-packages/lightgbm/sklearn.py:1106: LGBMDeprecationWarning: The argument 'eval_set' is deprecated, use 'eval_X' and 'eval_y' instead.
  eval_set = _validate_eval_set_Xy(eval_set=eval_set, eval_X=eval_X, eval_y=eval_y)
/home/overxpowered/padhai_in_linux/Projects/AGNITIA-TERRA06/.venv/lib/python3.12/site-packages/lightgbm/sklearn.py:1106: LGBMDeprecationWarning: The argument 'eval_set' is deprecated, use 'eval_X' and 'eval_y' instead.
  eval_set = _validate_eval_set_Xy(eval_set=eval_set, eval_X=eval_X, eval_y=eval_y)
/home/overxpowered/padhai_in_linux/Projects/AGNITIA-TERRA06/.venv/lib/python3.12/site-packages/lightgbm/sklearn.py:1106: LGBMDeprecationWarning: The argument 'eval_set' is deprecated, use 'eval_X' and 'eval_y' instead.
  eval_set = _validate_eval_set_Xy(eval_set=eval_set, eval_X=eval_X, eval_y=eval_y)
/home/overxpowered/padhai_in_linux/Projects/AGNITIA-TERRA06/.venv/lib/python3.12/site-packages/lightgbm/sklearn.py:1106: LGBMDeprecationWarning: The argument 'eval_set' is deprecated, use 'eval_X' and 'eval_y' instead.
  eval_set = _validate_eval_set_Xy(eval_set=eval_set, eval_X=eval_X, eval_y=eval_y)
2026-10-09 07:43:46,552 INFO __main__: [wind Trial 144] pinball=0.83409 params={'num_leaves': 15, 'min_child_samples': 121, 'learning_rate': 0.0304, 'subsample': 0.7089, 'colsample_bytree': 0.9075, 'reg_lambda': 0.0598, 'reg_alpha': 4.5003}
[I 2026-10-09 07:43:46,552] Trial 144 finished with value: 0.8340940207764047 and parameters: {'num_leaves': 15, 'min_child_samples': 121, 'learning_rate': 0.03040435042832931, 'subsample': 0.7088540659277246, 'colsample_bytree': 0.9074862365600834, 'reg_lambda': 0.05976292983229059, 'reg_alpha': 4.500320180145389}. Best is trial 144 with value: 0.8340940207764047.
/home/overxpowered/padhai_in_linux/Projects/AGNITIA-TERRA06/.venv/lib/python3.12/site-packages/lightgbm/sklearn.py:1106: LGBMDeprecationWarning: The argument 'eval_set' is deprecated, use 'eval_X' and 'eval_y' instead.
  eval_set = _validate_eval_set_Xy(eval_set=eval_set, eval_X=eval_X, eval_y=eval_y)
/home/overxpowered/padhai_in_linux/Projects/AGNITIA-TERRA06/.venv/lib/python3.12/site-packages/lightgbm/sklearn.py:1106: LGBMDeprecationWarning: The argument 'eval_set' is deprecated, use 'eval_X' and 'eval_y' instead.
  eval_set = _validate_eval_set_Xy(eval_set=eval_set, eval_X=eval_X, eval_y=eval_y)
/home/overxpowered/padhai_in_linux/Projects/AGNITIA-TERRA06/.venv/lib/python3.12/site-packages/lightgbm/sklearn.py:1106: LGBMDeprecationWarning: The argument 'eval_set' is deprecated, use 'eval_X' and 'eval_y' instead.
  eval_set = _validate_eval_set_Xy(eval_set=eval_set, eval_X=eval_X, eval_y=eval_y)
/home/overxpowered/padhai_in_linux/Projects/AGNITIA-TERRA06/.venv/lib/python3.12/site-packages/lightgbm/sklearn.py:1106: LGBMDeprecationWarning: The argument 'eval_set' is deprecated, use 'eval_X' and 'eval_y' instead.
  eval_set = _validate_eval_set_Xy(eval_set=eval_set, eval_X=eval_X, eval_y=eval_y)
/home/overxpowered/padhai_in_linux/Projects/AGNITIA-TERRA06/.venv/lib/python3.12/site-packages/lightgbm/sklearn.py:1106: LGBMDeprecationWarning: The argument 'eval_set' is deprecated, use 'eval_X' and 'eval_y' instead.
  eval_set = _validate_eval_set_Xy(eval_set=eval_set, eval_X=eval_X, eval_y=eval_y)
2026-10-09 07:44:01,124 INFO __main__: [wind Trial 145] pinball=0.84556 params={'num_leaves': 19, 'min_child_samples': 113, 'learning_rate': 0.0214, 'subsample': 0.6693, 'colsample_bytree': 0.8782, 'reg_lambda': 1.1416, 'reg_alpha': 3.7146}
[I 2026-10-09 07:44:01,124] Trial 145 finished with value: 0.8455642802067148 and parameters: {'num_leaves': 19, 'min_child_samples': 113, 'learning_rate': 0.021414788258914744, 'subsample': 0.6692959752468293, 'colsample_bytree': 0.878191252611793, 'reg_lambda': 1.1415559259074342, 'reg_alpha': 3.7146035190672633}. Best is trial 144 with value: 0.8340940207764047.
/home/overxpowered/padhai_in_linux/Projects/AGNITIA-TERRA06/.venv/lib/python3.12/site-packages/lightgbm/sklearn.py:1106: LGBMDeprecationWarning: The argument 'eval_set' is deprecated, use 'eval_X' and 'eval_y' instead.
  eval_set = _validate_eval_set_Xy(eval_set=eval_set, eval_X=eval_X, eval_y=eval_y)
/home/overxpowered/padhai_in_linux/Projects/AGNITIA-TERRA06/.venv/lib/python3.12/site-packages/lightgbm/sklearn.py:1106: LGBMDeprecationWarning: The argument 'eval_set' is deprecated, use 'eval_X' and 'eval_y' instead.
  eval_set = _validate_eval_set_Xy(eval_set=eval_set, eval_X=eval_X, eval_y=eval_y)
/home/overxpowered/padhai_in_linux/Projects/AGNITIA-TERRA06/.venv/lib/python3.12/site-packages/lightgbm/sklearn.py:1106: LGBMDeprecationWarning: The argument 'eval_set' is deprecated, use 'eval_X' and 'eval_y' instead.
  eval_set = _validate_eval_set_Xy(eval_set=eval_set, eval_X=eval_X, eval_y=eval_y)
/home/overxpowered/padhai_in_linux/Projects/AGNITIA-TERRA06/.venv/lib/python3.12/site-packages/lightgbm/sklearn.py:1106: LGBMDeprecationWarning: The argument 'eval_set' is deprecated, use 'eval_X' and 'eval_y' instead.
  eval_set = _validate_eval_set_Xy(eval_set=eval_set, eval_X=eval_X, eval_y=eval_y)
/home/overxpowered/padhai_in_linux/Projects/AGNITIA-TERRA06/.venv/lib/python3.12/site-packages/lightgbm/sklearn.py:1106: LGBMDeprecationWarning: The argument 'eval_set' is deprecated, use 'eval_X' and 'eval_y' instead.
  eval_set = _validate_eval_set_Xy(eval_set=eval_set, eval_X=eval_X, eval_y=eval_y)
2026-10-09 07:44:19,324 INFO __main__: [wind Trial 146] pinball=0.85342 params={'num_leaves': 21, 'min_child_samples': 142, 'learning_rate': 0.0201, 'subsample': 0.6857, 'colsample_bytree': 0.9938, 'reg_lambda': 0.0821, 'reg_alpha': 4.0817}
[I 2026-10-09 07:44:19,324] Trial 146 finished with value: 0.8534171376166059 and parameters: {'num_leaves': 21, 'min_child_samples': 142, 'learning_rate': 0.0201168341927851, 'subsample': 0.6857076836975615, 'colsample_bytree': 0.9937817961065912, 'reg_lambda': 0.0821374249837612, 'reg_alpha': 4.081745787863042}. Best is trial 144 with value: 0.8340940207764047.
/home/overxpowered/padhai_in_linux/Projects/AGNITIA-TERRA06/.venv/lib/python3.12/site-packages/lightgbm/sklearn.py:1106: LGBMDeprecationWarning: The argument 'eval_set' is deprecated, use 'eval_X' and 'eval_y' instead.
  eval_set = _validate_eval_set_Xy(eval_set=eval_set, eval_X=eval_X, eval_y=eval_y)
/home/overxpowered/padhai_in_linux/Projects/AGNITIA-TERRA06/.venv/lib/python3.12/site-packages/lightgbm/sklearn.py:1106: LGBMDeprecationWarning: The argument 'eval_set' is deprecated, use 'eval_X' and 'eval_y' instead.
  eval_set = _validate_eval_set_Xy(eval_set=eval_set, eval_X=eval_X, eval_y=eval_y)
/home/overxpowered/padhai_in_linux/Projects/AGNITIA-TERRA06/.venv/lib/python3.12/site-packages/lightgbm/sklearn.py:1106: LGBMDeprecationWarning: The argument 'eval_set' is deprecated, use 'eval_X' and 'eval_y' instead.
  eval_set = _validate_eval_set_Xy(eval_set=eval_set, eval_X=eval_X, eval_y=eval_y)
/home/overxpowered/padhai_in_linux/Projects/AGNITIA-TERRA06/.venv/lib/python3.12/site-packages/lightgbm/sklearn.py:1106: LGBMDeprecationWarning: The argument 'eval_set' is deprecated, use 'eval_X' and 'eval_y' instead.
  eval_set = _validate_eval_set_Xy(eval_set=eval_set, eval_X=eval_X, eval_y=eval_y)
/home/overxpowered/padhai_in_linux/Projects/AGNITIA-TERRA06/.venv/lib/python3.12/site-packages/lightgbm/sklearn.py:1106: LGBMDeprecationWarning: The argument 'eval_set' is deprecated, use 'eval_X' and 'eval_y' instead.
  eval_set = _validate_eval_set_Xy(eval_set=eval_set, eval_X=eval_X, eval_y=eval_y)
2026-10-09 07:44:38,486 INFO __main__: [wind Trial 147] pinball=0.84070 params={'num_leaves': 16, 'min_child_samples': 140, 'learning_rate': 0.0194, 'subsample': 0.6831, 'colsample_bytree': 0.9512, 'reg_lambda': 0.3753, 'reg_alpha': 4.068}
[I 2026-10-09 07:44:38,486] Trial 147 finished with value: 0.8407038822863591 and parameters: {'num_leaves': 16, 'min_child_samples': 140, 'learning_rate': 0.019393226416821074, 'subsample': 0.6831300576986512, 'colsample_bytree': 0.9511734574667842, 'reg_lambda': 0.375264857908805, 'reg_alpha': 4.06801503942409}. Best is trial 144 with value: 0.8340940207764047.
/home/overxpowered/padhai_in_linux/Projects/AGNITIA-TERRA06/.venv/lib/python3.12/site-packages/lightgbm/sklearn.py:1106: LGBMDeprecationWarning: The argument 'eval_set' is deprecated, use 'eval_X' and 'eval_y' instead.
  eval_set = _validate_eval_set_Xy(eval_set=eval_set, eval_X=eval_X, eval_y=eval_y)
/home/overxpowered/padhai_in_linux/Projects/AGNITIA-TERRA06/.venv/lib/python3.12/site-packages/lightgbm/sklearn.py:1106: LGBMDeprecationWarning: The argument 'eval_set' is deprecated, use 'eval_X' and 'eval_y' instead.
  eval_set = _validate_eval_set_Xy(eval_set=eval_set, eval_X=eval_X, eval_y=eval_y)
/home/overxpowered/padhai_in_linux/Projects/AGNITIA-TERRA06/.venv/lib/python3.12/site-packages/lightgbm/sklearn.py:1106: LGBMDeprecationWarning: The argument 'eval_set' is deprecated, use 'eval_X' and 'eval_y' instead.
  eval_set = _validate_eval_set_Xy(eval_set=eval_set, eval_X=eval_X, eval_y=eval_y)
/home/overxpowered/padhai_in_linux/Projects/AGNITIA-TERRA06/.venv/lib/python3.12/site-packages/lightgbm/sklearn.py:1106: LGBMDeprecationWarning: The argument 'eval_set' is deprecated, use 'eval_X' and 'eval_y' instead.
  eval_set = _validate_eval_set_Xy(eval_set=eval_set, eval_X=eval_X, eval_y=eval_y)
/home/overxpowered/padhai_in_linux/Projects/AGNITIA-TERRA06/.venv/lib/python3.12/site-packages/lightgbm/sklearn.py:1106: LGBMDeprecationWarning: The argument 'eval_set' is deprecated, use 'eval_X' and 'eval_y' instead.
  eval_set = _validate_eval_set_Xy(eval_set=eval_set, eval_X=eval_X, eval_y=eval_y)
2026-10-09 07:44:53,555 INFO __main__: [wind Trial 148] pinball=0.83741 params={'num_leaves': 16, 'min_child_samples': 113, 'learning_rate': 0.0335, 'subsample': 0.6811, 'colsample_bytree': 0.8889, 'reg_lambda': 0.2616, 'reg_alpha': 3.9161}
[I 2026-10-09 07:44:53,556] Trial 148 finished with value: 0.8374097244683283 and parameters: {'num_leaves': 16, 'min_child_samples': 113, 'learning_rate': 0.033457676753129245, 'subsample': 0.6811105746000747, 'colsample_bytree': 0.8889174971563772, 'reg_lambda': 0.2615941281840396, 'reg_alpha': 3.9161432482645946}. Best is trial 144 with value: 0.8340940207764047.
/home/overxpowered/padhai_in_linux/Projects/AGNITIA-TERRA06/.venv/lib/python3.12/site-packages/lightgbm/sklearn.py:1106: LGBMDeprecationWarning: The argument 'eval_set' is deprecated, use 'eval_X' and 'eval_y' instead.
  eval_set = _validate_eval_set_Xy(eval_set=eval_set, eval_X=eval_X, eval_y=eval_y)
/home/overxpowered/padhai_in_linux/Projects/AGNITIA-TERRA06/.venv/lib/python3.12/site-packages/lightgbm/sklearn.py:1106: LGBMDeprecationWarning: The argument 'eval_set' is deprecated, use 'eval_X' and 'eval_y' instead.
  eval_set = _validate_eval_set_Xy(eval_set=eval_set, eval_X=eval_X, eval_y=eval_y)
/home/overxpowered/padhai_in_linux/Projects/AGNITIA-TERRA06/.venv/lib/python3.12/site-packages/lightgbm/sklearn.py:1106: LGBMDeprecationWarning: The argument 'eval_set' is deprecated, use 'eval_X' and 'eval_y' instead.
  eval_set = _validate_eval_set_Xy(eval_set=eval_set, eval_X=eval_X, eval_y=eval_y)
/home/overxpowered/padhai_in_linux/Projects/AGNITIA-TERRA06/.venv/lib/python3.12/site-packages/lightgbm/sklearn.py:1106: LGBMDeprecationWarning: The argument 'eval_set' is deprecated, use 'eval_X' and 'eval_y' instead.
  eval_set = _validate_eval_set_Xy(eval_set=eval_set, eval_X=eval_X, eval_y=eval_y)
/home/overxpowered/padhai_in_linux/Projects/AGNITIA-TERRA06/.venv/lib/python3.12/site-packages/lightgbm/sklearn.py:1106: LGBMDeprecationWarning: The argument 'eval_set' is deprecated, use 'eval_X' and 'eval_y' instead.
  eval_set = _validate_eval_set_Xy(eval_set=eval_set, eval_X=eval_X, eval_y=eval_y)
2026-10-09 07:45:17,417 INFO __main__: [wind Trial 149] pinball=0.83904 params={'num_leaves': 16, 'min_child_samples': 128, 'learning_rate': 0.022, 'subsample': 0.6974, 'colsample_bytree': 0.9698, 'reg_lambda': 0.6911, 'reg_alpha': 4.0035}
[I 2026-10-09 07:45:17,417] Trial 149 finished with value: 0.8390438258681332 and parameters: {'num_leaves': 16, 'min_child_samples': 128, 'learning_rate': 0.02199995619120232, 'subsample': 0.697436028345586, 'colsample_bytree': 0.9697838086437699, 'reg_lambda': 0.6910869787575619, 'reg_alpha': 4.003475533588032}. Best is trial 144 with value: 0.8340940207764047.
2026-10-09 07:45:17,438 INFO __main__: wind tuning finished in 40.1 min (150 trials). Default pinball=0.89478, Best pinball=0.83409, Rel improvement=6.78%. Adopted: True

==================== Tuning WIND ====================

Wrote results to /tmp/claude-1001/-home-overxpowered-padhai-in-linux-Projects-AGNITIA-TERRA06/eafe7062-ee3c-4a2b-b2bb-a8b61cc49d5a/scratchpad/gbm_wind.yaml
