2026-10-09 06:24:56,457 INFO __main__: Tuning solar: fit_rows=87664, holdout_rows=21808, feats=34, timeout=2400s, seed=42
[I 2026-10-09 06:24:56,457] A new study created in memory with name: no-name-ed281491-1dfa-4d40-be63-86f837f33091
/home/overxpowered/padhai_in_linux/Projects/AGNITIA-TERRA06/.venv/lib/python3.12/site-packages/lightgbm/sklearn.py:1106: LGBMDeprecationWarning: The argument 'eval_set' is deprecated, use 'eval_X' and 'eval_y' instead.
  eval_set = _validate_eval_set_Xy(eval_set=eval_set, eval_X=eval_X, eval_y=eval_y)
/home/overxpowered/padhai_in_linux/Projects/AGNITIA-TERRA06/.venv/lib/python3.12/site-packages/lightgbm/sklearn.py:1106: LGBMDeprecationWarning: The argument 'eval_set' is deprecated, use 'eval_X' and 'eval_y' instead.
  eval_set = _validate_eval_set_Xy(eval_set=eval_set, eval_X=eval_X, eval_y=eval_y)
/home/overxpowered/padhai_in_linux/Projects/AGNITIA-TERRA06/.venv/lib/python3.12/site-packages/lightgbm/sklearn.py:1106: LGBMDeprecationWarning: The argument 'eval_set' is deprecated, use 'eval_X' and 'eval_y' instead.
  eval_set = _validate_eval_set_Xy(eval_set=eval_set, eval_X=eval_X, eval_y=eval_y)
/home/overxpowered/padhai_in_linux/Projects/AGNITIA-TERRA06/.venv/lib/python3.12/site-packages/lightgbm/sklearn.py:1106: LGBMDeprecationWarning: The argument 'eval_set' is deprecated, use 'eval_X' and 'eval_y' instead.
  eval_set = _validate_eval_set_Xy(eval_set=eval_set, eval_X=eval_X, eval_y=eval_y)
/home/overxpowered/padhai_in_linux/Projects/AGNITIA-TERRA06/.venv/lib/python3.12/site-packages/lightgbm/sklearn.py:1106: LGBMDeprecationWarning: The argument 'eval_set' is deprecated, use 'eval_X' and 'eval_y' instead.
  eval_set = _validate_eval_set_Xy(eval_set=eval_set, eval_X=eval_X, eval_y=eval_y)
2026-10-09 06:25:17,672 INFO __main__: [solar Trial 0] pinball=0.46092 params={'num_leaves': 63, 'min_child_samples': 50, 'learning_rate': 0.03, 'subsample': 0.8, 'colsample_bytree': 0.8, 'reg_lambda': 1.0, 'reg_alpha': 0.0}
[I 2026-10-09 06:25:17,673] Trial 0 finished with value: 0.46091594367203015 and parameters: {'num_leaves': 63, 'min_child_samples': 50, 'learning_rate': 0.03, 'subsample': 0.8, 'colsample_bytree': 0.8, 'reg_lambda': 1.0, 'reg_alpha': 0.0}. Best is trial 0 with value: 0.46091594367203015.
/home/overxpowered/padhai_in_linux/Projects/AGNITIA-TERRA06/.venv/lib/python3.12/site-packages/lightgbm/sklearn.py:1106: LGBMDeprecationWarning: The argument 'eval_set' is deprecated, use 'eval_X' and 'eval_y' instead.
  eval_set = _validate_eval_set_Xy(eval_set=eval_set, eval_X=eval_X, eval_y=eval_y)
/home/overxpowered/padhai_in_linux/Projects/AGNITIA-TERRA06/.venv/lib/python3.12/site-packages/lightgbm/sklearn.py:1106: LGBMDeprecationWarning: The argument 'eval_set' is deprecated, use 'eval_X' and 'eval_y' instead.
  eval_set = _validate_eval_set_Xy(eval_set=eval_set, eval_X=eval_X, eval_y=eval_y)
/home/overxpowered/padhai_in_linux/Projects/AGNITIA-TERRA06/.venv/lib/python3.12/site-packages/lightgbm/sklearn.py:1106: LGBMDeprecationWarning: The argument 'eval_set' is deprecated, use 'eval_X' and 'eval_y' instead.
  eval_set = _validate_eval_set_Xy(eval_set=eval_set, eval_X=eval_X, eval_y=eval_y)
/home/overxpowered/padhai_in_linux/Projects/AGNITIA-TERRA06/.venv/lib/python3.12/site-packages/lightgbm/sklearn.py:1106: LGBMDeprecationWarning: The argument 'eval_set' is deprecated, use 'eval_X' and 'eval_y' instead.
  eval_set = _validate_eval_set_Xy(eval_set=eval_set, eval_X=eval_X, eval_y=eval_y)
/home/overxpowered/padhai_in_linux/Projects/AGNITIA-TERRA06/.venv/lib/python3.12/site-packages/lightgbm/sklearn.py:1106: LGBMDeprecationWarning: The argument 'eval_set' is deprecated, use 'eval_X' and 'eval_y' instead.
  eval_set = _validate_eval_set_Xy(eval_set=eval_set, eval_X=eval_X, eval_y=eval_y)
2026-10-09 06:25:30,451 INFO __main__: [solar Trial 1] pinball=0.45276 params={'num_leaves': 57, 'min_child_samples': 192, 'learning_rate': 0.0458, 'subsample': 0.8395, 'colsample_bytree': 0.578, 'reg_lambda': 1.5599, 'reg_alpha': 0.2904}
[I 2026-10-09 06:25:30,451] Trial 1 finished with value: 0.45276203268748183 and parameters: {'num_leaves': 57, 'min_child_samples': 192, 'learning_rate': 0.04582013868952863, 'subsample': 0.8394633936788146, 'colsample_bytree': 0.5780093202212182, 'reg_lambda': 1.5599452033620265, 'reg_alpha': 0.2904180608409973}. Best is trial 1 with value: 0.45276203268748183.
/home/overxpowered/padhai_in_linux/Projects/AGNITIA-TERRA06/.venv/lib/python3.12/site-packages/lightgbm/sklearn.py:1106: LGBMDeprecationWarning: The argument 'eval_set' is deprecated, use 'eval_X' and 'eval_y' instead.
  eval_set = _validate_eval_set_Xy(eval_set=eval_set, eval_X=eval_X, eval_y=eval_y)
/home/overxpowered/padhai_in_linux/Projects/AGNITIA-TERRA06/.venv/lib/python3.12/site-packages/lightgbm/sklearn.py:1106: LGBMDeprecationWarning: The argument 'eval_set' is deprecated, use 'eval_X' and 'eval_y' instead.
  eval_set = _validate_eval_set_Xy(eval_set=eval_set, eval_X=eval_X, eval_y=eval_y)
/home/overxpowered/padhai_in_linux/Projects/AGNITIA-TERRA06/.venv/lib/python3.12/site-packages/lightgbm/sklearn.py:1106: LGBMDeprecationWarning: The argument 'eval_set' is deprecated, use 'eval_X' and 'eval_y' instead.
  eval_set = _validate_eval_set_Xy(eval_set=eval_set, eval_X=eval_X, eval_y=eval_y)
/home/overxpowered/padhai_in_linux/Projects/AGNITIA-TERRA06/.venv/lib/python3.12/site-packages/lightgbm/sklearn.py:1106: LGBMDeprecationWarning: The argument 'eval_set' is deprecated, use 'eval_X' and 'eval_y' instead.
  eval_set = _validate_eval_set_Xy(eval_set=eval_set, eval_X=eval_X, eval_y=eval_y)
/home/overxpowered/padhai_in_linux/Projects/AGNITIA-TERRA06/.venv/lib/python3.12/site-packages/lightgbm/sklearn.py:1106: LGBMDeprecationWarning: The argument 'eval_set' is deprecated, use 'eval_X' and 'eval_y' instead.
  eval_set = _validate_eval_set_Xy(eval_set=eval_set, eval_X=eval_X, eval_y=eval_y)
2026-10-09 06:25:47,427 INFO __main__: [solar Trial 2] pinball=0.45737 params={'num_leaves': 112, 'min_child_samples': 128, 'learning_rate': 0.0436, 'subsample': 0.6082, 'colsample_bytree': 0.985, 'reg_lambda': 8.3244, 'reg_alpha': 1.0617}
[I 2026-10-09 06:25:47,427] Trial 2 finished with value: 0.45736940705979007 and parameters: {'num_leaves': 112, 'min_child_samples': 128, 'learning_rate': 0.04359666365651395, 'subsample': 0.608233797718321, 'colsample_bytree': 0.9849549260809971, 'reg_lambda': 8.324426408004218, 'reg_alpha': 1.0616955533913808}. Best is trial 1 with value: 0.45276203268748183.
/home/overxpowered/padhai_in_linux/Projects/AGNITIA-TERRA06/.venv/lib/python3.12/site-packages/lightgbm/sklearn.py:1106: LGBMDeprecationWarning: The argument 'eval_set' is deprecated, use 'eval_X' and 'eval_y' instead.
  eval_set = _validate_eval_set_Xy(eval_set=eval_set, eval_X=eval_X, eval_y=eval_y)
/home/overxpowered/padhai_in_linux/Projects/AGNITIA-TERRA06/.venv/lib/python3.12/site-packages/lightgbm/sklearn.py:1106: LGBMDeprecationWarning: The argument 'eval_set' is deprecated, use 'eval_X' and 'eval_y' instead.
  eval_set = _validate_eval_set_Xy(eval_set=eval_set, eval_X=eval_X, eval_y=eval_y)
/home/overxpowered/padhai_in_linux/Projects/AGNITIA-TERRA06/.venv/lib/python3.12/site-packages/lightgbm/sklearn.py:1106: LGBMDeprecationWarning: The argument 'eval_set' is deprecated, use 'eval_X' and 'eval_y' instead.
  eval_set = _validate_eval_set_Xy(eval_set=eval_set, eval_X=eval_X, eval_y=eval_y)
/home/overxpowered/padhai_in_linux/Projects/AGNITIA-TERRA06/.venv/lib/python3.12/site-packages/lightgbm/sklearn.py:1106: LGBMDeprecationWarning: The argument 'eval_set' is deprecated, use 'eval_X' and 'eval_y' instead.
  eval_set = _validate_eval_set_Xy(eval_set=eval_set, eval_X=eval_X, eval_y=eval_y)
/home/overxpowered/padhai_in_linux/Projects/AGNITIA-TERRA06/.venv/lib/python3.12/site-packages/lightgbm/sklearn.py:1106: LGBMDeprecationWarning: The argument 'eval_set' is deprecated, use 'eval_X' and 'eval_y' instead.
  eval_set = _validate_eval_set_Xy(eval_set=eval_set, eval_X=eval_X, eval_y=eval_y)
2026-10-09 06:26:13,082 INFO __main__: [solar Trial 3] pinball=0.45155 params={'num_leaves': 35, 'min_child_samples': 53, 'learning_rate': 0.0188, 'subsample': 0.8099, 'colsample_bytree': 0.716, 'reg_lambda': 2.9123, 'reg_alpha': 3.0593}
[I 2026-10-09 06:26:13,082] Trial 3 finished with value: 0.4515455226660429 and parameters: {'num_leaves': 35, 'min_child_samples': 53, 'learning_rate': 0.018826002986047252, 'subsample': 0.8099025726528951, 'colsample_bytree': 0.7159725093210578, 'reg_lambda': 2.9122914019804194, 'reg_alpha': 3.0592644736118975}. Best is trial 3 with value: 0.4515455226660429.
/home/overxpowered/padhai_in_linux/Projects/AGNITIA-TERRA06/.venv/lib/python3.12/site-packages/lightgbm/sklearn.py:1106: LGBMDeprecationWarning: The argument 'eval_set' is deprecated, use 'eval_X' and 'eval_y' instead.
  eval_set = _validate_eval_set_Xy(eval_set=eval_set, eval_X=eval_X, eval_y=eval_y)
/home/overxpowered/padhai_in_linux/Projects/AGNITIA-TERRA06/.venv/lib/python3.12/site-packages/lightgbm/sklearn.py:1106: LGBMDeprecationWarning: The argument 'eval_set' is deprecated, use 'eval_X' and 'eval_y' instead.
  eval_set = _validate_eval_set_Xy(eval_set=eval_set, eval_X=eval_X, eval_y=eval_y)
/home/overxpowered/padhai_in_linux/Projects/AGNITIA-TERRA06/.venv/lib/python3.12/site-packages/lightgbm/sklearn.py:1106: LGBMDeprecationWarning: The argument 'eval_set' is deprecated, use 'eval_X' and 'eval_y' instead.
  eval_set = _validate_eval_set_Xy(eval_set=eval_set, eval_X=eval_X, eval_y=eval_y)
/home/overxpowered/padhai_in_linux/Projects/AGNITIA-TERRA06/.venv/lib/python3.12/site-packages/lightgbm/sklearn.py:1106: LGBMDeprecationWarning: The argument 'eval_set' is deprecated, use 'eval_X' and 'eval_y' instead.
  eval_set = _validate_eval_set_Xy(eval_set=eval_set, eval_X=eval_X, eval_y=eval_y)
/home/overxpowered/padhai_in_linux/Projects/AGNITIA-TERRA06/.venv/lib/python3.12/site-packages/lightgbm/sklearn.py:1106: LGBMDeprecationWarning: The argument 'eval_set' is deprecated, use 'eval_X' and 'eval_y' instead.
  eval_set = _validate_eval_set_Xy(eval_set=eval_set, eval_X=eval_X, eval_y=eval_y)
2026-10-09 06:26:36,197 INFO __main__: [solar Trial 4] pinball=0.44832 params={'num_leaves': 30, 'min_child_samples': 72, 'learning_rate': 0.0214, 'subsample': 0.7824, 'colsample_bytree': 0.8926, 'reg_lambda': 1.9967, 'reg_alpha': 2.5712}
[I 2026-10-09 06:26:36,198] Trial 4 finished with value: 0.4483224200643344 and parameters: {'num_leaves': 30, 'min_child_samples': 72, 'learning_rate': 0.021421886418348784, 'subsample': 0.7824279936868144, 'colsample_bytree': 0.8925879806965068, 'reg_lambda': 1.9967378215835974, 'reg_alpha': 2.571172192068058}. Best is trial 4 with value: 0.4483224200643344.
/home/overxpowered/padhai_in_linux/Projects/AGNITIA-TERRA06/.venv/lib/python3.12/site-packages/lightgbm/sklearn.py:1106: LGBMDeprecationWarning: The argument 'eval_set' is deprecated, use 'eval_X' and 'eval_y' instead.
  eval_set = _validate_eval_set_Xy(eval_set=eval_set, eval_X=eval_X, eval_y=eval_y)
/home/overxpowered/padhai_in_linux/Projects/AGNITIA-TERRA06/.venv/lib/python3.12/site-packages/lightgbm/sklearn.py:1106: LGBMDeprecationWarning: The argument 'eval_set' is deprecated, use 'eval_X' and 'eval_y' instead.
  eval_set = _validate_eval_set_Xy(eval_set=eval_set, eval_X=eval_X, eval_y=eval_y)
/home/overxpowered/padhai_in_linux/Projects/AGNITIA-TERRA06/.venv/lib/python3.12/site-packages/lightgbm/sklearn.py:1106: LGBMDeprecationWarning: The argument 'eval_set' is deprecated, use 'eval_X' and 'eval_y' instead.
  eval_set = _validate_eval_set_Xy(eval_set=eval_set, eval_X=eval_X, eval_y=eval_y)
/home/overxpowered/padhai_in_linux/Projects/AGNITIA-TERRA06/.venv/lib/python3.12/site-packages/lightgbm/sklearn.py:1106: LGBMDeprecationWarning: The argument 'eval_set' is deprecated, use 'eval_X' and 'eval_y' instead.
  eval_set = _validate_eval_set_Xy(eval_set=eval_set, eval_X=eval_X, eval_y=eval_y)
/home/overxpowered/padhai_in_linux/Projects/AGNITIA-TERRA06/.venv/lib/python3.12/site-packages/lightgbm/sklearn.py:1106: LGBMDeprecationWarning: The argument 'eval_set' is deprecated, use 'eval_X' and 'eval_y' instead.
  eval_set = _validate_eval_set_Xy(eval_set=eval_set, eval_X=eval_X, eval_y=eval_y)
2026-10-09 06:26:57,941 INFO __main__: [solar Trial 5] pinball=0.45990 params={'num_leaves': 81, 'min_child_samples': 28, 'learning_rate': 0.0354, 'subsample': 0.6682, 'colsample_bytree': 0.5325, 'reg_lambda': 9.4889, 'reg_alpha': 4.8282}
[I 2026-10-09 06:26:57,941] Trial 5 finished with value: 0.45989502650962377 and parameters: {'num_leaves': 81, 'min_child_samples': 28, 'learning_rate': 0.035372656148130316, 'subsample': 0.6682096494749166, 'colsample_bytree': 0.5325257964926398, 'reg_lambda': 9.488855372533333, 'reg_alpha': 4.828160165372797}. Best is trial 4 with value: 0.4483224200643344.
/home/overxpowered/padhai_in_linux/Projects/AGNITIA-TERRA06/.venv/lib/python3.12/site-packages/lightgbm/sklearn.py:1106: LGBMDeprecationWarning: The argument 'eval_set' is deprecated, use 'eval_X' and 'eval_y' instead.
  eval_set = _validate_eval_set_Xy(eval_set=eval_set, eval_X=eval_X, eval_y=eval_y)
/home/overxpowered/padhai_in_linux/Projects/AGNITIA-TERRA06/.venv/lib/python3.12/site-packages/lightgbm/sklearn.py:1106: LGBMDeprecationWarning: The argument 'eval_set' is deprecated, use 'eval_X' and 'eval_y' instead.
  eval_set = _validate_eval_set_Xy(eval_set=eval_set, eval_X=eval_X, eval_y=eval_y)
/home/overxpowered/padhai_in_linux/Projects/AGNITIA-TERRA06/.venv/lib/python3.12/site-packages/lightgbm/sklearn.py:1106: LGBMDeprecationWarning: The argument 'eval_set' is deprecated, use 'eval_X' and 'eval_y' instead.
  eval_set = _validate_eval_set_Xy(eval_set=eval_set, eval_X=eval_X, eval_y=eval_y)
/home/overxpowered/padhai_in_linux/Projects/AGNITIA-TERRA06/.venv/lib/python3.12/site-packages/lightgbm/sklearn.py:1106: LGBMDeprecationWarning: The argument 'eval_set' is deprecated, use 'eval_X' and 'eval_y' instead.
  eval_set = _validate_eval_set_Xy(eval_set=eval_set, eval_X=eval_X, eval_y=eval_y)
/home/overxpowered/padhai_in_linux/Projects/AGNITIA-TERRA06/.venv/lib/python3.12/site-packages/lightgbm/sklearn.py:1106: LGBMDeprecationWarning: The argument 'eval_set' is deprecated, use 'eval_X' and 'eval_y' instead.
  eval_set = _validate_eval_set_Xy(eval_set=eval_set, eval_X=eval_X, eval_y=eval_y)
2026-10-09 06:27:44,268 INFO __main__: [solar Trial 6] pinball=0.46513 params={'num_leaves': 106, 'min_child_samples': 75, 'learning_rate': 0.0123, 'subsample': 0.8737, 'colsample_bytree': 0.7201, 'reg_lambda': 1.2204, 'reg_alpha': 2.4759}
[I 2026-10-09 06:27:44,268] Trial 6 finished with value: 0.46513176597292594 and parameters: {'num_leaves': 106, 'min_child_samples': 75, 'learning_rate': 0.01225199210177624, 'subsample': 0.8736932106048627, 'colsample_bytree': 0.7200762468698007, 'reg_lambda': 1.2203823484477883, 'reg_alpha': 2.475884550556351}. Best is trial 4 with value: 0.4483224200643344.
/home/overxpowered/padhai_in_linux/Projects/AGNITIA-TERRA06/.venv/lib/python3.12/site-packages/lightgbm/sklearn.py:1106: LGBMDeprecationWarning: The argument 'eval_set' is deprecated, use 'eval_X' and 'eval_y' instead.
  eval_set = _validate_eval_set_Xy(eval_set=eval_set, eval_X=eval_X, eval_y=eval_y)
/home/overxpowered/padhai_in_linux/Projects/AGNITIA-TERRA06/.venv/lib/python3.12/site-packages/lightgbm/sklearn.py:1106: LGBMDeprecationWarning: The argument 'eval_set' is deprecated, use 'eval_X' and 'eval_y' instead.
  eval_set = _validate_eval_set_Xy(eval_set=eval_set, eval_X=eval_X, eval_y=eval_y)
/home/overxpowered/padhai_in_linux/Projects/AGNITIA-TERRA06/.venv/lib/python3.12/site-packages/lightgbm/sklearn.py:1106: LGBMDeprecationWarning: The argument 'eval_set' is deprecated, use 'eval_X' and 'eval_y' instead.
  eval_set = _validate_eval_set_Xy(eval_set=eval_set, eval_X=eval_X, eval_y=eval_y)
/home/overxpowered/padhai_in_linux/Projects/AGNITIA-TERRA06/.venv/lib/python3.12/site-packages/lightgbm/sklearn.py:1106: LGBMDeprecationWarning: The argument 'eval_set' is deprecated, use 'eval_X' and 'eval_y' instead.
  eval_set = _validate_eval_set_Xy(eval_set=eval_set, eval_X=eval_X, eval_y=eval_y)
/home/overxpowered/padhai_in_linux/Projects/AGNITIA-TERRA06/.venv/lib/python3.12/site-packages/lightgbm/sklearn.py:1106: LGBMDeprecationWarning: The argument 'eval_set' is deprecated, use 'eval_X' and 'eval_y' instead.
  eval_set = _validate_eval_set_Xy(eval_set=eval_set, eval_X=eval_X, eval_y=eval_y)
2026-10-09 06:28:10,114 INFO __main__: [solar Trial 7] pinball=0.44671 params={'num_leaves': 18, 'min_child_samples': 184, 'learning_rate': 0.0171, 'subsample': 0.865, 'colsample_bytree': 0.6559, 'reg_lambda': 5.2007, 'reg_alpha': 2.7336}
[I 2026-10-09 06:28:10,114] Trial 7 finished with value: 0.44670837651456335 and parameters: {'num_leaves': 18, 'min_child_samples': 184, 'learning_rate': 0.01712780106972715, 'subsample': 0.8650089137415928, 'colsample_bytree': 0.6558555380447055, 'reg_lambda': 5.200680211778108, 'reg_alpha': 2.7335513967163982}. Best is trial 7 with value: 0.44670837651456335.
/home/overxpowered/padhai_in_linux/Projects/AGNITIA-TERRA06/.venv/lib/python3.12/site-packages/lightgbm/sklearn.py:1106: LGBMDeprecationWarning: The argument 'eval_set' is deprecated, use 'eval_X' and 'eval_y' instead.
  eval_set = _validate_eval_set_Xy(eval_set=eval_set, eval_X=eval_X, eval_y=eval_y)
/home/overxpowered/padhai_in_linux/Projects/AGNITIA-TERRA06/.venv/lib/python3.12/site-packages/lightgbm/sklearn.py:1106: LGBMDeprecationWarning: The argument 'eval_set' is deprecated, use 'eval_X' and 'eval_y' instead.
  eval_set = _validate_eval_set_Xy(eval_set=eval_set, eval_X=eval_X, eval_y=eval_y)
/home/overxpowered/padhai_in_linux/Projects/AGNITIA-TERRA06/.venv/lib/python3.12/site-packages/lightgbm/sklearn.py:1106: LGBMDeprecationWarning: The argument 'eval_set' is deprecated, use 'eval_X' and 'eval_y' instead.
  eval_set = _validate_eval_set_Xy(eval_set=eval_set, eval_X=eval_X, eval_y=eval_y)
/home/overxpowered/padhai_in_linux/Projects/AGNITIA-TERRA06/.venv/lib/python3.12/site-packages/lightgbm/sklearn.py:1106: LGBMDeprecationWarning: The argument 'eval_set' is deprecated, use 'eval_X' and 'eval_y' instead.
  eval_set = _validate_eval_set_Xy(eval_set=eval_set, eval_X=eval_X, eval_y=eval_y)
/home/overxpowered/padhai_in_linux/Projects/AGNITIA-TERRA06/.venv/lib/python3.12/site-packages/lightgbm/sklearn.py:1106: LGBMDeprecationWarning: The argument 'eval_set' is deprecated, use 'eval_X' and 'eval_y' instead.
  eval_set = _validate_eval_set_Xy(eval_set=eval_set, eval_X=eval_X, eval_y=eval_y)
2026-10-09 06:28:21,736 INFO __main__: [solar Trial 8] pinball=0.44757 params={'num_leaves': 35, 'min_child_samples': 195, 'learning_rate': 0.0501, 'subsample': 0.9758, 'colsample_bytree': 0.9474, 'reg_lambda': 5.979, 'reg_alpha': 4.6094}
[I 2026-10-09 06:28:21,736] Trial 8 finished with value: 0.4475706105078278 and parameters: {'num_leaves': 35, 'min_child_samples': 195, 'learning_rate': 0.05012041881363469, 'subsample': 0.9757995766256756, 'colsample_bytree': 0.9474136752138245, 'reg_lambda': 5.978999788110851, 'reg_alpha': 4.609371175115584}. Best is trial 7 with value: 0.44670837651456335.
/home/overxpowered/padhai_in_linux/Projects/AGNITIA-TERRA06/.venv/lib/python3.12/site-packages/lightgbm/sklearn.py:1106: LGBMDeprecationWarning: The argument 'eval_set' is deprecated, use 'eval_X' and 'eval_y' instead.
  eval_set = _validate_eval_set_Xy(eval_set=eval_set, eval_X=eval_X, eval_y=eval_y)
/home/overxpowered/padhai_in_linux/Projects/AGNITIA-TERRA06/.venv/lib/python3.12/site-packages/lightgbm/sklearn.py:1106: LGBMDeprecationWarning: The argument 'eval_set' is deprecated, use 'eval_X' and 'eval_y' instead.
  eval_set = _validate_eval_set_Xy(eval_set=eval_set, eval_X=eval_X, eval_y=eval_y)
/home/overxpowered/padhai_in_linux/Projects/AGNITIA-TERRA06/.venv/lib/python3.12/site-packages/lightgbm/sklearn.py:1106: LGBMDeprecationWarning: The argument 'eval_set' is deprecated, use 'eval_X' and 'eval_y' instead.
  eval_set = _validate_eval_set_Xy(eval_set=eval_set, eval_X=eval_X, eval_y=eval_y)
/home/overxpowered/padhai_in_linux/Projects/AGNITIA-TERRA06/.venv/lib/python3.12/site-packages/lightgbm/sklearn.py:1106: LGBMDeprecationWarning: The argument 'eval_set' is deprecated, use 'eval_X' and 'eval_y' instead.
  eval_set = _validate_eval_set_Xy(eval_set=eval_set, eval_X=eval_X, eval_y=eval_y)
/home/overxpowered/padhai_in_linux/Projects/AGNITIA-TERRA06/.venv/lib/python3.12/site-packages/lightgbm/sklearn.py:1106: LGBMDeprecationWarning: The argument 'eval_set' is deprecated, use 'eval_X' and 'eval_y' instead.
  eval_set = _validate_eval_set_Xy(eval_set=eval_set, eval_X=eval_X, eval_y=eval_y)
2026-10-09 06:28:55,561 INFO __main__: [solar Trial 9] pinball=0.44746 params={'num_leaves': 24, 'min_child_samples': 55, 'learning_rate': 0.011, 'subsample': 0.7301, 'colsample_bytree': 0.6943, 'reg_lambda': 2.7135, 'reg_alpha': 4.1437}
[I 2026-10-09 06:28:55,561] Trial 9 finished with value: 0.4474566955992042 and parameters: {'num_leaves': 24, 'min_child_samples': 55, 'learning_rate': 0.010986119324556896, 'subsample': 0.7301321323053057, 'colsample_bytree': 0.6943386448447411, 'reg_lambda': 2.713490317738959, 'reg_alpha': 4.143687545759647}. Best is trial 7 with value: 0.44670837651456335.
/home/overxpowered/padhai_in_linux/Projects/AGNITIA-TERRA06/.venv/lib/python3.12/site-packages/lightgbm/sklearn.py:1106: LGBMDeprecationWarning: The argument 'eval_set' is deprecated, use 'eval_X' and 'eval_y' instead.
  eval_set = _validate_eval_set_Xy(eval_set=eval_set, eval_X=eval_X, eval_y=eval_y)
/home/overxpowered/padhai_in_linux/Projects/AGNITIA-TERRA06/.venv/lib/python3.12/site-packages/lightgbm/sklearn.py:1106: LGBMDeprecationWarning: The argument 'eval_set' is deprecated, use 'eval_X' and 'eval_y' instead.
  eval_set = _validate_eval_set_Xy(eval_set=eval_set, eval_X=eval_X, eval_y=eval_y)
/home/overxpowered/padhai_in_linux/Projects/AGNITIA-TERRA06/.venv/lib/python3.12/site-packages/lightgbm/sklearn.py:1106: LGBMDeprecationWarning: The argument 'eval_set' is deprecated, use 'eval_X' and 'eval_y' instead.
  eval_set = _validate_eval_set_Xy(eval_set=eval_set, eval_X=eval_X, eval_y=eval_y)
/home/overxpowered/padhai_in_linux/Projects/AGNITIA-TERRA06/.venv/lib/python3.12/site-packages/lightgbm/sklearn.py:1106: LGBMDeprecationWarning: The argument 'eval_set' is deprecated, use 'eval_X' and 'eval_y' instead.
  eval_set = _validate_eval_set_Xy(eval_set=eval_set, eval_X=eval_X, eval_y=eval_y)
/home/overxpowered/padhai_in_linux/Projects/AGNITIA-TERRA06/.venv/lib/python3.12/site-packages/lightgbm/sklearn.py:1106: LGBMDeprecationWarning: The argument 'eval_set' is deprecated, use 'eval_X' and 'eval_y' instead.
  eval_set = _validate_eval_set_Xy(eval_set=eval_set, eval_X=eval_X, eval_y=eval_y)
2026-10-09 06:29:15,493 INFO __main__: [solar Trial 10] pinball=0.44998 params={'num_leaves': 30, 'min_child_samples': 143, 'learning_rate': 0.0195, 'subsample': 0.9523, 'colsample_bytree': 0.7012, 'reg_lambda': 7.0883, 'reg_alpha': 1.7887}
[I 2026-10-09 06:29:15,493] Trial 10 finished with value: 0.4499755991976442 and parameters: {'num_leaves': 30, 'min_child_samples': 143, 'learning_rate': 0.019533067199228912, 'subsample': 0.9522510423962619, 'colsample_bytree': 0.7012310251235289, 'reg_lambda': 7.088254618687152, 'reg_alpha': 1.7886992134548438}. Best is trial 7 with value: 0.44670837651456335.
/home/overxpowered/padhai_in_linux/Projects/AGNITIA-TERRA06/.venv/lib/python3.12/site-packages/lightgbm/sklearn.py:1106: LGBMDeprecationWarning: The argument 'eval_set' is deprecated, use 'eval_X' and 'eval_y' instead.
  eval_set = _validate_eval_set_Xy(eval_set=eval_set, eval_X=eval_X, eval_y=eval_y)
/home/overxpowered/padhai_in_linux/Projects/AGNITIA-TERRA06/.venv/lib/python3.12/site-packages/lightgbm/sklearn.py:1106: LGBMDeprecationWarning: The argument 'eval_set' is deprecated, use 'eval_X' and 'eval_y' instead.
  eval_set = _validate_eval_set_Xy(eval_set=eval_set, eval_X=eval_X, eval_y=eval_y)
/home/overxpowered/padhai_in_linux/Projects/AGNITIA-TERRA06/.venv/lib/python3.12/site-packages/lightgbm/sklearn.py:1106: LGBMDeprecationWarning: The argument 'eval_set' is deprecated, use 'eval_X' and 'eval_y' instead.
  eval_set = _validate_eval_set_Xy(eval_set=eval_set, eval_X=eval_X, eval_y=eval_y)
/home/overxpowered/padhai_in_linux/Projects/AGNITIA-TERRA06/.venv/lib/python3.12/site-packages/lightgbm/sklearn.py:1106: LGBMDeprecationWarning: The argument 'eval_set' is deprecated, use 'eval_X' and 'eval_y' instead.
  eval_set = _validate_eval_set_Xy(eval_set=eval_set, eval_X=eval_X, eval_y=eval_y)
/home/overxpowered/padhai_in_linux/Projects/AGNITIA-TERRA06/.venv/lib/python3.12/site-packages/lightgbm/sklearn.py:1106: LGBMDeprecationWarning: The argument 'eval_set' is deprecated, use 'eval_X' and 'eval_y' instead.
  eval_set = _validate_eval_set_Xy(eval_set=eval_set, eval_X=eval_X, eval_y=eval_y)
2026-10-09 06:29:41,699 INFO __main__: [solar Trial 11] pinball=0.44423 params={'num_leaves': 16, 'min_child_samples': 133, 'learning_rate': 0.0132, 'subsample': 0.7675, 'colsample_bytree': 0.825, 'reg_lambda': 0.8078, 'reg_alpha': 4.1694}
[I 2026-10-09 06:29:41,699] Trial 11 finished with value: 0.44423030977298755 and parameters: {'num_leaves': 16, 'min_child_samples': 133, 'learning_rate': 0.013233674028336936, 'subsample': 0.7675439162504929, 'colsample_bytree': 0.8250377813133456, 'reg_lambda': 0.8077909985859546, 'reg_alpha': 4.169426330241676}. Best is trial 11 with value: 0.44423030977298755.
/home/overxpowered/padhai_in_linux/Projects/AGNITIA-TERRA06/.venv/lib/python3.12/site-packages/lightgbm/sklearn.py:1106: LGBMDeprecationWarning: The argument 'eval_set' is deprecated, use 'eval_X' and 'eval_y' instead.
  eval_set = _validate_eval_set_Xy(eval_set=eval_set, eval_X=eval_X, eval_y=eval_y)
/home/overxpowered/padhai_in_linux/Projects/AGNITIA-TERRA06/.venv/lib/python3.12/site-packages/lightgbm/sklearn.py:1106: LGBMDeprecationWarning: The argument 'eval_set' is deprecated, use 'eval_X' and 'eval_y' instead.
  eval_set = _validate_eval_set_Xy(eval_set=eval_set, eval_X=eval_X, eval_y=eval_y)
/home/overxpowered/padhai_in_linux/Projects/AGNITIA-TERRA06/.venv/lib/python3.12/site-packages/lightgbm/sklearn.py:1106: LGBMDeprecationWarning: The argument 'eval_set' is deprecated, use 'eval_X' and 'eval_y' instead.
  eval_set = _validate_eval_set_Xy(eval_set=eval_set, eval_X=eval_X, eval_y=eval_y)
/home/overxpowered/padhai_in_linux/Projects/AGNITIA-TERRA06/.venv/lib/python3.12/site-packages/lightgbm/sklearn.py:1106: LGBMDeprecationWarning: The argument 'eval_set' is deprecated, use 'eval_X' and 'eval_y' instead.
  eval_set = _validate_eval_set_Xy(eval_set=eval_set, eval_X=eval_X, eval_y=eval_y)
/home/overxpowered/padhai_in_linux/Projects/AGNITIA-TERRA06/.venv/lib/python3.12/site-packages/lightgbm/sklearn.py:1106: LGBMDeprecationWarning: The argument 'eval_set' is deprecated, use 'eval_X' and 'eval_y' instead.
  eval_set = _validate_eval_set_Xy(eval_set=eval_set, eval_X=eval_X, eval_y=eval_y)
2026-10-09 06:30:20,821 INFO __main__: [solar Trial 12] pinball=0.44632 params={'num_leaves': 26, 'min_child_samples': 193, 'learning_rate': 0.0112, 'subsample': 0.8756, 'colsample_bytree': 0.646, 'reg_lambda': 3.3111, 'reg_alpha': 3.4129}
[I 2026-10-09 06:30:20,821] Trial 12 finished with value: 0.44631964814897085 and parameters: {'num_leaves': 26, 'min_child_samples': 193, 'learning_rate': 0.011187801386830164, 'subsample': 0.8756465789611638, 'colsample_bytree': 0.6459537900214406, 'reg_lambda': 3.311120161473569, 'reg_alpha': 3.412874402986911}. Best is trial 11 with value: 0.44423030977298755.
/home/overxpowered/padhai_in_linux/Projects/AGNITIA-TERRA06/.venv/lib/python3.12/site-packages/lightgbm/sklearn.py:1106: LGBMDeprecationWarning: The argument 'eval_set' is deprecated, use 'eval_X' and 'eval_y' instead.
  eval_set = _validate_eval_set_Xy(eval_set=eval_set, eval_X=eval_X, eval_y=eval_y)
/home/overxpowered/padhai_in_linux/Projects/AGNITIA-TERRA06/.venv/lib/python3.12/site-packages/lightgbm/sklearn.py:1106: LGBMDeprecationWarning: The argument 'eval_set' is deprecated, use 'eval_X' and 'eval_y' instead.
  eval_set = _validate_eval_set_Xy(eval_set=eval_set, eval_X=eval_X, eval_y=eval_y)
/home/overxpowered/padhai_in_linux/Projects/AGNITIA-TERRA06/.venv/lib/python3.12/site-packages/lightgbm/sklearn.py:1106: LGBMDeprecationWarning: The argument 'eval_set' is deprecated, use 'eval_X' and 'eval_y' instead.
  eval_set = _validate_eval_set_Xy(eval_set=eval_set, eval_X=eval_X, eval_y=eval_y)
/home/overxpowered/padhai_in_linux/Projects/AGNITIA-TERRA06/.venv/lib/python3.12/site-packages/lightgbm/sklearn.py:1106: LGBMDeprecationWarning: The argument 'eval_set' is deprecated, use 'eval_X' and 'eval_y' instead.
  eval_set = _validate_eval_set_Xy(eval_set=eval_set, eval_X=eval_X, eval_y=eval_y)
/home/overxpowered/padhai_in_linux/Projects/AGNITIA-TERRA06/.venv/lib/python3.12/site-packages/lightgbm/sklearn.py:1106: LGBMDeprecationWarning: The argument 'eval_set' is deprecated, use 'eval_X' and 'eval_y' instead.
  eval_set = _validate_eval_set_Xy(eval_set=eval_set, eval_X=eval_X, eval_y=eval_y)
2026-10-09 06:30:48,417 INFO __main__: [solar Trial 13] pinball=0.44695 params={'num_leaves': 24, 'min_child_samples': 107, 'learning_rate': 0.0166, 'subsample': 0.7316, 'colsample_bytree': 0.8647, 'reg_lambda': 0.657, 'reg_alpha': 4.9709}
[I 2026-10-09 06:30:48,417] Trial 13 finished with value: 0.44695111869532916 and parameters: {'num_leaves': 24, 'min_child_samples': 107, 'learning_rate': 0.016633633874309214, 'subsample': 0.7316474785939443, 'colsample_bytree': 0.8647439443088792, 'reg_lambda': 0.6569923269285436, 'reg_alpha': 4.97094411585488}. Best is trial 11 with value: 0.44423030977298755.
/home/overxpowered/padhai_in_linux/Projects/AGNITIA-TERRA06/.venv/lib/python3.12/site-packages/lightgbm/sklearn.py:1106: LGBMDeprecationWarning: The argument 'eval_set' is deprecated, use 'eval_X' and 'eval_y' instead.
  eval_set = _validate_eval_set_Xy(eval_set=eval_set, eval_X=eval_X, eval_y=eval_y)
/home/overxpowered/padhai_in_linux/Projects/AGNITIA-TERRA06/.venv/lib/python3.12/site-packages/lightgbm/sklearn.py:1106: LGBMDeprecationWarning: The argument 'eval_set' is deprecated, use 'eval_X' and 'eval_y' instead.
  eval_set = _validate_eval_set_Xy(eval_set=eval_set, eval_X=eval_X, eval_y=eval_y)
/home/overxpowered/padhai_in_linux/Projects/AGNITIA-TERRA06/.venv/lib/python3.12/site-packages/lightgbm/sklearn.py:1106: LGBMDeprecationWarning: The argument 'eval_set' is deprecated, use 'eval_X' and 'eval_y' instead.
  eval_set = _validate_eval_set_Xy(eval_set=eval_set, eval_X=eval_X, eval_y=eval_y)
/home/overxpowered/padhai_in_linux/Projects/AGNITIA-TERRA06/.venv/lib/python3.12/site-packages/lightgbm/sklearn.py:1106: LGBMDeprecationWarning: The argument 'eval_set' is deprecated, use 'eval_X' and 'eval_y' instead.
  eval_set = _validate_eval_set_Xy(eval_set=eval_set, eval_X=eval_X, eval_y=eval_y)
/home/overxpowered/padhai_in_linux/Projects/AGNITIA-TERRA06/.venv/lib/python3.12/site-packages/lightgbm/sklearn.py:1106: LGBMDeprecationWarning: The argument 'eval_set' is deprecated, use 'eval_X' and 'eval_y' instead.
  eval_set = _validate_eval_set_Xy(eval_set=eval_set, eval_X=eval_X, eval_y=eval_y)
2026-10-09 06:31:15,461 INFO __main__: [solar Trial 14] pinball=0.44629 params={'num_leaves': 25, 'min_child_samples': 200, 'learning_rate': 0.0146, 'subsample': 0.8694, 'colsample_bytree': 0.9595, 'reg_lambda': 0.5642, 'reg_alpha': 2.8921}
[I 2026-10-09 06:31:15,461] Trial 14 finished with value: 0.44628707966927816 and parameters: {'num_leaves': 25, 'min_child_samples': 200, 'learning_rate': 0.014612049180018929, 'subsample': 0.8694074800382879, 'colsample_bytree': 0.9595082732743192, 'reg_lambda': 0.5641600758931561, 'reg_alpha': 2.89208784836487}. Best is trial 11 with value: 0.44423030977298755.
/home/overxpowered/padhai_in_linux/Projects/AGNITIA-TERRA06/.venv/lib/python3.12/site-packages/lightgbm/sklearn.py:1106: LGBMDeprecationWarning: The argument 'eval_set' is deprecated, use 'eval_X' and 'eval_y' instead.
  eval_set = _validate_eval_set_Xy(eval_set=eval_set, eval_X=eval_X, eval_y=eval_y)
/home/overxpowered/padhai_in_linux/Projects/AGNITIA-TERRA06/.venv/lib/python3.12/site-packages/lightgbm/sklearn.py:1106: LGBMDeprecationWarning: The argument 'eval_set' is deprecated, use 'eval_X' and 'eval_y' instead.
  eval_set = _validate_eval_set_Xy(eval_set=eval_set, eval_X=eval_X, eval_y=eval_y)
/home/overxpowered/padhai_in_linux/Projects/AGNITIA-TERRA06/.venv/lib/python3.12/site-packages/lightgbm/sklearn.py:1106: LGBMDeprecationWarning: The argument 'eval_set' is deprecated, use 'eval_X' and 'eval_y' instead.
  eval_set = _validate_eval_set_Xy(eval_set=eval_set, eval_X=eval_X, eval_y=eval_y)
/home/overxpowered/padhai_in_linux/Projects/AGNITIA-TERRA06/.venv/lib/python3.12/site-packages/lightgbm/sklearn.py:1106: LGBMDeprecationWarning: The argument 'eval_set' is deprecated, use 'eval_X' and 'eval_y' instead.
  eval_set = _validate_eval_set_Xy(eval_set=eval_set, eval_X=eval_X, eval_y=eval_y)
/home/overxpowered/padhai_in_linux/Projects/AGNITIA-TERRA06/.venv/lib/python3.12/site-packages/lightgbm/sklearn.py:1106: LGBMDeprecationWarning: The argument 'eval_set' is deprecated, use 'eval_X' and 'eval_y' instead.
  eval_set = _validate_eval_set_Xy(eval_set=eval_set, eval_X=eval_X, eval_y=eval_y)
2026-10-09 06:31:42,117 INFO __main__: [solar Trial 15] pinball=0.45154 params={'num_leaves': 52, 'min_child_samples': 183, 'learning_rate': 0.0183, 'subsample': 0.856, 'colsample_bytree': 0.9131, 'reg_lambda': 2.0744, 'reg_alpha': 1.9453}
[I 2026-10-09 06:31:42,117] Trial 15 finished with value: 0.4515380132131668 and parameters: {'num_leaves': 52, 'min_child_samples': 183, 'learning_rate': 0.018320350864187897, 'subsample': 0.856024592008976, 'colsample_bytree': 0.9131319652402511, 'reg_lambda': 2.0744029820556253, 'reg_alpha': 1.9452523034932099}. Best is trial 11 with value: 0.44423030977298755.
/home/overxpowered/padhai_in_linux/Projects/AGNITIA-TERRA06/.venv/lib/python3.12/site-packages/lightgbm/sklearn.py:1106: LGBMDeprecationWarning: The argument 'eval_set' is deprecated, use 'eval_X' and 'eval_y' instead.
  eval_set = _validate_eval_set_Xy(eval_set=eval_set, eval_X=eval_X, eval_y=eval_y)
/home/overxpowered/padhai_in_linux/Projects/AGNITIA-TERRA06/.venv/lib/python3.12/site-packages/lightgbm/sklearn.py:1106: LGBMDeprecationWarning: The argument 'eval_set' is deprecated, use 'eval_X' and 'eval_y' instead.
  eval_set = _validate_eval_set_Xy(eval_set=eval_set, eval_X=eval_X, eval_y=eval_y)
/home/overxpowered/padhai_in_linux/Projects/AGNITIA-TERRA06/.venv/lib/python3.12/site-packages/lightgbm/sklearn.py:1106: LGBMDeprecationWarning: The argument 'eval_set' is deprecated, use 'eval_X' and 'eval_y' instead.
  eval_set = _validate_eval_set_Xy(eval_set=eval_set, eval_X=eval_X, eval_y=eval_y)
/home/overxpowered/padhai_in_linux/Projects/AGNITIA-TERRA06/.venv/lib/python3.12/site-packages/lightgbm/sklearn.py:1106: LGBMDeprecationWarning: The argument 'eval_set' is deprecated, use 'eval_X' and 'eval_y' instead.
  eval_set = _validate_eval_set_Xy(eval_set=eval_set, eval_X=eval_X, eval_y=eval_y)
/home/overxpowered/padhai_in_linux/Projects/AGNITIA-TERRA06/.venv/lib/python3.12/site-packages/lightgbm/sklearn.py:1106: LGBMDeprecationWarning: The argument 'eval_set' is deprecated, use 'eval_X' and 'eval_y' instead.
  eval_set = _validate_eval_set_Xy(eval_set=eval_set, eval_X=eval_X, eval_y=eval_y)
2026-10-09 06:32:05,234 INFO __main__: [solar Trial 16] pinball=0.44575 params={'num_leaves': 19, 'min_child_samples': 197, 'learning_rate': 0.0159, 'subsample': 0.9536, 'colsample_bytree': 0.9767, 'reg_lambda': 0.1296, 'reg_alpha': 3.0005}
[I 2026-10-09 06:32:05,235] Trial 16 finished with value: 0.4457465131331576 and parameters: {'num_leaves': 19, 'min_child_samples': 197, 'learning_rate': 0.01592991168951682, 'subsample': 0.9535805739982534, 'colsample_bytree': 0.9766619032968732, 'reg_lambda': 0.12963584466767797, 'reg_alpha': 3.00053268599412}. Best is trial 11 with value: 0.44423030977298755.
/home/overxpowered/padhai_in_linux/Projects/AGNITIA-TERRA06/.venv/lib/python3.12/site-packages/lightgbm/sklearn.py:1106: LGBMDeprecationWarning: The argument 'eval_set' is deprecated, use 'eval_X' and 'eval_y' instead.
  eval_set = _validate_eval_set_Xy(eval_set=eval_set, eval_X=eval_X, eval_y=eval_y)
/home/overxpowered/padhai_in_linux/Projects/AGNITIA-TERRA06/.venv/lib/python3.12/site-packages/lightgbm/sklearn.py:1106: LGBMDeprecationWarning: The argument 'eval_set' is deprecated, use 'eval_X' and 'eval_y' instead.
  eval_set = _validate_eval_set_Xy(eval_set=eval_set, eval_X=eval_X, eval_y=eval_y)
/home/overxpowered/padhai_in_linux/Projects/AGNITIA-TERRA06/.venv/lib/python3.12/site-packages/lightgbm/sklearn.py:1106: LGBMDeprecationWarning: The argument 'eval_set' is deprecated, use 'eval_X' and 'eval_y' instead.
  eval_set = _validate_eval_set_Xy(eval_set=eval_set, eval_X=eval_X, eval_y=eval_y)
/home/overxpowered/padhai_in_linux/Projects/AGNITIA-TERRA06/.venv/lib/python3.12/site-packages/lightgbm/sklearn.py:1106: LGBMDeprecationWarning: The argument 'eval_set' is deprecated, use 'eval_X' and 'eval_y' instead.
  eval_set = _validate_eval_set_Xy(eval_set=eval_set, eval_X=eval_X, eval_y=eval_y)
/home/overxpowered/padhai_in_linux/Projects/AGNITIA-TERRA06/.venv/lib/python3.12/site-packages/lightgbm/sklearn.py:1106: LGBMDeprecationWarning: The argument 'eval_set' is deprecated, use 'eval_X' and 'eval_y' instead.
  eval_set = _validate_eval_set_Xy(eval_set=eval_set, eval_X=eval_X, eval_y=eval_y)
2026-10-09 06:32:31,851 INFO __main__: [solar Trial 17] pinball=0.44865 params={'num_leaves': 39, 'min_child_samples': 189, 'learning_rate': 0.0175, 'subsample': 0.7797, 'colsample_bytree': 0.8596, 'reg_lambda': 1.6526, 'reg_alpha': 3.7381}
[I 2026-10-09 06:32:31,852] Trial 17 finished with value: 0.4486483663982589 and parameters: {'num_leaves': 39, 'min_child_samples': 189, 'learning_rate': 0.017493987063660496, 'subsample': 0.7797124305893752, 'colsample_bytree': 0.85956277638043, 'reg_lambda': 1.652626259064634, 'reg_alpha': 3.7381003238635877}. Best is trial 11 with value: 0.44423030977298755.
/home/overxpowered/padhai_in_linux/Projects/AGNITIA-TERRA06/.venv/lib/python3.12/site-packages/lightgbm/sklearn.py:1106: LGBMDeprecationWarning: The argument 'eval_set' is deprecated, use 'eval_X' and 'eval_y' instead.
  eval_set = _validate_eval_set_Xy(eval_set=eval_set, eval_X=eval_X, eval_y=eval_y)
/home/overxpowered/padhai_in_linux/Projects/AGNITIA-TERRA06/.venv/lib/python3.12/site-packages/lightgbm/sklearn.py:1106: LGBMDeprecationWarning: The argument 'eval_set' is deprecated, use 'eval_X' and 'eval_y' instead.
  eval_set = _validate_eval_set_Xy(eval_set=eval_set, eval_X=eval_X, eval_y=eval_y)
/home/overxpowered/padhai_in_linux/Projects/AGNITIA-TERRA06/.venv/lib/python3.12/site-packages/lightgbm/sklearn.py:1106: LGBMDeprecationWarning: The argument 'eval_set' is deprecated, use 'eval_X' and 'eval_y' instead.
  eval_set = _validate_eval_set_Xy(eval_set=eval_set, eval_X=eval_X, eval_y=eval_y)
/home/overxpowered/padhai_in_linux/Projects/AGNITIA-TERRA06/.venv/lib/python3.12/site-packages/lightgbm/sklearn.py:1106: LGBMDeprecationWarning: The argument 'eval_set' is deprecated, use 'eval_X' and 'eval_y' instead.
  eval_set = _validate_eval_set_Xy(eval_set=eval_set, eval_X=eval_X, eval_y=eval_y)
/home/overxpowered/padhai_in_linux/Projects/AGNITIA-TERRA06/.venv/lib/python3.12/site-packages/lightgbm/sklearn.py:1106: LGBMDeprecationWarning: The argument 'eval_set' is deprecated, use 'eval_X' and 'eval_y' instead.
  eval_set = _validate_eval_set_Xy(eval_set=eval_set, eval_X=eval_X, eval_y=eval_y)
2026-10-09 06:33:02,470 INFO __main__: [solar Trial 18] pinball=0.44599 params={'num_leaves': 26, 'min_child_samples': 129, 'learning_rate': 0.014, 'subsample': 0.6454, 'colsample_bytree': 0.8197, 'reg_lambda': 2.2473, 'reg_alpha': 3.2369}
[I 2026-10-09 06:33:02,470] Trial 18 finished with value: 0.4459851289128801 and parameters: {'num_leaves': 26, 'min_child_samples': 129, 'learning_rate': 0.0140374278174259, 'subsample': 0.6453699163883851, 'colsample_bytree': 0.8197260185158781, 'reg_lambda': 2.247306323216719, 'reg_alpha': 3.236914592480548}. Best is trial 11 with value: 0.44423030977298755.
/home/overxpowered/padhai_in_linux/Projects/AGNITIA-TERRA06/.venv/lib/python3.12/site-packages/lightgbm/sklearn.py:1106: LGBMDeprecationWarning: The argument 'eval_set' is deprecated, use 'eval_X' and 'eval_y' instead.
  eval_set = _validate_eval_set_Xy(eval_set=eval_set, eval_X=eval_X, eval_y=eval_y)
/home/overxpowered/padhai_in_linux/Projects/AGNITIA-TERRA06/.venv/lib/python3.12/site-packages/lightgbm/sklearn.py:1106: LGBMDeprecationWarning: The argument 'eval_set' is deprecated, use 'eval_X' and 'eval_y' instead.
  eval_set = _validate_eval_set_Xy(eval_set=eval_set, eval_X=eval_X, eval_y=eval_y)
/home/overxpowered/padhai_in_linux/Projects/AGNITIA-TERRA06/.venv/lib/python3.12/site-packages/lightgbm/sklearn.py:1106: LGBMDeprecationWarning: The argument 'eval_set' is deprecated, use 'eval_X' and 'eval_y' instead.
  eval_set = _validate_eval_set_Xy(eval_set=eval_set, eval_X=eval_X, eval_y=eval_y)
/home/overxpowered/padhai_in_linux/Projects/AGNITIA-TERRA06/.venv/lib/python3.12/site-packages/lightgbm/sklearn.py:1106: LGBMDeprecationWarning: The argument 'eval_set' is deprecated, use 'eval_X' and 'eval_y' instead.
  eval_set = _validate_eval_set_Xy(eval_set=eval_set, eval_X=eval_X, eval_y=eval_y)
/home/overxpowered/padhai_in_linux/Projects/AGNITIA-TERRA06/.venv/lib/python3.12/site-packages/lightgbm/sklearn.py:1106: LGBMDeprecationWarning: The argument 'eval_set' is deprecated, use 'eval_X' and 'eval_y' instead.
  eval_set = _validate_eval_set_Xy(eval_set=eval_set, eval_X=eval_X, eval_y=eval_y)
2026-10-09 06:33:41,406 INFO __main__: [solar Trial 19] pinball=0.44533 params={'num_leaves': 19, 'min_child_samples': 167, 'learning_rate': 0.0111, 'subsample': 0.8291, 'colsample_bytree': 0.9544, 'reg_lambda': 1.963, 'reg_alpha': 3.9424}
[I 2026-10-09 06:33:41,406] Trial 19 finished with value: 0.44532558788809223 and parameters: {'num_leaves': 19, 'min_child_samples': 167, 'learning_rate': 0.011093604879701926, 'subsample': 0.82914400318064, 'colsample_bytree': 0.9544474947689559, 'reg_lambda': 1.9629561045150914, 'reg_alpha': 3.942404910121516}. Best is trial 11 with value: 0.44423030977298755.
/home/overxpowered/padhai_in_linux/Projects/AGNITIA-TERRA06/.venv/lib/python3.12/site-packages/lightgbm/sklearn.py:1106: LGBMDeprecationWarning: The argument 'eval_set' is deprecated, use 'eval_X' and 'eval_y' instead.
  eval_set = _validate_eval_set_Xy(eval_set=eval_set, eval_X=eval_X, eval_y=eval_y)
/home/overxpowered/padhai_in_linux/Projects/AGNITIA-TERRA06/.venv/lib/python3.12/site-packages/lightgbm/sklearn.py:1106: LGBMDeprecationWarning: The argument 'eval_set' is deprecated, use 'eval_X' and 'eval_y' instead.
  eval_set = _validate_eval_set_Xy(eval_set=eval_set, eval_X=eval_X, eval_y=eval_y)
/home/overxpowered/padhai_in_linux/Projects/AGNITIA-TERRA06/.venv/lib/python3.12/site-packages/lightgbm/sklearn.py:1106: LGBMDeprecationWarning: The argument 'eval_set' is deprecated, use 'eval_X' and 'eval_y' instead.
  eval_set = _validate_eval_set_Xy(eval_set=eval_set, eval_X=eval_X, eval_y=eval_y)
/home/overxpowered/padhai_in_linux/Projects/AGNITIA-TERRA06/.venv/lib/python3.12/site-packages/lightgbm/sklearn.py:1106: LGBMDeprecationWarning: The argument 'eval_set' is deprecated, use 'eval_X' and 'eval_y' instead.
  eval_set = _validate_eval_set_Xy(eval_set=eval_set, eval_X=eval_X, eval_y=eval_y)
/home/overxpowered/padhai_in_linux/Projects/AGNITIA-TERRA06/.venv/lib/python3.12/site-packages/lightgbm/sklearn.py:1106: LGBMDeprecationWarning: The argument 'eval_set' is deprecated, use 'eval_X' and 'eval_y' instead.
  eval_set = _validate_eval_set_Xy(eval_set=eval_set, eval_X=eval_X, eval_y=eval_y)
2026-10-09 06:34:18,756 INFO __main__: [solar Trial 20] pinball=0.44850 params={'num_leaves': 32, 'min_child_samples': 129, 'learning_rate': 0.0122, 'subsample': 0.8435, 'colsample_bytree': 0.9154, 'reg_lambda': 1.1771, 'reg_alpha': 3.7406}
[I 2026-10-09 06:34:18,756] Trial 20 finished with value: 0.4485030149161838 and parameters: {'num_leaves': 32, 'min_child_samples': 129, 'learning_rate': 0.012175404505387647, 'subsample': 0.8434674882732136, 'colsample_bytree': 0.9154271802323226, 'reg_lambda': 1.1771034227656534, 'reg_alpha': 3.7406094259068574}. Best is trial 11 with value: 0.44423030977298755.
/home/overxpowered/padhai_in_linux/Projects/AGNITIA-TERRA06/.venv/lib/python3.12/site-packages/lightgbm/sklearn.py:1106: LGBMDeprecationWarning: The argument 'eval_set' is deprecated, use 'eval_X' and 'eval_y' instead.
  eval_set = _validate_eval_set_Xy(eval_set=eval_set, eval_X=eval_X, eval_y=eval_y)
/home/overxpowered/padhai_in_linux/Projects/AGNITIA-TERRA06/.venv/lib/python3.12/site-packages/lightgbm/sklearn.py:1106: LGBMDeprecationWarning: The argument 'eval_set' is deprecated, use 'eval_X' and 'eval_y' instead.
  eval_set = _validate_eval_set_Xy(eval_set=eval_set, eval_X=eval_X, eval_y=eval_y)
/home/overxpowered/padhai_in_linux/Projects/AGNITIA-TERRA06/.venv/lib/python3.12/site-packages/lightgbm/sklearn.py:1106: LGBMDeprecationWarning: The argument 'eval_set' is deprecated, use 'eval_X' and 'eval_y' instead.
  eval_set = _validate_eval_set_Xy(eval_set=eval_set, eval_X=eval_X, eval_y=eval_y)
/home/overxpowered/padhai_in_linux/Projects/AGNITIA-TERRA06/.venv/lib/python3.12/site-packages/lightgbm/sklearn.py:1106: LGBMDeprecationWarning: The argument 'eval_set' is deprecated, use 'eval_X' and 'eval_y' instead.
  eval_set = _validate_eval_set_Xy(eval_set=eval_set, eval_X=eval_X, eval_y=eval_y)
/home/overxpowered/padhai_in_linux/Projects/AGNITIA-TERRA06/.venv/lib/python3.12/site-packages/lightgbm/sklearn.py:1106: LGBMDeprecationWarning: The argument 'eval_set' is deprecated, use 'eval_X' and 'eval_y' instead.
  eval_set = _validate_eval_set_Xy(eval_set=eval_set, eval_X=eval_X, eval_y=eval_y)
2026-10-09 06:34:46,814 INFO __main__: [solar Trial 21] pinball=0.44547 params={'num_leaves': 18, 'min_child_samples': 172, 'learning_rate': 0.0111, 'subsample': 0.841, 'colsample_bytree': 0.8967, 'reg_lambda': 2.1486, 'reg_alpha': 4.9237}
[I 2026-10-09 06:34:46,815] Trial 21 finished with value: 0.44546899411301766 and parameters: {'num_leaves': 18, 'min_child_samples': 172, 'learning_rate': 0.011090014625241361, 'subsample': 0.8409873259286648, 'colsample_bytree': 0.8966817094536678, 'reg_lambda': 2.148635509304691, 'reg_alpha': 4.923671415231167}. Best is trial 11 with value: 0.44423030977298755.
/home/overxpowered/padhai_in_linux/Projects/AGNITIA-TERRA06/.venv/lib/python3.12/site-packages/lightgbm/sklearn.py:1106: LGBMDeprecationWarning: The argument 'eval_set' is deprecated, use 'eval_X' and 'eval_y' instead.
  eval_set = _validate_eval_set_Xy(eval_set=eval_set, eval_X=eval_X, eval_y=eval_y)
/home/overxpowered/padhai_in_linux/Projects/AGNITIA-TERRA06/.venv/lib/python3.12/site-packages/lightgbm/sklearn.py:1106: LGBMDeprecationWarning: The argument 'eval_set' is deprecated, use 'eval_X' and 'eval_y' instead.
  eval_set = _validate_eval_set_Xy(eval_set=eval_set, eval_X=eval_X, eval_y=eval_y)
/home/overxpowered/padhai_in_linux/Projects/AGNITIA-TERRA06/.venv/lib/python3.12/site-packages/lightgbm/sklearn.py:1106: LGBMDeprecationWarning: The argument 'eval_set' is deprecated, use 'eval_X' and 'eval_y' instead.
  eval_set = _validate_eval_set_Xy(eval_set=eval_set, eval_X=eval_X, eval_y=eval_y)
/home/overxpowered/padhai_in_linux/Projects/AGNITIA-TERRA06/.venv/lib/python3.12/site-packages/lightgbm/sklearn.py:1106: LGBMDeprecationWarning: The argument 'eval_set' is deprecated, use 'eval_X' and 'eval_y' instead.
  eval_set = _validate_eval_set_Xy(eval_set=eval_set, eval_X=eval_X, eval_y=eval_y)
/home/overxpowered/padhai_in_linux/Projects/AGNITIA-TERRA06/.venv/lib/python3.12/site-packages/lightgbm/sklearn.py:1106: LGBMDeprecationWarning: The argument 'eval_set' is deprecated, use 'eval_X' and 'eval_y' instead.
  eval_set = _validate_eval_set_Xy(eval_set=eval_set, eval_X=eval_X, eval_y=eval_y)
2026-10-09 06:35:25,894 INFO __main__: [solar Trial 22] pinball=0.44902 params={'num_leaves': 36, 'min_child_samples': 187, 'learning_rate': 0.0104, 'subsample': 0.8904, 'colsample_bytree': 0.9454, 'reg_lambda': 1.7307, 'reg_alpha': 4.647}
[I 2026-10-09 06:35:25,894] Trial 22 finished with value: 0.44901520358361025 and parameters: {'num_leaves': 36, 'min_child_samples': 187, 'learning_rate': 0.010432093584150242, 'subsample': 0.8903861866311826, 'colsample_bytree': 0.9453822825935705, 'reg_lambda': 1.7307086429455638, 'reg_alpha': 4.647045378147366}. Best is trial 11 with value: 0.44423030977298755.
/home/overxpowered/padhai_in_linux/Projects/AGNITIA-TERRA06/.venv/lib/python3.12/site-packages/lightgbm/sklearn.py:1106: LGBMDeprecationWarning: The argument 'eval_set' is deprecated, use 'eval_X' and 'eval_y' instead.
  eval_set = _validate_eval_set_Xy(eval_set=eval_set, eval_X=eval_X, eval_y=eval_y)
/home/overxpowered/padhai_in_linux/Projects/AGNITIA-TERRA06/.venv/lib/python3.12/site-packages/lightgbm/sklearn.py:1106: LGBMDeprecationWarning: The argument 'eval_set' is deprecated, use 'eval_X' and 'eval_y' instead.
  eval_set = _validate_eval_set_Xy(eval_set=eval_set, eval_X=eval_X, eval_y=eval_y)
/home/overxpowered/padhai_in_linux/Projects/AGNITIA-TERRA06/.venv/lib/python3.12/site-packages/lightgbm/sklearn.py:1106: LGBMDeprecationWarning: The argument 'eval_set' is deprecated, use 'eval_X' and 'eval_y' instead.
  eval_set = _validate_eval_set_Xy(eval_set=eval_set, eval_X=eval_X, eval_y=eval_y)
/home/overxpowered/padhai_in_linux/Projects/AGNITIA-TERRA06/.venv/lib/python3.12/site-packages/lightgbm/sklearn.py:1106: LGBMDeprecationWarning: The argument 'eval_set' is deprecated, use 'eval_X' and 'eval_y' instead.
  eval_set = _validate_eval_set_Xy(eval_set=eval_set, eval_X=eval_X, eval_y=eval_y)
/home/overxpowered/padhai_in_linux/Projects/AGNITIA-TERRA06/.venv/lib/python3.12/site-packages/lightgbm/sklearn.py:1106: LGBMDeprecationWarning: The argument 'eval_set' is deprecated, use 'eval_X' and 'eval_y' instead.
  eval_set = _validate_eval_set_Xy(eval_set=eval_set, eval_X=eval_X, eval_y=eval_y)
2026-10-09 06:36:02,555 INFO __main__: [solar Trial 23] pinball=0.44386 params={'num_leaves': 18, 'min_child_samples': 184, 'learning_rate': 0.0119, 'subsample': 0.8217, 'colsample_bytree': 0.902, 'reg_lambda': 3.3341, 'reg_alpha': 4.5988}
[I 2026-10-09 06:36:02,555] Trial 23 finished with value: 0.4438598942989648 and parameters: {'num_leaves': 18, 'min_child_samples': 184, 'learning_rate': 0.01193248637098501, 'subsample': 0.8216940481237003, 'colsample_bytree': 0.9019761123979458, 'reg_lambda': 3.334111941494836, 'reg_alpha': 4.598808658034198}. Best is trial 23 with value: 0.4438598942989648.
/home/overxpowered/padhai_in_linux/Projects/AGNITIA-TERRA06/.venv/lib/python3.12/site-packages/lightgbm/sklearn.py:1106: LGBMDeprecationWarning: The argument 'eval_set' is deprecated, use 'eval_X' and 'eval_y' instead.
  eval_set = _validate_eval_set_Xy(eval_set=eval_set, eval_X=eval_X, eval_y=eval_y)
/home/overxpowered/padhai_in_linux/Projects/AGNITIA-TERRA06/.venv/lib/python3.12/site-packages/lightgbm/sklearn.py:1106: LGBMDeprecationWarning: The argument 'eval_set' is deprecated, use 'eval_X' and 'eval_y' instead.
  eval_set = _validate_eval_set_Xy(eval_set=eval_set, eval_X=eval_X, eval_y=eval_y)
/home/overxpowered/padhai_in_linux/Projects/AGNITIA-TERRA06/.venv/lib/python3.12/site-packages/lightgbm/sklearn.py:1106: LGBMDeprecationWarning: The argument 'eval_set' is deprecated, use 'eval_X' and 'eval_y' instead.
  eval_set = _validate_eval_set_Xy(eval_set=eval_set, eval_X=eval_X, eval_y=eval_y)
/home/overxpowered/padhai_in_linux/Projects/AGNITIA-TERRA06/.venv/lib/python3.12/site-packages/lightgbm/sklearn.py:1106: LGBMDeprecationWarning: The argument 'eval_set' is deprecated, use 'eval_X' and 'eval_y' instead.
  eval_set = _validate_eval_set_Xy(eval_set=eval_set, eval_X=eval_X, eval_y=eval_y)
/home/overxpowered/padhai_in_linux/Projects/AGNITIA-TERRA06/.venv/lib/python3.12/site-packages/lightgbm/sklearn.py:1106: LGBMDeprecationWarning: The argument 'eval_set' is deprecated, use 'eval_X' and 'eval_y' instead.
  eval_set = _validate_eval_set_Xy(eval_set=eval_set, eval_X=eval_X, eval_y=eval_y)
2026-10-09 06:36:37,950 INFO __main__: [solar Trial 24] pinball=0.44451 params={'num_leaves': 20, 'min_child_samples': 187, 'learning_rate': 0.0105, 'subsample': 0.7503, 'colsample_bytree': 0.9424, 'reg_lambda': 3.4813, 'reg_alpha': 4.4338}
[I 2026-10-09 06:36:37,950] Trial 24 finished with value: 0.4445124350851775 and parameters: {'num_leaves': 20, 'min_child_samples': 187, 'learning_rate': 0.010472344162254081, 'subsample': 0.7502769513449341, 'colsample_bytree': 0.9423587463977374, 'reg_lambda': 3.481292698660848, 'reg_alpha': 4.43379072865497}. Best is trial 23 with value: 0.4438598942989648.
/home/overxpowered/padhai_in_linux/Projects/AGNITIA-TERRA06/.venv/lib/python3.12/site-packages/lightgbm/sklearn.py:1106: LGBMDeprecationWarning: The argument 'eval_set' is deprecated, use 'eval_X' and 'eval_y' instead.
  eval_set = _validate_eval_set_Xy(eval_set=eval_set, eval_X=eval_X, eval_y=eval_y)
/home/overxpowered/padhai_in_linux/Projects/AGNITIA-TERRA06/.venv/lib/python3.12/site-packages/lightgbm/sklearn.py:1106: LGBMDeprecationWarning: The argument 'eval_set' is deprecated, use 'eval_X' and 'eval_y' instead.
  eval_set = _validate_eval_set_Xy(eval_set=eval_set, eval_X=eval_X, eval_y=eval_y)
/home/overxpowered/padhai_in_linux/Projects/AGNITIA-TERRA06/.venv/lib/python3.12/site-packages/lightgbm/sklearn.py:1106: LGBMDeprecationWarning: The argument 'eval_set' is deprecated, use 'eval_X' and 'eval_y' instead.
  eval_set = _validate_eval_set_Xy(eval_set=eval_set, eval_X=eval_X, eval_y=eval_y)
/home/overxpowered/padhai_in_linux/Projects/AGNITIA-TERRA06/.venv/lib/python3.12/site-packages/lightgbm/sklearn.py:1106: LGBMDeprecationWarning: The argument 'eval_set' is deprecated, use 'eval_X' and 'eval_y' instead.
  eval_set = _validate_eval_set_Xy(eval_set=eval_set, eval_X=eval_X, eval_y=eval_y)
/home/overxpowered/padhai_in_linux/Projects/AGNITIA-TERRA06/.venv/lib/python3.12/site-packages/lightgbm/sklearn.py:1106: LGBMDeprecationWarning: The argument 'eval_set' is deprecated, use 'eval_X' and 'eval_y' instead.
  eval_set = _validate_eval_set_Xy(eval_set=eval_set, eval_X=eval_X, eval_y=eval_y)
2026-10-09 06:37:10,444 INFO __main__: [solar Trial 25] pinball=0.44441 params={'num_leaves': 20, 'min_child_samples': 154, 'learning_rate': 0.0129, 'subsample': 0.7889, 'colsample_bytree': 0.8013, 'reg_lambda': 0.277, 'reg_alpha': 4.1572}
[I 2026-10-09 06:37:10,444] Trial 25 finished with value: 0.44440996776826125 and parameters: {'num_leaves': 20, 'min_child_samples': 154, 'learning_rate': 0.01286068208852468, 'subsample': 0.7888926126980135, 'colsample_bytree': 0.8012577433002209, 'reg_lambda': 0.2769617244275221, 'reg_alpha': 4.157166670930745}. Best is trial 23 with value: 0.4438598942989648.
/home/overxpowered/padhai_in_linux/Projects/AGNITIA-TERRA06/.venv/lib/python3.12/site-packages/lightgbm/sklearn.py:1106: LGBMDeprecationWarning: The argument 'eval_set' is deprecated, use 'eval_X' and 'eval_y' instead.
  eval_set = _validate_eval_set_Xy(eval_set=eval_set, eval_X=eval_X, eval_y=eval_y)
/home/overxpowered/padhai_in_linux/Projects/AGNITIA-TERRA06/.venv/lib/python3.12/site-packages/lightgbm/sklearn.py:1106: LGBMDeprecationWarning: The argument 'eval_set' is deprecated, use 'eval_X' and 'eval_y' instead.
  eval_set = _validate_eval_set_Xy(eval_set=eval_set, eval_X=eval_X, eval_y=eval_y)
/home/overxpowered/padhai_in_linux/Projects/AGNITIA-TERRA06/.venv/lib/python3.12/site-packages/lightgbm/sklearn.py:1106: LGBMDeprecationWarning: The argument 'eval_set' is deprecated, use 'eval_X' and 'eval_y' instead.
  eval_set = _validate_eval_set_Xy(eval_set=eval_set, eval_X=eval_X, eval_y=eval_y)
/home/overxpowered/padhai_in_linux/Projects/AGNITIA-TERRA06/.venv/lib/python3.12/site-packages/lightgbm/sklearn.py:1106: LGBMDeprecationWarning: The argument 'eval_set' is deprecated, use 'eval_X' and 'eval_y' instead.
  eval_set = _validate_eval_set_Xy(eval_set=eval_set, eval_X=eval_X, eval_y=eval_y)
/home/overxpowered/padhai_in_linux/Projects/AGNITIA-TERRA06/.venv/lib/python3.12/site-packages/lightgbm/sklearn.py:1106: LGBMDeprecationWarning: The argument 'eval_set' is deprecated, use 'eval_X' and 'eval_y' instead.
  eval_set = _validate_eval_set_Xy(eval_set=eval_set, eval_X=eval_X, eval_y=eval_y)
2026-10-09 06:37:49,214 INFO __main__: [solar Trial 26] pinball=0.44721 params={'num_leaves': 28, 'min_child_samples': 159, 'learning_rate': 0.0119, 'subsample': 0.8066, 'colsample_bytree': 0.7649, 'reg_lambda': 0.027, 'reg_alpha': 3.8072}
[I 2026-10-09 06:37:49,214] Trial 26 finished with value: 0.44720839050926103 and parameters: {'num_leaves': 28, 'min_child_samples': 159, 'learning_rate': 0.011932356647815364, 'subsample': 0.8065646268158692, 'colsample_bytree': 0.7649234970966093, 'reg_lambda': 0.027004809348083025, 'reg_alpha': 3.8072153180507753}. Best is trial 23 with value: 0.4438598942989648.
/home/overxpowered/padhai_in_linux/Projects/AGNITIA-TERRA06/.venv/lib/python3.12/site-packages/lightgbm/sklearn.py:1106: LGBMDeprecationWarning: The argument 'eval_set' is deprecated, use 'eval_X' and 'eval_y' instead.
  eval_set = _validate_eval_set_Xy(eval_set=eval_set, eval_X=eval_X, eval_y=eval_y)
/home/overxpowered/padhai_in_linux/Projects/AGNITIA-TERRA06/.venv/lib/python3.12/site-packages/lightgbm/sklearn.py:1106: LGBMDeprecationWarning: The argument 'eval_set' is deprecated, use 'eval_X' and 'eval_y' instead.
  eval_set = _validate_eval_set_Xy(eval_set=eval_set, eval_X=eval_X, eval_y=eval_y)
/home/overxpowered/padhai_in_linux/Projects/AGNITIA-TERRA06/.venv/lib/python3.12/site-packages/lightgbm/sklearn.py:1106: LGBMDeprecationWarning: The argument 'eval_set' is deprecated, use 'eval_X' and 'eval_y' instead.
  eval_set = _validate_eval_set_Xy(eval_set=eval_set, eval_X=eval_X, eval_y=eval_y)
/home/overxpowered/padhai_in_linux/Projects/AGNITIA-TERRA06/.venv/lib/python3.12/site-packages/lightgbm/sklearn.py:1106: LGBMDeprecationWarning: The argument 'eval_set' is deprecated, use 'eval_X' and 'eval_y' instead.
  eval_set = _validate_eval_set_Xy(eval_set=eval_set, eval_X=eval_X, eval_y=eval_y)
/home/overxpowered/padhai_in_linux/Projects/AGNITIA-TERRA06/.venv/lib/python3.12/site-packages/lightgbm/sklearn.py:1106: LGBMDeprecationWarning: The argument 'eval_set' is deprecated, use 'eval_X' and 'eval_y' instead.
  eval_set = _validate_eval_set_Xy(eval_set=eval_set, eval_X=eval_X, eval_y=eval_y)
2026-10-09 06:38:14,899 INFO __main__: [solar Trial 27] pinball=0.44722 params={'num_leaves': 23, 'min_child_samples': 156, 'learning_rate': 0.0101, 'subsample': 0.7578, 'colsample_bytree': 0.7394, 'reg_lambda': 0.1665, 'reg_alpha': 4.6956}
[I 2026-10-09 06:38:14,899] Trial 27 finished with value: 0.4472173734071367 and parameters: {'num_leaves': 23, 'min_child_samples': 156, 'learning_rate': 0.010081819467708874, 'subsample': 0.7578117407357373, 'colsample_bytree': 0.7393564983944271, 'reg_lambda': 0.16651025199173786, 'reg_alpha': 4.695606850597641}. Best is trial 23 with value: 0.4438598942989648.
/home/overxpowered/padhai_in_linux/Projects/AGNITIA-TERRA06/.venv/lib/python3.12/site-packages/lightgbm/sklearn.py:1106: LGBMDeprecationWarning: The argument 'eval_set' is deprecated, use 'eval_X' and 'eval_y' instead.
  eval_set = _validate_eval_set_Xy(eval_set=eval_set, eval_X=eval_X, eval_y=eval_y)
/home/overxpowered/padhai_in_linux/Projects/AGNITIA-TERRA06/.venv/lib/python3.12/site-packages/lightgbm/sklearn.py:1106: LGBMDeprecationWarning: The argument 'eval_set' is deprecated, use 'eval_X' and 'eval_y' instead.
  eval_set = _validate_eval_set_Xy(eval_set=eval_set, eval_X=eval_X, eval_y=eval_y)
/home/overxpowered/padhai_in_linux/Projects/AGNITIA-TERRA06/.venv/lib/python3.12/site-packages/lightgbm/sklearn.py:1106: LGBMDeprecationWarning: The argument 'eval_set' is deprecated, use 'eval_X' and 'eval_y' instead.
  eval_set = _validate_eval_set_Xy(eval_set=eval_set, eval_X=eval_X, eval_y=eval_y)
/home/overxpowered/padhai_in_linux/Projects/AGNITIA-TERRA06/.venv/lib/python3.12/site-packages/lightgbm/sklearn.py:1106: LGBMDeprecationWarning: The argument 'eval_set' is deprecated, use 'eval_X' and 'eval_y' instead.
  eval_set = _validate_eval_set_Xy(eval_set=eval_set, eval_X=eval_X, eval_y=eval_y)
/home/overxpowered/padhai_in_linux/Projects/AGNITIA-TERRA06/.venv/lib/python3.12/site-packages/lightgbm/sklearn.py:1106: LGBMDeprecationWarning: The argument 'eval_set' is deprecated, use 'eval_X' and 'eval_y' instead.
  eval_set = _validate_eval_set_Xy(eval_set=eval_set, eval_X=eval_X, eval_y=eval_y)
2026-10-09 06:38:53,881 INFO __main__: [solar Trial 28] pinball=0.44830 params={'num_leaves': 30, 'min_child_samples': 113, 'learning_rate': 0.0106, 'subsample': 0.7947, 'colsample_bytree': 0.8425, 'reg_lambda': 0.7375, 'reg_alpha': 4.6038}
[I 2026-10-09 06:38:53,882] Trial 28 finished with value: 0.44830210924334735 and parameters: {'num_leaves': 30, 'min_child_samples': 113, 'learning_rate': 0.010602781543106997, 'subsample': 0.794714045088694, 'colsample_bytree': 0.8424987422180921, 'reg_lambda': 0.7375190287494067, 'reg_alpha': 4.603774566051339}. Best is trial 23 with value: 0.4438598942989648.
/home/overxpowered/padhai_in_linux/Projects/AGNITIA-TERRA06/.venv/lib/python3.12/site-packages/lightgbm/sklearn.py:1106: LGBMDeprecationWarning: The argument 'eval_set' is deprecated, use 'eval_X' and 'eval_y' instead.
  eval_set = _validate_eval_set_Xy(eval_set=eval_set, eval_X=eval_X, eval_y=eval_y)
/home/overxpowered/padhai_in_linux/Projects/AGNITIA-TERRA06/.venv/lib/python3.12/site-packages/lightgbm/sklearn.py:1106: LGBMDeprecationWarning: The argument 'eval_set' is deprecated, use 'eval_X' and 'eval_y' instead.
  eval_set = _validate_eval_set_Xy(eval_set=eval_set, eval_X=eval_X, eval_y=eval_y)
/home/overxpowered/padhai_in_linux/Projects/AGNITIA-TERRA06/.venv/lib/python3.12/site-packages/lightgbm/sklearn.py:1106: LGBMDeprecationWarning: The argument 'eval_set' is deprecated, use 'eval_X' and 'eval_y' instead.
  eval_set = _validate_eval_set_Xy(eval_set=eval_set, eval_X=eval_X, eval_y=eval_y)
/home/overxpowered/padhai_in_linux/Projects/AGNITIA-TERRA06/.venv/lib/python3.12/site-packages/lightgbm/sklearn.py:1106: LGBMDeprecationWarning: The argument 'eval_set' is deprecated, use 'eval_X' and 'eval_y' instead.
  eval_set = _validate_eval_set_Xy(eval_set=eval_set, eval_X=eval_X, eval_y=eval_y)
/home/overxpowered/padhai_in_linux/Projects/AGNITIA-TERRA06/.venv/lib/python3.12/site-packages/lightgbm/sklearn.py:1106: LGBMDeprecationWarning: The argument 'eval_set' is deprecated, use 'eval_X' and 'eval_y' instead.
  eval_set = _validate_eval_set_Xy(eval_set=eval_set, eval_X=eval_X, eval_y=eval_y)
2026-10-09 06:39:27,508 INFO __main__: [solar Trial 29] pinball=0.44755 params={'num_leaves': 28, 'min_child_samples': 142, 'learning_rate': 0.0121, 'subsample': 0.8162, 'colsample_bytree': 0.8298, 'reg_lambda': 4.5716, 'reg_alpha': 4.8311}
[I 2026-10-09 06:39:27,508] Trial 29 finished with value: 0.4475511813389019 and parameters: {'num_leaves': 28, 'min_child_samples': 142, 'learning_rate': 0.012081568970104702, 'subsample': 0.8162044545571325, 'colsample_bytree': 0.8297683977756458, 'reg_lambda': 4.571570100659253, 'reg_alpha': 4.831133539134813}. Best is trial 23 with value: 0.4438598942989648.
/home/overxpowered/padhai_in_linux/Projects/AGNITIA-TERRA06/.venv/lib/python3.12/site-packages/lightgbm/sklearn.py:1106: LGBMDeprecationWarning: The argument 'eval_set' is deprecated, use 'eval_X' and 'eval_y' instead.
  eval_set = _validate_eval_set_Xy(eval_set=eval_set, eval_X=eval_X, eval_y=eval_y)
/home/overxpowered/padhai_in_linux/Projects/AGNITIA-TERRA06/.venv/lib/python3.12/site-packages/lightgbm/sklearn.py:1106: LGBMDeprecationWarning: The argument 'eval_set' is deprecated, use 'eval_X' and 'eval_y' instead.
  eval_set = _validate_eval_set_Xy(eval_set=eval_set, eval_X=eval_X, eval_y=eval_y)
/home/overxpowered/padhai_in_linux/Projects/AGNITIA-TERRA06/.venv/lib/python3.12/site-packages/lightgbm/sklearn.py:1106: LGBMDeprecationWarning: The argument 'eval_set' is deprecated, use 'eval_X' and 'eval_y' instead.
  eval_set = _validate_eval_set_Xy(eval_set=eval_set, eval_X=eval_X, eval_y=eval_y)
/home/overxpowered/padhai_in_linux/Projects/AGNITIA-TERRA06/.venv/lib/python3.12/site-packages/lightgbm/sklearn.py:1106: LGBMDeprecationWarning: The argument 'eval_set' is deprecated, use 'eval_X' and 'eval_y' instead.
  eval_set = _validate_eval_set_Xy(eval_set=eval_set, eval_X=eval_X, eval_y=eval_y)
/home/overxpowered/padhai_in_linux/Projects/AGNITIA-TERRA06/.venv/lib/python3.12/site-packages/lightgbm/sklearn.py:1106: LGBMDeprecationWarning: The argument 'eval_set' is deprecated, use 'eval_X' and 'eval_y' instead.
  eval_set = _validate_eval_set_Xy(eval_set=eval_set, eval_X=eval_X, eval_y=eval_y)
2026-10-09 06:39:59,367 INFO __main__: [solar Trial 30] pinball=0.44744 params={'num_leaves': 28, 'min_child_samples': 161, 'learning_rate': 0.0146, 'subsample': 0.799, 'colsample_bytree': 0.9184, 'reg_lambda': 3.3315, 'reg_alpha': 4.3}
[I 2026-10-09 06:39:59,367] Trial 30 finished with value: 0.4474436238679761 and parameters: {'num_leaves': 28, 'min_child_samples': 161, 'learning_rate': 0.01464000915534215, 'subsample': 0.7990456372575995, 'colsample_bytree': 0.9184298809623488, 'reg_lambda': 3.3314666131571586, 'reg_alpha': 4.299973774978393}. Best is trial 23 with value: 0.4438598942989648.
/home/overxpowered/padhai_in_linux/Projects/AGNITIA-TERRA06/.venv/lib/python3.12/site-packages/lightgbm/sklearn.py:1106: LGBMDeprecationWarning: The argument 'eval_set' is deprecated, use 'eval_X' and 'eval_y' instead.
  eval_set = _validate_eval_set_Xy(eval_set=eval_set, eval_X=eval_X, eval_y=eval_y)
/home/overxpowered/padhai_in_linux/Projects/AGNITIA-TERRA06/.venv/lib/python3.12/site-packages/lightgbm/sklearn.py:1106: LGBMDeprecationWarning: The argument 'eval_set' is deprecated, use 'eval_X' and 'eval_y' instead.
  eval_set = _validate_eval_set_Xy(eval_set=eval_set, eval_X=eval_X, eval_y=eval_y)
/home/overxpowered/padhai_in_linux/Projects/AGNITIA-TERRA06/.venv/lib/python3.12/site-packages/lightgbm/sklearn.py:1106: LGBMDeprecationWarning: The argument 'eval_set' is deprecated, use 'eval_X' and 'eval_y' instead.
  eval_set = _validate_eval_set_Xy(eval_set=eval_set, eval_X=eval_X, eval_y=eval_y)
/home/overxpowered/padhai_in_linux/Projects/AGNITIA-TERRA06/.venv/lib/python3.12/site-packages/lightgbm/sklearn.py:1106: LGBMDeprecationWarning: The argument 'eval_set' is deprecated, use 'eval_X' and 'eval_y' instead.
  eval_set = _validate_eval_set_Xy(eval_set=eval_set, eval_X=eval_X, eval_y=eval_y)
/home/overxpowered/padhai_in_linux/Projects/AGNITIA-TERRA06/.venv/lib/python3.12/site-packages/lightgbm/sklearn.py:1106: LGBMDeprecationWarning: The argument 'eval_set' is deprecated, use 'eval_X' and 'eval_y' instead.
  eval_set = _validate_eval_set_Xy(eval_set=eval_set, eval_X=eval_X, eval_y=eval_y)
2026-10-09 06:40:31,089 INFO __main__: [solar Trial 31] pinball=0.44480 params={'num_leaves': 25, 'min_child_samples': 196, 'learning_rate': 0.0127, 'subsample': 0.7586, 'colsample_bytree': 0.9442, 'reg_lambda': 4.3506, 'reg_alpha': 4.3423}
[I 2026-10-09 06:40:31,089] Trial 31 finished with value: 0.44479620996918523 and parameters: {'num_leaves': 25, 'min_child_samples': 196, 'learning_rate': 0.012707481462617463, 'subsample': 0.7586217495724407, 'colsample_bytree': 0.9442476295746967, 'reg_lambda': 4.350600693139637, 'reg_alpha': 4.34233926567844}. Best is trial 23 with value: 0.4438598942989648.
/home/overxpowered/padhai_in_linux/Projects/AGNITIA-TERRA06/.venv/lib/python3.12/site-packages/lightgbm/sklearn.py:1106: LGBMDeprecationWarning: The argument 'eval_set' is deprecated, use 'eval_X' and 'eval_y' instead.
  eval_set = _validate_eval_set_Xy(eval_set=eval_set, eval_X=eval_X, eval_y=eval_y)
/home/overxpowered/padhai_in_linux/Projects/AGNITIA-TERRA06/.venv/lib/python3.12/site-packages/lightgbm/sklearn.py:1106: LGBMDeprecationWarning: The argument 'eval_set' is deprecated, use 'eval_X' and 'eval_y' instead.
  eval_set = _validate_eval_set_Xy(eval_set=eval_set, eval_X=eval_X, eval_y=eval_y)
/home/overxpowered/padhai_in_linux/Projects/AGNITIA-TERRA06/.venv/lib/python3.12/site-packages/lightgbm/sklearn.py:1106: LGBMDeprecationWarning: The argument 'eval_set' is deprecated, use 'eval_X' and 'eval_y' instead.
  eval_set = _validate_eval_set_Xy(eval_set=eval_set, eval_X=eval_X, eval_y=eval_y)
/home/overxpowered/padhai_in_linux/Projects/AGNITIA-TERRA06/.venv/lib/python3.12/site-packages/lightgbm/sklearn.py:1106: LGBMDeprecationWarning: The argument 'eval_set' is deprecated, use 'eval_X' and 'eval_y' instead.
  eval_set = _validate_eval_set_Xy(eval_set=eval_set, eval_X=eval_X, eval_y=eval_y)
/home/overxpowered/padhai_in_linux/Projects/AGNITIA-TERRA06/.venv/lib/python3.12/site-packages/lightgbm/sklearn.py:1106: LGBMDeprecationWarning: The argument 'eval_set' is deprecated, use 'eval_X' and 'eval_y' instead.
  eval_set = _validate_eval_set_Xy(eval_set=eval_set, eval_X=eval_X, eval_y=eval_y)
2026-10-09 06:41:08,632 INFO __main__: [solar Trial 32] pinball=0.44941 params={'num_leaves': 42, 'min_child_samples': 139, 'learning_rate': 0.0122, 'subsample': 0.7163, 'colsample_bytree': 0.8878, 'reg_lambda': 1.0038, 'reg_alpha': 4.69}
[I 2026-10-09 06:41:08,632] Trial 32 finished with value: 0.44941161106520744 and parameters: {'num_leaves': 42, 'min_child_samples': 139, 'learning_rate': 0.01218577006041128, 'subsample': 0.7162895718940182, 'colsample_bytree': 0.8877985604348786, 'reg_lambda': 1.0037806067706905, 'reg_alpha': 4.689998336216151}. Best is trial 23 with value: 0.4438598942989648.
/home/overxpowered/padhai_in_linux/Projects/AGNITIA-TERRA06/.venv/lib/python3.12/site-packages/lightgbm/sklearn.py:1106: LGBMDeprecationWarning: The argument 'eval_set' is deprecated, use 'eval_X' and 'eval_y' instead.
  eval_set = _validate_eval_set_Xy(eval_set=eval_set, eval_X=eval_X, eval_y=eval_y)
/home/overxpowered/padhai_in_linux/Projects/AGNITIA-TERRA06/.venv/lib/python3.12/site-packages/lightgbm/sklearn.py:1106: LGBMDeprecationWarning: The argument 'eval_set' is deprecated, use 'eval_X' and 'eval_y' instead.
  eval_set = _validate_eval_set_Xy(eval_set=eval_set, eval_X=eval_X, eval_y=eval_y)
/home/overxpowered/padhai_in_linux/Projects/AGNITIA-TERRA06/.venv/lib/python3.12/site-packages/lightgbm/sklearn.py:1106: LGBMDeprecationWarning: The argument 'eval_set' is deprecated, use 'eval_X' and 'eval_y' instead.
  eval_set = _validate_eval_set_Xy(eval_set=eval_set, eval_X=eval_X, eval_y=eval_y)
/home/overxpowered/padhai_in_linux/Projects/AGNITIA-TERRA06/.venv/lib/python3.12/site-packages/lightgbm/sklearn.py:1106: LGBMDeprecationWarning: The argument 'eval_set' is deprecated, use 'eval_X' and 'eval_y' instead.
  eval_set = _validate_eval_set_Xy(eval_set=eval_set, eval_X=eval_X, eval_y=eval_y)
/home/overxpowered/padhai_in_linux/Projects/AGNITIA-TERRA06/.venv/lib/python3.12/site-packages/lightgbm/sklearn.py:1106: LGBMDeprecationWarning: The argument 'eval_set' is deprecated, use 'eval_X' and 'eval_y' instead.
  eval_set = _validate_eval_set_Xy(eval_set=eval_set, eval_X=eval_X, eval_y=eval_y)
2026-10-09 06:41:45,368 INFO __main__: [solar Trial 33] pinball=0.44783 params={'num_leaves': 32, 'min_child_samples': 174, 'learning_rate': 0.0108, 'subsample': 0.6961, 'colsample_bytree': 0.9471, 'reg_lambda': 3.1511, 'reg_alpha': 3.436}
[I 2026-10-09 06:41:45,368] Trial 33 finished with value: 0.44783331782511365 and parameters: {'num_leaves': 32, 'min_child_samples': 174, 'learning_rate': 0.010808429239369527, 'subsample': 0.6961224877077445, 'colsample_bytree': 0.9471238564027473, 'reg_lambda': 3.1511369668568676, 'reg_alpha': 3.435976781570723}. Best is trial 23 with value: 0.4438598942989648.
/home/overxpowered/padhai_in_linux/Projects/AGNITIA-TERRA06/.venv/lib/python3.12/site-packages/lightgbm/sklearn.py:1106: LGBMDeprecationWarning: The argument 'eval_set' is deprecated, use 'eval_X' and 'eval_y' instead.
  eval_set = _validate_eval_set_Xy(eval_set=eval_set, eval_X=eval_X, eval_y=eval_y)
/home/overxpowered/padhai_in_linux/Projects/AGNITIA-TERRA06/.venv/lib/python3.12/site-packages/lightgbm/sklearn.py:1106: LGBMDeprecationWarning: The argument 'eval_set' is deprecated, use 'eval_X' and 'eval_y' instead.
  eval_set = _validate_eval_set_Xy(eval_set=eval_set, eval_X=eval_X, eval_y=eval_y)
/home/overxpowered/padhai_in_linux/Projects/AGNITIA-TERRA06/.venv/lib/python3.12/site-packages/lightgbm/sklearn.py:1106: LGBMDeprecationWarning: The argument 'eval_set' is deprecated, use 'eval_X' and 'eval_y' instead.
  eval_set = _validate_eval_set_Xy(eval_set=eval_set, eval_X=eval_X, eval_y=eval_y)
/home/overxpowered/padhai_in_linux/Projects/AGNITIA-TERRA06/.venv/lib/python3.12/site-packages/lightgbm/sklearn.py:1106: LGBMDeprecationWarning: The argument 'eval_set' is deprecated, use 'eval_X' and 'eval_y' instead.
  eval_set = _validate_eval_set_Xy(eval_set=eval_set, eval_X=eval_X, eval_y=eval_y)
/home/overxpowered/padhai_in_linux/Projects/AGNITIA-TERRA06/.venv/lib/python3.12/site-packages/lightgbm/sklearn.py:1106: LGBMDeprecationWarning: The argument 'eval_set' is deprecated, use 'eval_X' and 'eval_y' instead.
  eval_set = _validate_eval_set_Xy(eval_set=eval_set, eval_X=eval_X, eval_y=eval_y)
2026-10-09 06:42:17,931 INFO __main__: [solar Trial 34] pinball=0.44675 params={'num_leaves': 21, 'min_child_samples': 132, 'learning_rate': 0.0104, 'subsample': 0.7242, 'colsample_bytree': 0.7953, 'reg_lambda': 0.5577, 'reg_alpha': 3.7922}
[I 2026-10-09 06:42:17,931] Trial 34 finished with value: 0.4467544012441689 and parameters: {'num_leaves': 21, 'min_child_samples': 132, 'learning_rate': 0.010400871187445287, 'subsample': 0.7242423798230669, 'colsample_bytree': 0.7952979786025751, 'reg_lambda': 0.5576794619789167, 'reg_alpha': 3.792234993768075}. Best is trial 23 with value: 0.4438598942989648.
/home/overxpowered/padhai_in_linux/Projects/AGNITIA-TERRA06/.venv/lib/python3.12/site-packages/lightgbm/sklearn.py:1106: LGBMDeprecationWarning: The argument 'eval_set' is deprecated, use 'eval_X' and 'eval_y' instead.
  eval_set = _validate_eval_set_Xy(eval_set=eval_set, eval_X=eval_X, eval_y=eval_y)
/home/overxpowered/padhai_in_linux/Projects/AGNITIA-TERRA06/.venv/lib/python3.12/site-packages/lightgbm/sklearn.py:1106: LGBMDeprecationWarning: The argument 'eval_set' is deprecated, use 'eval_X' and 'eval_y' instead.
  eval_set = _validate_eval_set_Xy(eval_set=eval_set, eval_X=eval_X, eval_y=eval_y)
/home/overxpowered/padhai_in_linux/Projects/AGNITIA-TERRA06/.venv/lib/python3.12/site-packages/lightgbm/sklearn.py:1106: LGBMDeprecationWarning: The argument 'eval_set' is deprecated, use 'eval_X' and 'eval_y' instead.
  eval_set = _validate_eval_set_Xy(eval_set=eval_set, eval_X=eval_X, eval_y=eval_y)
/home/overxpowered/padhai_in_linux/Projects/AGNITIA-TERRA06/.venv/lib/python3.12/site-packages/lightgbm/sklearn.py:1106: LGBMDeprecationWarning: The argument 'eval_set' is deprecated, use 'eval_X' and 'eval_y' instead.
  eval_set = _validate_eval_set_Xy(eval_set=eval_set, eval_X=eval_X, eval_y=eval_y)
/home/overxpowered/padhai_in_linux/Projects/AGNITIA-TERRA06/.venv/lib/python3.12/site-packages/lightgbm/sklearn.py:1106: LGBMDeprecationWarning: The argument 'eval_set' is deprecated, use 'eval_X' and 'eval_y' instead.
  eval_set = _validate_eval_set_Xy(eval_set=eval_set, eval_X=eval_X, eval_y=eval_y)
2026-10-09 06:42:48,236 INFO __main__: [solar Trial 35] pinball=0.44341 params={'num_leaves': 18, 'min_child_samples': 122, 'learning_rate': 0.016, 'subsample': 0.724, 'colsample_bytree': 0.89, 'reg_lambda': 1.5902, 'reg_alpha': 3.9386}
[I 2026-10-09 06:42:48,236] Trial 35 finished with value: 0.443410343017662 and parameters: {'num_leaves': 18, 'min_child_samples': 122, 'learning_rate': 0.015961146666427676, 'subsample': 0.7239500065812211, 'colsample_bytree': 0.8900100168632282, 'reg_lambda': 1.590152864333033, 'reg_alpha': 3.9385771935441296}. Best is trial 35 with value: 0.443410343017662.
/home/overxpowered/padhai_in_linux/Projects/AGNITIA-TERRA06/.venv/lib/python3.12/site-packages/lightgbm/sklearn.py:1106: LGBMDeprecationWarning: The argument 'eval_set' is deprecated, use 'eval_X' and 'eval_y' instead.
  eval_set = _validate_eval_set_Xy(eval_set=eval_set, eval_X=eval_X, eval_y=eval_y)
/home/overxpowered/padhai_in_linux/Projects/AGNITIA-TERRA06/.venv/lib/python3.12/site-packages/lightgbm/sklearn.py:1106: LGBMDeprecationWarning: The argument 'eval_set' is deprecated, use 'eval_X' and 'eval_y' instead.
  eval_set = _validate_eval_set_Xy(eval_set=eval_set, eval_X=eval_X, eval_y=eval_y)
/home/overxpowered/padhai_in_linux/Projects/AGNITIA-TERRA06/.venv/lib/python3.12/site-packages/lightgbm/sklearn.py:1106: LGBMDeprecationWarning: The argument 'eval_set' is deprecated, use 'eval_X' and 'eval_y' instead.
  eval_set = _validate_eval_set_Xy(eval_set=eval_set, eval_X=eval_X, eval_y=eval_y)
/home/overxpowered/padhai_in_linux/Projects/AGNITIA-TERRA06/.venv/lib/python3.12/site-packages/lightgbm/sklearn.py:1106: LGBMDeprecationWarning: The argument 'eval_set' is deprecated, use 'eval_X' and 'eval_y' instead.
  eval_set = _validate_eval_set_Xy(eval_set=eval_set, eval_X=eval_X, eval_y=eval_y)
/home/overxpowered/padhai_in_linux/Projects/AGNITIA-TERRA06/.venv/lib/python3.12/site-packages/lightgbm/sklearn.py:1106: LGBMDeprecationWarning: The argument 'eval_set' is deprecated, use 'eval_X' and 'eval_y' instead.
  eval_set = _validate_eval_set_Xy(eval_set=eval_set, eval_X=eval_X, eval_y=eval_y)
2026-10-09 06:43:16,357 INFO __main__: [solar Trial 36] pinball=0.44708 params={'num_leaves': 24, 'min_child_samples': 161, 'learning_rate': 0.0151, 'subsample': 0.7744, 'colsample_bytree': 0.7433, 'reg_lambda': 2.0835, 'reg_alpha': 4.1068}
[I 2026-10-09 06:43:16,357] Trial 36 finished with value: 0.4470795289508066 and parameters: {'num_leaves': 24, 'min_child_samples': 161, 'learning_rate': 0.015134269860926614, 'subsample': 0.7744063647284879, 'colsample_bytree': 0.743296437248852, 'reg_lambda': 2.083518973265752, 'reg_alpha': 4.106798878461582}. Best is trial 35 with value: 0.443410343017662.
/home/overxpowered/padhai_in_linux/Projects/AGNITIA-TERRA06/.venv/lib/python3.12/site-packages/lightgbm/sklearn.py:1106: LGBMDeprecationWarning: The argument 'eval_set' is deprecated, use 'eval_X' and 'eval_y' instead.
  eval_set = _validate_eval_set_Xy(eval_set=eval_set, eval_X=eval_X, eval_y=eval_y)
/home/overxpowered/padhai_in_linux/Projects/AGNITIA-TERRA06/.venv/lib/python3.12/site-packages/lightgbm/sklearn.py:1106: LGBMDeprecationWarning: The argument 'eval_set' is deprecated, use 'eval_X' and 'eval_y' instead.
  eval_set = _validate_eval_set_Xy(eval_set=eval_set, eval_X=eval_X, eval_y=eval_y)
/home/overxpowered/padhai_in_linux/Projects/AGNITIA-TERRA06/.venv/lib/python3.12/site-packages/lightgbm/sklearn.py:1106: LGBMDeprecationWarning: The argument 'eval_set' is deprecated, use 'eval_X' and 'eval_y' instead.
  eval_set = _validate_eval_set_Xy(eval_set=eval_set, eval_X=eval_X, eval_y=eval_y)
/home/overxpowered/padhai_in_linux/Projects/AGNITIA-TERRA06/.venv/lib/python3.12/site-packages/lightgbm/sklearn.py:1106: LGBMDeprecationWarning: The argument 'eval_set' is deprecated, use 'eval_X' and 'eval_y' instead.
  eval_set = _validate_eval_set_Xy(eval_set=eval_set, eval_X=eval_X, eval_y=eval_y)
/home/overxpowered/padhai_in_linux/Projects/AGNITIA-TERRA06/.venv/lib/python3.12/site-packages/lightgbm/sklearn.py:1106: LGBMDeprecationWarning: The argument 'eval_set' is deprecated, use 'eval_X' and 'eval_y' instead.
  eval_set = _validate_eval_set_Xy(eval_set=eval_set, eval_X=eval_X, eval_y=eval_y)
2026-10-09 06:43:39,816 INFO __main__: [solar Trial 37] pinball=0.44382 params={'num_leaves': 18, 'min_child_samples': 144, 'learning_rate': 0.0188, 'subsample': 0.7995, 'colsample_bytree': 0.8612, 'reg_lambda': 1.7699, 'reg_alpha': 4.3815}
[I 2026-10-09 06:43:39,817] Trial 37 finished with value: 0.44382492153600006 and parameters: {'num_leaves': 18, 'min_child_samples': 144, 'learning_rate': 0.018821786563761406, 'subsample': 0.7995463997616359, 'colsample_bytree': 0.8612010169158034, 'reg_lambda': 1.7698821491207464, 'reg_alpha': 4.381472441066034}. Best is trial 35 with value: 0.443410343017662.
/home/overxpowered/padhai_in_linux/Projects/AGNITIA-TERRA06/.venv/lib/python3.12/site-packages/lightgbm/sklearn.py:1106: LGBMDeprecationWarning: The argument 'eval_set' is deprecated, use 'eval_X' and 'eval_y' instead.
  eval_set = _validate_eval_set_Xy(eval_set=eval_set, eval_X=eval_X, eval_y=eval_y)
/home/overxpowered/padhai_in_linux/Projects/AGNITIA-TERRA06/.venv/lib/python3.12/site-packages/lightgbm/sklearn.py:1106: LGBMDeprecationWarning: The argument 'eval_set' is deprecated, use 'eval_X' and 'eval_y' instead.
  eval_set = _validate_eval_set_Xy(eval_set=eval_set, eval_X=eval_X, eval_y=eval_y)
/home/overxpowered/padhai_in_linux/Projects/AGNITIA-TERRA06/.venv/lib/python3.12/site-packages/lightgbm/sklearn.py:1106: LGBMDeprecationWarning: The argument 'eval_set' is deprecated, use 'eval_X' and 'eval_y' instead.
  eval_set = _validate_eval_set_Xy(eval_set=eval_set, eval_X=eval_X, eval_y=eval_y)
/home/overxpowered/padhai_in_linux/Projects/AGNITIA-TERRA06/.venv/lib/python3.12/site-packages/lightgbm/sklearn.py:1106: LGBMDeprecationWarning: The argument 'eval_set' is deprecated, use 'eval_X' and 'eval_y' instead.
  eval_set = _validate_eval_set_Xy(eval_set=eval_set, eval_X=eval_X, eval_y=eval_y)
/home/overxpowered/padhai_in_linux/Projects/AGNITIA-TERRA06/.venv/lib/python3.12/site-packages/lightgbm/sklearn.py:1106: LGBMDeprecationWarning: The argument 'eval_set' is deprecated, use 'eval_X' and 'eval_y' instead.
  eval_set = _validate_eval_set_Xy(eval_set=eval_set, eval_X=eval_X, eval_y=eval_y)
2026-10-09 06:44:02,348 INFO __main__: [solar Trial 38] pinball=0.44418 params={'num_leaves': 16, 'min_child_samples': 125, 'learning_rate': 0.0159, 'subsample': 0.7475, 'colsample_bytree': 0.826, 'reg_lambda': 3.4095, 'reg_alpha': 3.9816}
[I 2026-10-09 06:44:02,348] Trial 38 finished with value: 0.44417918074124846 and parameters: {'num_leaves': 16, 'min_child_samples': 125, 'learning_rate': 0.015877295924675627, 'subsample': 0.7474594768413808, 'colsample_bytree': 0.8259972416211245, 'reg_lambda': 3.4094631025531985, 'reg_alpha': 3.9815870895960033}. Best is trial 35 with value: 0.443410343017662.
/home/overxpowered/padhai_in_linux/Projects/AGNITIA-TERRA06/.venv/lib/python3.12/site-packages/lightgbm/sklearn.py:1106: LGBMDeprecationWarning: The argument 'eval_set' is deprecated, use 'eval_X' and 'eval_y' instead.
  eval_set = _validate_eval_set_Xy(eval_set=eval_set, eval_X=eval_X, eval_y=eval_y)
/home/overxpowered/padhai_in_linux/Projects/AGNITIA-TERRA06/.venv/lib/python3.12/site-packages/lightgbm/sklearn.py:1106: LGBMDeprecationWarning: The argument 'eval_set' is deprecated, use 'eval_X' and 'eval_y' instead.
  eval_set = _validate_eval_set_Xy(eval_set=eval_set, eval_X=eval_X, eval_y=eval_y)
/home/overxpowered/padhai_in_linux/Projects/AGNITIA-TERRA06/.venv/lib/python3.12/site-packages/lightgbm/sklearn.py:1106: LGBMDeprecationWarning: The argument 'eval_set' is deprecated, use 'eval_X' and 'eval_y' instead.
  eval_set = _validate_eval_set_Xy(eval_set=eval_set, eval_X=eval_X, eval_y=eval_y)
/home/overxpowered/padhai_in_linux/Projects/AGNITIA-TERRA06/.venv/lib/python3.12/site-packages/lightgbm/sklearn.py:1106: LGBMDeprecationWarning: The argument 'eval_set' is deprecated, use 'eval_X' and 'eval_y' instead.
  eval_set = _validate_eval_set_Xy(eval_set=eval_set, eval_X=eval_X, eval_y=eval_y)
/home/overxpowered/padhai_in_linux/Projects/AGNITIA-TERRA06/.venv/lib/python3.12/site-packages/lightgbm/sklearn.py:1106: LGBMDeprecationWarning: The argument 'eval_set' is deprecated, use 'eval_X' and 'eval_y' instead.
  eval_set = _validate_eval_set_Xy(eval_set=eval_set, eval_X=eval_X, eval_y=eval_y)
2026-10-09 06:44:36,172 INFO __main__: [solar Trial 39] pinball=0.44566 params={'num_leaves': 19, 'min_child_samples': 110, 'learning_rate': 0.0115, 'subsample': 0.7582, 'colsample_bytree': 0.8988, 'reg_lambda': 2.4836, 'reg_alpha': 3.5456}
[I 2026-10-09 06:44:36,172] Trial 39 finished with value: 0.44565982310727154 and parameters: {'num_leaves': 19, 'min_child_samples': 110, 'learning_rate': 0.01149676272812246, 'subsample': 0.7582473893069669, 'colsample_bytree': 0.8987652316541105, 'reg_lambda': 2.483639543861855, 'reg_alpha': 3.5455711691830554}. Best is trial 35 with value: 0.443410343017662.
/home/overxpowered/padhai_in_linux/Projects/AGNITIA-TERRA06/.venv/lib/python3.12/site-packages/lightgbm/sklearn.py:1106: LGBMDeprecationWarning: The argument 'eval_set' is deprecated, use 'eval_X' and 'eval_y' instead.
  eval_set = _validate_eval_set_Xy(eval_set=eval_set, eval_X=eval_X, eval_y=eval_y)
/home/overxpowered/padhai_in_linux/Projects/AGNITIA-TERRA06/.venv/lib/python3.12/site-packages/lightgbm/sklearn.py:1106: LGBMDeprecationWarning: The argument 'eval_set' is deprecated, use 'eval_X' and 'eval_y' instead.
  eval_set = _validate_eval_set_Xy(eval_set=eval_set, eval_X=eval_X, eval_y=eval_y)
/home/overxpowered/padhai_in_linux/Projects/AGNITIA-TERRA06/.venv/lib/python3.12/site-packages/lightgbm/sklearn.py:1106: LGBMDeprecationWarning: The argument 'eval_set' is deprecated, use 'eval_X' and 'eval_y' instead.
  eval_set = _validate_eval_set_Xy(eval_set=eval_set, eval_X=eval_X, eval_y=eval_y)
/home/overxpowered/padhai_in_linux/Projects/AGNITIA-TERRA06/.venv/lib/python3.12/site-packages/lightgbm/sklearn.py:1106: LGBMDeprecationWarning: The argument 'eval_set' is deprecated, use 'eval_X' and 'eval_y' instead.
  eval_set = _validate_eval_set_Xy(eval_set=eval_set, eval_X=eval_X, eval_y=eval_y)
/home/overxpowered/padhai_in_linux/Projects/AGNITIA-TERRA06/.venv/lib/python3.12/site-packages/lightgbm/sklearn.py:1106: LGBMDeprecationWarning: The argument 'eval_set' is deprecated, use 'eval_X' and 'eval_y' instead.
  eval_set = _validate_eval_set_Xy(eval_set=eval_set, eval_X=eval_X, eval_y=eval_y)
2026-10-09 06:45:00,818 INFO __main__: [solar Trial 40] pinball=0.44606 params={'num_leaves': 21, 'min_child_samples': 141, 'learning_rate': 0.0203, 'subsample': 0.8034, 'colsample_bytree': 0.8031, 'reg_lambda': 2.2605, 'reg_alpha': 3.2976}
[I 2026-10-09 06:45:00,818] Trial 40 finished with value: 0.44606024128522004 and parameters: {'num_leaves': 21, 'min_child_samples': 141, 'learning_rate': 0.020289566437847704, 'subsample': 0.8033511091159274, 'colsample_bytree': 0.8030780810971219, 'reg_lambda': 2.260472444405283, 'reg_alpha': 3.2976057993056256}. Best is trial 35 with value: 0.443410343017662.
/home/overxpowered/padhai_in_linux/Projects/AGNITIA-TERRA06/.venv/lib/python3.12/site-packages/lightgbm/sklearn.py:1106: LGBMDeprecationWarning: The argument 'eval_set' is deprecated, use 'eval_X' and 'eval_y' instead.
  eval_set = _validate_eval_set_Xy(eval_set=eval_set, eval_X=eval_X, eval_y=eval_y)
/home/overxpowered/padhai_in_linux/Projects/AGNITIA-TERRA06/.venv/lib/python3.12/site-packages/lightgbm/sklearn.py:1106: LGBMDeprecationWarning: The argument 'eval_set' is deprecated, use 'eval_X' and 'eval_y' instead.
  eval_set = _validate_eval_set_Xy(eval_set=eval_set, eval_X=eval_X, eval_y=eval_y)
/home/overxpowered/padhai_in_linux/Projects/AGNITIA-TERRA06/.venv/lib/python3.12/site-packages/lightgbm/sklearn.py:1106: LGBMDeprecationWarning: The argument 'eval_set' is deprecated, use 'eval_X' and 'eval_y' instead.
  eval_set = _validate_eval_set_Xy(eval_set=eval_set, eval_X=eval_X, eval_y=eval_y)
/home/overxpowered/padhai_in_linux/Projects/AGNITIA-TERRA06/.venv/lib/python3.12/site-packages/lightgbm/sklearn.py:1106: LGBMDeprecationWarning: The argument 'eval_set' is deprecated, use 'eval_X' and 'eval_y' instead.
  eval_set = _validate_eval_set_Xy(eval_set=eval_set, eval_X=eval_X, eval_y=eval_y)
/home/overxpowered/padhai_in_linux/Projects/AGNITIA-TERRA06/.venv/lib/python3.12/site-packages/lightgbm/sklearn.py:1106: LGBMDeprecationWarning: The argument 'eval_set' is deprecated, use 'eval_X' and 'eval_y' instead.
  eval_set = _validate_eval_set_Xy(eval_set=eval_set, eval_X=eval_X, eval_y=eval_y)
2026-10-09 06:45:28,145 INFO __main__: [solar Trial 41] pinball=0.44418 params={'num_leaves': 17, 'min_child_samples': 138, 'learning_rate': 0.0153, 'subsample': 0.743, 'colsample_bytree': 0.8259, 'reg_lambda': 4.0057, 'reg_alpha': 3.6328}
[I 2026-10-09 06:45:28,145] Trial 41 finished with value: 0.44418483875613435 and parameters: {'num_leaves': 17, 'min_child_samples': 138, 'learning_rate': 0.015327726125740394, 'subsample': 0.7430153007068515, 'colsample_bytree': 0.8259051188505419, 'reg_lambda': 4.005723119607518, 'reg_alpha': 3.6327878459380223}. Best is trial 35 with value: 0.443410343017662.
/home/overxpowered/padhai_in_linux/Projects/AGNITIA-TERRA06/.venv/lib/python3.12/site-packages/lightgbm/sklearn.py:1106: LGBMDeprecationWarning: The argument 'eval_set' is deprecated, use 'eval_X' and 'eval_y' instead.
  eval_set = _validate_eval_set_Xy(eval_set=eval_set, eval_X=eval_X, eval_y=eval_y)
/home/overxpowered/padhai_in_linux/Projects/AGNITIA-TERRA06/.venv/lib/python3.12/site-packages/lightgbm/sklearn.py:1106: LGBMDeprecationWarning: The argument 'eval_set' is deprecated, use 'eval_X' and 'eval_y' instead.
  eval_set = _validate_eval_set_Xy(eval_set=eval_set, eval_X=eval_X, eval_y=eval_y)
/home/overxpowered/padhai_in_linux/Projects/AGNITIA-TERRA06/.venv/lib/python3.12/site-packages/lightgbm/sklearn.py:1106: LGBMDeprecationWarning: The argument 'eval_set' is deprecated, use 'eval_X' and 'eval_y' instead.
  eval_set = _validate_eval_set_Xy(eval_set=eval_set, eval_X=eval_X, eval_y=eval_y)
/home/overxpowered/padhai_in_linux/Projects/AGNITIA-TERRA06/.venv/lib/python3.12/site-packages/lightgbm/sklearn.py:1106: LGBMDeprecationWarning: The argument 'eval_set' is deprecated, use 'eval_X' and 'eval_y' instead.
  eval_set = _validate_eval_set_Xy(eval_set=eval_set, eval_X=eval_X, eval_y=eval_y)
/home/overxpowered/padhai_in_linux/Projects/AGNITIA-TERRA06/.venv/lib/python3.12/site-packages/lightgbm/sklearn.py:1106: LGBMDeprecationWarning: The argument 'eval_set' is deprecated, use 'eval_X' and 'eval_y' instead.
  eval_set = _validate_eval_set_Xy(eval_set=eval_set, eval_X=eval_X, eval_y=eval_y)
2026-10-09 06:45:53,479 INFO __main__: [solar Trial 42] pinball=0.44323 params={'num_leaves': 19, 'min_child_samples': 199, 'learning_rate': 0.0145, 'subsample': 0.8011, 'colsample_bytree': 0.8628, 'reg_lambda': 2.6151, 'reg_alpha': 4.5366}
[I 2026-10-09 06:45:53,479] Trial 42 finished with value: 0.44323265825044567 and parameters: {'num_leaves': 19, 'min_child_samples': 199, 'learning_rate': 0.01453611582440291, 'subsample': 0.801078163377087, 'colsample_bytree': 0.8628079504777891, 'reg_lambda': 2.615125741728912, 'reg_alpha': 4.536571758455144}. Best is trial 42 with value: 0.44323265825044567.
/home/overxpowered/padhai_in_linux/Projects/AGNITIA-TERRA06/.venv/lib/python3.12/site-packages/lightgbm/sklearn.py:1106: LGBMDeprecationWarning: The argument 'eval_set' is deprecated, use 'eval_X' and 'eval_y' instead.
  eval_set = _validate_eval_set_Xy(eval_set=eval_set, eval_X=eval_X, eval_y=eval_y)
/home/overxpowered/padhai_in_linux/Projects/AGNITIA-TERRA06/.venv/lib/python3.12/site-packages/lightgbm/sklearn.py:1106: LGBMDeprecationWarning: The argument 'eval_set' is deprecated, use 'eval_X' and 'eval_y' instead.
  eval_set = _validate_eval_set_Xy(eval_set=eval_set, eval_X=eval_X, eval_y=eval_y)
/home/overxpowered/padhai_in_linux/Projects/AGNITIA-TERRA06/.venv/lib/python3.12/site-packages/lightgbm/sklearn.py:1106: LGBMDeprecationWarning: The argument 'eval_set' is deprecated, use 'eval_X' and 'eval_y' instead.
  eval_set = _validate_eval_set_Xy(eval_set=eval_set, eval_X=eval_X, eval_y=eval_y)
/home/overxpowered/padhai_in_linux/Projects/AGNITIA-TERRA06/.venv/lib/python3.12/site-packages/lightgbm/sklearn.py:1106: LGBMDeprecationWarning: The argument 'eval_set' is deprecated, use 'eval_X' and 'eval_y' instead.
  eval_set = _validate_eval_set_Xy(eval_set=eval_set, eval_X=eval_X, eval_y=eval_y)
/home/overxpowered/padhai_in_linux/Projects/AGNITIA-TERRA06/.venv/lib/python3.12/site-packages/lightgbm/sklearn.py:1106: LGBMDeprecationWarning: The argument 'eval_set' is deprecated, use 'eval_X' and 'eval_y' instead.
  eval_set = _validate_eval_set_Xy(eval_set=eval_set, eval_X=eval_X, eval_y=eval_y)
2026-10-09 06:46:16,956 INFO __main__: [solar Trial 43] pinball=0.44417 params={'num_leaves': 17, 'min_child_samples': 118, 'learning_rate': 0.017, 'subsample': 0.7749, 'colsample_bytree': 0.84, 'reg_lambda': 3.3939, 'reg_alpha': 4.2248}
[I 2026-10-09 06:46:16,956] Trial 43 finished with value: 0.44417109005758276 and parameters: {'num_leaves': 17, 'min_child_samples': 118, 'learning_rate': 0.01700034461748769, 'subsample': 0.7749440817354563, 'colsample_bytree': 0.8400207454168456, 'reg_lambda': 3.393900689348215, 'reg_alpha': 4.224849446568644}. Best is trial 42 with value: 0.44323265825044567.
/home/overxpowered/padhai_in_linux/Projects/AGNITIA-TERRA06/.venv/lib/python3.12/site-packages/lightgbm/sklearn.py:1106: LGBMDeprecationWarning: The argument 'eval_set' is deprecated, use 'eval_X' and 'eval_y' instead.
  eval_set = _validate_eval_set_Xy(eval_set=eval_set, eval_X=eval_X, eval_y=eval_y)
/home/overxpowered/padhai_in_linux/Projects/AGNITIA-TERRA06/.venv/lib/python3.12/site-packages/lightgbm/sklearn.py:1106: LGBMDeprecationWarning: The argument 'eval_set' is deprecated, use 'eval_X' and 'eval_y' instead.
  eval_set = _validate_eval_set_Xy(eval_set=eval_set, eval_X=eval_X, eval_y=eval_y)
/home/overxpowered/padhai_in_linux/Projects/AGNITIA-TERRA06/.venv/lib/python3.12/site-packages/lightgbm/sklearn.py:1106: LGBMDeprecationWarning: The argument 'eval_set' is deprecated, use 'eval_X' and 'eval_y' instead.
  eval_set = _validate_eval_set_Xy(eval_set=eval_set, eval_X=eval_X, eval_y=eval_y)
/home/overxpowered/padhai_in_linux/Projects/AGNITIA-TERRA06/.venv/lib/python3.12/site-packages/lightgbm/sklearn.py:1106: LGBMDeprecationWarning: The argument 'eval_set' is deprecated, use 'eval_X' and 'eval_y' instead.
  eval_set = _validate_eval_set_Xy(eval_set=eval_set, eval_X=eval_X, eval_y=eval_y)
/home/overxpowered/padhai_in_linux/Projects/AGNITIA-TERRA06/.venv/lib/python3.12/site-packages/lightgbm/sklearn.py:1106: LGBMDeprecationWarning: The argument 'eval_set' is deprecated, use 'eval_X' and 'eval_y' instead.
  eval_set = _validate_eval_set_Xy(eval_set=eval_set, eval_X=eval_X, eval_y=eval_y)
2026-10-09 06:46:59,316 INFO __main__: [solar Trial 44] pinball=0.44476 params={'num_leaves': 23, 'min_child_samples': 192, 'learning_rate': 0.0107, 'subsample': 0.8075, 'colsample_bytree': 0.8738, 'reg_lambda': 1.9968, 'reg_alpha': 3.9843}
[I 2026-10-09 06:46:59,316] Trial 44 finished with value: 0.4447567346790714 and parameters: {'num_leaves': 23, 'min_child_samples': 192, 'learning_rate': 0.010657036860029353, 'subsample': 0.8075441269604232, 'colsample_bytree': 0.8737973328523599, 'reg_lambda': 1.996763750027967, 'reg_alpha': 3.9842663635176487}. Best is trial 42 with value: 0.44323265825044567.
/home/overxpowered/padhai_in_linux/Projects/AGNITIA-TERRA06/.venv/lib/python3.12/site-packages/lightgbm/sklearn.py:1106: LGBMDeprecationWarning: The argument 'eval_set' is deprecated, use 'eval_X' and 'eval_y' instead.
  eval_set = _validate_eval_set_Xy(eval_set=eval_set, eval_X=eval_X, eval_y=eval_y)
/home/overxpowered/padhai_in_linux/Projects/AGNITIA-TERRA06/.venv/lib/python3.12/site-packages/lightgbm/sklearn.py:1106: LGBMDeprecationWarning: The argument 'eval_set' is deprecated, use 'eval_X' and 'eval_y' instead.
  eval_set = _validate_eval_set_Xy(eval_set=eval_set, eval_X=eval_X, eval_y=eval_y)
/home/overxpowered/padhai_in_linux/Projects/AGNITIA-TERRA06/.venv/lib/python3.12/site-packages/lightgbm/sklearn.py:1106: LGBMDeprecationWarning: The argument 'eval_set' is deprecated, use 'eval_X' and 'eval_y' instead.
  eval_set = _validate_eval_set_Xy(eval_set=eval_set, eval_X=eval_X, eval_y=eval_y)
/home/overxpowered/padhai_in_linux/Projects/AGNITIA-TERRA06/.venv/lib/python3.12/site-packages/lightgbm/sklearn.py:1106: LGBMDeprecationWarning: The argument 'eval_set' is deprecated, use 'eval_X' and 'eval_y' instead.
  eval_set = _validate_eval_set_Xy(eval_set=eval_set, eval_X=eval_X, eval_y=eval_y)
/home/overxpowered/padhai_in_linux/Projects/AGNITIA-TERRA06/.venv/lib/python3.12/site-packages/lightgbm/sklearn.py:1106: LGBMDeprecationWarning: The argument 'eval_set' is deprecated, use 'eval_X' and 'eval_y' instead.
  eval_set = _validate_eval_set_Xy(eval_set=eval_set, eval_X=eval_X, eval_y=eval_y)
2026-10-09 06:47:27,038 INFO __main__: [solar Trial 45] pinball=0.44485 params={'num_leaves': 17, 'min_child_samples': 179, 'learning_rate': 0.0133, 'subsample': 0.8221, 'colsample_bytree': 0.821, 'reg_lambda': 1.8256, 'reg_alpha': 4.0379}
[I 2026-10-09 06:47:27,038] Trial 45 finished with value: 0.44485482507556273 and parameters: {'num_leaves': 17, 'min_child_samples': 179, 'learning_rate': 0.013348297297671447, 'subsample': 0.8220642855164051, 'colsample_bytree': 0.8209621993011724, 'reg_lambda': 1.8256188280847452, 'reg_alpha': 4.03794073680079}. Best is trial 42 with value: 0.44323265825044567.
/home/overxpowered/padhai_in_linux/Projects/AGNITIA-TERRA06/.venv/lib/python3.12/site-packages/lightgbm/sklearn.py:1106: LGBMDeprecationWarning: The argument 'eval_set' is deprecated, use 'eval_X' and 'eval_y' instead.
  eval_set = _validate_eval_set_Xy(eval_set=eval_set, eval_X=eval_X, eval_y=eval_y)
/home/overxpowered/padhai_in_linux/Projects/AGNITIA-TERRA06/.venv/lib/python3.12/site-packages/lightgbm/sklearn.py:1106: LGBMDeprecationWarning: The argument 'eval_set' is deprecated, use 'eval_X' and 'eval_y' instead.
  eval_set = _validate_eval_set_Xy(eval_set=eval_set, eval_X=eval_X, eval_y=eval_y)
/home/overxpowered/padhai_in_linux/Projects/AGNITIA-TERRA06/.venv/lib/python3.12/site-packages/lightgbm/sklearn.py:1106: LGBMDeprecationWarning: The argument 'eval_set' is deprecated, use 'eval_X' and 'eval_y' instead.
  eval_set = _validate_eval_set_Xy(eval_set=eval_set, eval_X=eval_X, eval_y=eval_y)
/home/overxpowered/padhai_in_linux/Projects/AGNITIA-TERRA06/.venv/lib/python3.12/site-packages/lightgbm/sklearn.py:1106: LGBMDeprecationWarning: The argument 'eval_set' is deprecated, use 'eval_X' and 'eval_y' instead.
  eval_set = _validate_eval_set_Xy(eval_set=eval_set, eval_X=eval_X, eval_y=eval_y)
/home/overxpowered/padhai_in_linux/Projects/AGNITIA-TERRA06/.venv/lib/python3.12/site-packages/lightgbm/sklearn.py:1106: LGBMDeprecationWarning: The argument 'eval_set' is deprecated, use 'eval_X' and 'eval_y' instead.
  eval_set = _validate_eval_set_Xy(eval_set=eval_set, eval_X=eval_X, eval_y=eval_y)
2026-10-09 06:47:47,056 INFO __main__: [solar Trial 46] pinball=0.44547 params={'num_leaves': 27, 'min_child_samples': 199, 'learning_rate': 0.02, 'subsample': 0.8237, 'colsample_bytree': 0.8912, 'reg_lambda': 3.3151, 'reg_alpha': 4.3535}
[I 2026-10-09 06:47:47,056] Trial 46 finished with value: 0.44547196441969755 and parameters: {'num_leaves': 27, 'min_child_samples': 199, 'learning_rate': 0.020007962358860255, 'subsample': 0.8237002971951958, 'colsample_bytree': 0.8912157218147445, 'reg_lambda': 3.3151426098762835, 'reg_alpha': 4.353467308042664}. Best is trial 42 with value: 0.44323265825044567.
/home/overxpowered/padhai_in_linux/Projects/AGNITIA-TERRA06/.venv/lib/python3.12/site-packages/lightgbm/sklearn.py:1106: LGBMDeprecationWarning: The argument 'eval_set' is deprecated, use 'eval_X' and 'eval_y' instead.
  eval_set = _validate_eval_set_Xy(eval_set=eval_set, eval_X=eval_X, eval_y=eval_y)
/home/overxpowered/padhai_in_linux/Projects/AGNITIA-TERRA06/.venv/lib/python3.12/site-packages/lightgbm/sklearn.py:1106: LGBMDeprecationWarning: The argument 'eval_set' is deprecated, use 'eval_X' and 'eval_y' instead.
  eval_set = _validate_eval_set_Xy(eval_set=eval_set, eval_X=eval_X, eval_y=eval_y)
/home/overxpowered/padhai_in_linux/Projects/AGNITIA-TERRA06/.venv/lib/python3.12/site-packages/lightgbm/sklearn.py:1106: LGBMDeprecationWarning: The argument 'eval_set' is deprecated, use 'eval_X' and 'eval_y' instead.
  eval_set = _validate_eval_set_Xy(eval_set=eval_set, eval_X=eval_X, eval_y=eval_y)
/home/overxpowered/padhai_in_linux/Projects/AGNITIA-TERRA06/.venv/lib/python3.12/site-packages/lightgbm/sklearn.py:1106: LGBMDeprecationWarning: The argument 'eval_set' is deprecated, use 'eval_X' and 'eval_y' instead.
  eval_set = _validate_eval_set_Xy(eval_set=eval_set, eval_X=eval_X, eval_y=eval_y)
/home/overxpowered/padhai_in_linux/Projects/AGNITIA-TERRA06/.venv/lib/python3.12/site-packages/lightgbm/sklearn.py:1106: LGBMDeprecationWarning: The argument 'eval_set' is deprecated, use 'eval_X' and 'eval_y' instead.
  eval_set = _validate_eval_set_Xy(eval_set=eval_set, eval_X=eval_X, eval_y=eval_y)
2026-10-09 06:48:24,327 INFO __main__: [solar Trial 47] pinball=0.44696 params={'num_leaves': 27, 'min_child_samples': 174, 'learning_rate': 0.0103, 'subsample': 0.8222, 'colsample_bytree': 0.8185, 'reg_lambda': 2.1233, 'reg_alpha': 4.8157}
[I 2026-10-09 06:48:24,327] Trial 47 finished with value: 0.4469556946306776 and parameters: {'num_leaves': 27, 'min_child_samples': 174, 'learning_rate': 0.010329586384215154, 'subsample': 0.822215542725706, 'colsample_bytree': 0.8185137450369511, 'reg_lambda': 2.1233451168339124, 'reg_alpha': 4.8157085520543035}. Best is trial 42 with value: 0.44323265825044567.
/home/overxpowered/padhai_in_linux/Projects/AGNITIA-TERRA06/.venv/lib/python3.12/site-packages/lightgbm/sklearn.py:1106: LGBMDeprecationWarning: The argument 'eval_set' is deprecated, use 'eval_X' and 'eval_y' instead.
  eval_set = _validate_eval_set_Xy(eval_set=eval_set, eval_X=eval_X, eval_y=eval_y)
/home/overxpowered/padhai_in_linux/Projects/AGNITIA-TERRA06/.venv/lib/python3.12/site-packages/lightgbm/sklearn.py:1106: LGBMDeprecationWarning: The argument 'eval_set' is deprecated, use 'eval_X' and 'eval_y' instead.
  eval_set = _validate_eval_set_Xy(eval_set=eval_set, eval_X=eval_X, eval_y=eval_y)
/home/overxpowered/padhai_in_linux/Projects/AGNITIA-TERRA06/.venv/lib/python3.12/site-packages/lightgbm/sklearn.py:1106: LGBMDeprecationWarning: The argument 'eval_set' is deprecated, use 'eval_X' and 'eval_y' instead.
  eval_set = _validate_eval_set_Xy(eval_set=eval_set, eval_X=eval_X, eval_y=eval_y)
/home/overxpowered/padhai_in_linux/Projects/AGNITIA-TERRA06/.venv/lib/python3.12/site-packages/lightgbm/sklearn.py:1106: LGBMDeprecationWarning: The argument 'eval_set' is deprecated, use 'eval_X' and 'eval_y' instead.
  eval_set = _validate_eval_set_Xy(eval_set=eval_set, eval_X=eval_X, eval_y=eval_y)
/home/overxpowered/padhai_in_linux/Projects/AGNITIA-TERRA06/.venv/lib/python3.12/site-packages/lightgbm/sklearn.py:1106: LGBMDeprecationWarning: The argument 'eval_set' is deprecated, use 'eval_X' and 'eval_y' instead.
  eval_set = _validate_eval_set_Xy(eval_set=eval_set, eval_X=eval_X, eval_y=eval_y)
2026-10-09 06:48:48,139 INFO __main__: [solar Trial 48] pinball=0.44350 params={'num_leaves': 16, 'min_child_samples': 188, 'learning_rate': 0.0148, 'subsample': 0.8232, 'colsample_bytree': 0.8969, 'reg_lambda': 3.1915, 'reg_alpha': 4.5898}
[I 2026-10-09 06:48:48,139] Trial 48 finished with value: 0.4434959272961224 and parameters: {'num_leaves': 16, 'min_child_samples': 188, 'learning_rate': 0.01481844640082938, 'subsample': 0.8232047421905715, 'colsample_bytree': 0.8969394207405565, 'reg_lambda': 3.1914622608121865, 'reg_alpha': 4.589814025907151}. Best is trial 42 with value: 0.44323265825044567.
/home/overxpowered/padhai_in_linux/Projects/AGNITIA-TERRA06/.venv/lib/python3.12/site-packages/lightgbm/sklearn.py:1106: LGBMDeprecationWarning: The argument 'eval_set' is deprecated, use 'eval_X' and 'eval_y' instead.
  eval_set = _validate_eval_set_Xy(eval_set=eval_set, eval_X=eval_X, eval_y=eval_y)
/home/overxpowered/padhai_in_linux/Projects/AGNITIA-TERRA06/.venv/lib/python3.12/site-packages/lightgbm/sklearn.py:1106: LGBMDeprecationWarning: The argument 'eval_set' is deprecated, use 'eval_X' and 'eval_y' instead.
  eval_set = _validate_eval_set_Xy(eval_set=eval_set, eval_X=eval_X, eval_y=eval_y)
/home/overxpowered/padhai_in_linux/Projects/AGNITIA-TERRA06/.venv/lib/python3.12/site-packages/lightgbm/sklearn.py:1106: LGBMDeprecationWarning: The argument 'eval_set' is deprecated, use 'eval_X' and 'eval_y' instead.
  eval_set = _validate_eval_set_Xy(eval_set=eval_set, eval_X=eval_X, eval_y=eval_y)
/home/overxpowered/padhai_in_linux/Projects/AGNITIA-TERRA06/.venv/lib/python3.12/site-packages/lightgbm/sklearn.py:1106: LGBMDeprecationWarning: The argument 'eval_set' is deprecated, use 'eval_X' and 'eval_y' instead.
  eval_set = _validate_eval_set_Xy(eval_set=eval_set, eval_X=eval_X, eval_y=eval_y)
/home/overxpowered/padhai_in_linux/Projects/AGNITIA-TERRA06/.venv/lib/python3.12/site-packages/lightgbm/sklearn.py:1106: LGBMDeprecationWarning: The argument 'eval_set' is deprecated, use 'eval_X' and 'eval_y' instead.
  eval_set = _validate_eval_set_Xy(eval_set=eval_set, eval_X=eval_X, eval_y=eval_y)
2026-10-09 06:49:12,244 INFO __main__: [solar Trial 49] pinball=0.44271 params={'num_leaves': 15, 'min_child_samples': 189, 'learning_rate': 0.0178, 'subsample': 0.8, 'colsample_bytree': 0.909, 'reg_lambda': 3.9124, 'reg_alpha': 4.4195}
[I 2026-10-09 06:49:12,244] Trial 49 finished with value: 0.4427120522931651 and parameters: {'num_leaves': 15, 'min_child_samples': 189, 'learning_rate': 0.01779962125992288, 'subsample': 0.7999511507085943, 'colsample_bytree': 0.9089960124457725, 'reg_lambda': 3.9124136166494563, 'reg_alpha': 4.419523421767436}. Best is trial 49 with value: 0.4427120522931651.
/home/overxpowered/padhai_in_linux/Projects/AGNITIA-TERRA06/.venv/lib/python3.12/site-packages/lightgbm/sklearn.py:1106: LGBMDeprecationWarning: The argument 'eval_set' is deprecated, use 'eval_X' and 'eval_y' instead.
  eval_set = _validate_eval_set_Xy(eval_set=eval_set, eval_X=eval_X, eval_y=eval_y)
/home/overxpowered/padhai_in_linux/Projects/AGNITIA-TERRA06/.venv/lib/python3.12/site-packages/lightgbm/sklearn.py:1106: LGBMDeprecationWarning: The argument 'eval_set' is deprecated, use 'eval_X' and 'eval_y' instead.
  eval_set = _validate_eval_set_Xy(eval_set=eval_set, eval_X=eval_X, eval_y=eval_y)
/home/overxpowered/padhai_in_linux/Projects/AGNITIA-TERRA06/.venv/lib/python3.12/site-packages/lightgbm/sklearn.py:1106: LGBMDeprecationWarning: The argument 'eval_set' is deprecated, use 'eval_X' and 'eval_y' instead.
  eval_set = _validate_eval_set_Xy(eval_set=eval_set, eval_X=eval_X, eval_y=eval_y)
/home/overxpowered/padhai_in_linux/Projects/AGNITIA-TERRA06/.venv/lib/python3.12/site-packages/lightgbm/sklearn.py:1106: LGBMDeprecationWarning: The argument 'eval_set' is deprecated, use 'eval_X' and 'eval_y' instead.
  eval_set = _validate_eval_set_Xy(eval_set=eval_set, eval_X=eval_X, eval_y=eval_y)
/home/overxpowered/padhai_in_linux/Projects/AGNITIA-TERRA06/.venv/lib/python3.12/site-packages/lightgbm/sklearn.py:1106: LGBMDeprecationWarning: The argument 'eval_set' is deprecated, use 'eval_X' and 'eval_y' instead.
  eval_set = _validate_eval_set_Xy(eval_set=eval_set, eval_X=eval_X, eval_y=eval_y)
2026-10-09 06:49:27,685 INFO __main__: [solar Trial 50] pinball=0.44277 params={'num_leaves': 15, 'min_child_samples': 160, 'learning_rate': 0.0229, 'subsample': 0.7698, 'colsample_bytree': 0.9047, 'reg_lambda': 1.8499, 'reg_alpha': 4.3048}
[I 2026-10-09 06:49:27,685] Trial 50 finished with value: 0.4427672858716024 and parameters: {'num_leaves': 15, 'min_child_samples': 160, 'learning_rate': 0.02291051923505454, 'subsample': 0.7698366938126929, 'colsample_bytree': 0.9047116256869305, 'reg_lambda': 1.8499069108888935, 'reg_alpha': 4.304809011429575}. Best is trial 49 with value: 0.4427120522931651.
/home/overxpowered/padhai_in_linux/Projects/AGNITIA-TERRA06/.venv/lib/python3.12/site-packages/lightgbm/sklearn.py:1106: LGBMDeprecationWarning: The argument 'eval_set' is deprecated, use 'eval_X' and 'eval_y' instead.
  eval_set = _validate_eval_set_Xy(eval_set=eval_set, eval_X=eval_X, eval_y=eval_y)
/home/overxpowered/padhai_in_linux/Projects/AGNITIA-TERRA06/.venv/lib/python3.12/site-packages/lightgbm/sklearn.py:1106: LGBMDeprecationWarning: The argument 'eval_set' is deprecated, use 'eval_X' and 'eval_y' instead.
  eval_set = _validate_eval_set_Xy(eval_set=eval_set, eval_X=eval_X, eval_y=eval_y)
/home/overxpowered/padhai_in_linux/Projects/AGNITIA-TERRA06/.venv/lib/python3.12/site-packages/lightgbm/sklearn.py:1106: LGBMDeprecationWarning: The argument 'eval_set' is deprecated, use 'eval_X' and 'eval_y' instead.
  eval_set = _validate_eval_set_Xy(eval_set=eval_set, eval_X=eval_X, eval_y=eval_y)
/home/overxpowered/padhai_in_linux/Projects/AGNITIA-TERRA06/.venv/lib/python3.12/site-packages/lightgbm/sklearn.py:1106: LGBMDeprecationWarning: The argument 'eval_set' is deprecated, use 'eval_X' and 'eval_y' instead.
  eval_set = _validate_eval_set_Xy(eval_set=eval_set, eval_X=eval_X, eval_y=eval_y)
/home/overxpowered/padhai_in_linux/Projects/AGNITIA-TERRA06/.venv/lib/python3.12/site-packages/lightgbm/sklearn.py:1106: LGBMDeprecationWarning: The argument 'eval_set' is deprecated, use 'eval_X' and 'eval_y' instead.
  eval_set = _validate_eval_set_Xy(eval_set=eval_set, eval_X=eval_X, eval_y=eval_y)
2026-10-09 06:49:54,542 INFO __main__: [solar Trial 51] pinball=0.44486 params={'num_leaves': 24, 'min_child_samples': 197, 'learning_rate': 0.015, 'subsample': 0.78, 'colsample_bytree': 0.8675, 'reg_lambda': 1.8085, 'reg_alpha': 4.5908}
[I 2026-10-09 06:49:54,542] Trial 51 finished with value: 0.44485837357732577 and parameters: {'num_leaves': 24, 'min_child_samples': 197, 'learning_rate': 0.014984869286669006, 'subsample': 0.7799518200579855, 'colsample_bytree': 0.8675007347943293, 'reg_lambda': 1.808523184313044, 'reg_alpha': 4.590779087820266}. Best is trial 49 with value: 0.4427120522931651.
/home/overxpowered/padhai_in_linux/Projects/AGNITIA-TERRA06/.venv/lib/python3.12/site-packages/lightgbm/sklearn.py:1106: LGBMDeprecationWarning: The argument 'eval_set' is deprecated, use 'eval_X' and 'eval_y' instead.
  eval_set = _validate_eval_set_Xy(eval_set=eval_set, eval_X=eval_X, eval_y=eval_y)
/home/overxpowered/padhai_in_linux/Projects/AGNITIA-TERRA06/.venv/lib/python3.12/site-packages/lightgbm/sklearn.py:1106: LGBMDeprecationWarning: The argument 'eval_set' is deprecated, use 'eval_X' and 'eval_y' instead.
  eval_set = _validate_eval_set_Xy(eval_set=eval_set, eval_X=eval_X, eval_y=eval_y)
/home/overxpowered/padhai_in_linux/Projects/AGNITIA-TERRA06/.venv/lib/python3.12/site-packages/lightgbm/sklearn.py:1106: LGBMDeprecationWarning: The argument 'eval_set' is deprecated, use 'eval_X' and 'eval_y' instead.
  eval_set = _validate_eval_set_Xy(eval_set=eval_set, eval_X=eval_X, eval_y=eval_y)
/home/overxpowered/padhai_in_linux/Projects/AGNITIA-TERRA06/.venv/lib/python3.12/site-packages/lightgbm/sklearn.py:1106: LGBMDeprecationWarning: The argument 'eval_set' is deprecated, use 'eval_X' and 'eval_y' instead.
  eval_set = _validate_eval_set_Xy(eval_set=eval_set, eval_X=eval_X, eval_y=eval_y)
/home/overxpowered/padhai_in_linux/Projects/AGNITIA-TERRA06/.venv/lib/python3.12/site-packages/lightgbm/sklearn.py:1106: LGBMDeprecationWarning: The argument 'eval_set' is deprecated, use 'eval_X' and 'eval_y' instead.
  eval_set = _validate_eval_set_Xy(eval_set=eval_set, eval_X=eval_X, eval_y=eval_y)
2026-10-09 06:50:22,768 INFO __main__: [solar Trial 52] pinball=0.44808 params={'num_leaves': 25, 'min_child_samples': 176, 'learning_rate': 0.013, 'subsample': 0.8071, 'colsample_bytree': 0.8529, 'reg_lambda': 3.5187, 'reg_alpha': 4.9038}
[I 2026-10-09 06:50:22,769] Trial 52 finished with value: 0.44808028504236164 and parameters: {'num_leaves': 25, 'min_child_samples': 176, 'learning_rate': 0.013007096083503537, 'subsample': 0.8071106237604252, 'colsample_bytree': 0.8529092077798699, 'reg_lambda': 3.5187006151419133, 'reg_alpha': 4.903759050987651}. Best is trial 49 with value: 0.4427120522931651.
/home/overxpowered/padhai_in_linux/Projects/AGNITIA-TERRA06/.venv/lib/python3.12/site-packages/lightgbm/sklearn.py:1106: LGBMDeprecationWarning: The argument 'eval_set' is deprecated, use 'eval_X' and 'eval_y' instead.
  eval_set = _validate_eval_set_Xy(eval_set=eval_set, eval_X=eval_X, eval_y=eval_y)
/home/overxpowered/padhai_in_linux/Projects/AGNITIA-TERRA06/.venv/lib/python3.12/site-packages/lightgbm/sklearn.py:1106: LGBMDeprecationWarning: The argument 'eval_set' is deprecated, use 'eval_X' and 'eval_y' instead.
  eval_set = _validate_eval_set_Xy(eval_set=eval_set, eval_X=eval_X, eval_y=eval_y)
/home/overxpowered/padhai_in_linux/Projects/AGNITIA-TERRA06/.venv/lib/python3.12/site-packages/lightgbm/sklearn.py:1106: LGBMDeprecationWarning: The argument 'eval_set' is deprecated, use 'eval_X' and 'eval_y' instead.
  eval_set = _validate_eval_set_Xy(eval_set=eval_set, eval_X=eval_X, eval_y=eval_y)
/home/overxpowered/padhai_in_linux/Projects/AGNITIA-TERRA06/.venv/lib/python3.12/site-packages/lightgbm/sklearn.py:1106: LGBMDeprecationWarning: The argument 'eval_set' is deprecated, use 'eval_X' and 'eval_y' instead.
  eval_set = _validate_eval_set_Xy(eval_set=eval_set, eval_X=eval_X, eval_y=eval_y)
/home/overxpowered/padhai_in_linux/Projects/AGNITIA-TERRA06/.venv/lib/python3.12/site-packages/lightgbm/sklearn.py:1106: LGBMDeprecationWarning: The argument 'eval_set' is deprecated, use 'eval_X' and 'eval_y' instead.
  eval_set = _validate_eval_set_Xy(eval_set=eval_set, eval_X=eval_X, eval_y=eval_y)
2026-10-09 06:50:44,625 INFO __main__: [solar Trial 53] pinball=0.44116 params={'num_leaves': 17, 'min_child_samples': 190, 'learning_rate': 0.0204, 'subsample': 0.7591, 'colsample_bytree': 0.9244, 'reg_lambda': 4.1362, 'reg_alpha': 4.5607}
[I 2026-10-09 06:50:44,625] Trial 53 finished with value: 0.4411638516936057 and parameters: {'num_leaves': 17, 'min_child_samples': 190, 'learning_rate': 0.02040282261855548, 'subsample': 0.7590821787869738, 'colsample_bytree': 0.9244392912497675, 'reg_lambda': 4.136249684995421, 'reg_alpha': 4.560684305041513}. Best is trial 53 with value: 0.4411638516936057.
/home/overxpowered/padhai_in_linux/Projects/AGNITIA-TERRA06/.venv/lib/python3.12/site-packages/lightgbm/sklearn.py:1106: LGBMDeprecationWarning: The argument 'eval_set' is deprecated, use 'eval_X' and 'eval_y' instead.
  eval_set = _validate_eval_set_Xy(eval_set=eval_set, eval_X=eval_X, eval_y=eval_y)
/home/overxpowered/padhai_in_linux/Projects/AGNITIA-TERRA06/.venv/lib/python3.12/site-packages/lightgbm/sklearn.py:1106: LGBMDeprecationWarning: The argument 'eval_set' is deprecated, use 'eval_X' and 'eval_y' instead.
  eval_set = _validate_eval_set_Xy(eval_set=eval_set, eval_X=eval_X, eval_y=eval_y)
/home/overxpowered/padhai_in_linux/Projects/AGNITIA-TERRA06/.venv/lib/python3.12/site-packages/lightgbm/sklearn.py:1106: LGBMDeprecationWarning: The argument 'eval_set' is deprecated, use 'eval_X' and 'eval_y' instead.
  eval_set = _validate_eval_set_Xy(eval_set=eval_set, eval_X=eval_X, eval_y=eval_y)
/home/overxpowered/padhai_in_linux/Projects/AGNITIA-TERRA06/.venv/lib/python3.12/site-packages/lightgbm/sklearn.py:1106: LGBMDeprecationWarning: The argument 'eval_set' is deprecated, use 'eval_X' and 'eval_y' instead.
  eval_set = _validate_eval_set_Xy(eval_set=eval_set, eval_X=eval_X, eval_y=eval_y)
/home/overxpowered/padhai_in_linux/Projects/AGNITIA-TERRA06/.venv/lib/python3.12/site-packages/lightgbm/sklearn.py:1106: LGBMDeprecationWarning: The argument 'eval_set' is deprecated, use 'eval_X' and 'eval_y' instead.
  eval_set = _validate_eval_set_Xy(eval_set=eval_set, eval_X=eval_X, eval_y=eval_y)
2026-10-09 06:51:11,203 INFO __main__: [solar Trial 54] pinball=0.44534 params={'num_leaves': 28, 'min_child_samples': 179, 'learning_rate': 0.0159, 'subsample': 0.7722, 'colsample_bytree': 0.9514, 'reg_lambda': 3.6557, 'reg_alpha': 4.7827}
[I 2026-10-09 06:51:11,203] Trial 54 finished with value: 0.44534479423898 and parameters: {'num_leaves': 28, 'min_child_samples': 179, 'learning_rate': 0.01585752263539707, 'subsample': 0.7721659543676928, 'colsample_bytree': 0.9514282483336292, 'reg_lambda': 3.655696409085061, 'reg_alpha': 4.782656166207046}. Best is trial 53 with value: 0.4411638516936057.
/home/overxpowered/padhai_in_linux/Projects/AGNITIA-TERRA06/.venv/lib/python3.12/site-packages/lightgbm/sklearn.py:1106: LGBMDeprecationWarning: The argument 'eval_set' is deprecated, use 'eval_X' and 'eval_y' instead.
  eval_set = _validate_eval_set_Xy(eval_set=eval_set, eval_X=eval_X, eval_y=eval_y)
/home/overxpowered/padhai_in_linux/Projects/AGNITIA-TERRA06/.venv/lib/python3.12/site-packages/lightgbm/sklearn.py:1106: LGBMDeprecationWarning: The argument 'eval_set' is deprecated, use 'eval_X' and 'eval_y' instead.
  eval_set = _validate_eval_set_Xy(eval_set=eval_set, eval_X=eval_X, eval_y=eval_y)
/home/overxpowered/padhai_in_linux/Projects/AGNITIA-TERRA06/.venv/lib/python3.12/site-packages/lightgbm/sklearn.py:1106: LGBMDeprecationWarning: The argument 'eval_set' is deprecated, use 'eval_X' and 'eval_y' instead.
  eval_set = _validate_eval_set_Xy(eval_set=eval_set, eval_X=eval_X, eval_y=eval_y)
/home/overxpowered/padhai_in_linux/Projects/AGNITIA-TERRA06/.venv/lib/python3.12/site-packages/lightgbm/sklearn.py:1106: LGBMDeprecationWarning: The argument 'eval_set' is deprecated, use 'eval_X' and 'eval_y' instead.
  eval_set = _validate_eval_set_Xy(eval_set=eval_set, eval_X=eval_X, eval_y=eval_y)
/home/overxpowered/padhai_in_linux/Projects/AGNITIA-TERRA06/.venv/lib/python3.12/site-packages/lightgbm/sklearn.py:1106: LGBMDeprecationWarning: The argument 'eval_set' is deprecated, use 'eval_X' and 'eval_y' instead.
  eval_set = _validate_eval_set_Xy(eval_set=eval_set, eval_X=eval_X, eval_y=eval_y)
2026-10-09 06:51:37,232 INFO __main__: [solar Trial 55] pinball=0.44422 params={'num_leaves': 21, 'min_child_samples': 174, 'learning_rate': 0.0175, 'subsample': 0.7914, 'colsample_bytree': 0.9058, 'reg_lambda': 4.4459, 'reg_alpha': 4.8112}
[I 2026-10-09 06:51:37,232] Trial 55 finished with value: 0.44422175679351233 and parameters: {'num_leaves': 21, 'min_child_samples': 174, 'learning_rate': 0.01753799501119335, 'subsample': 0.7913547818005675, 'colsample_bytree': 0.905814313934584, 'reg_lambda': 4.445906346093619, 'reg_alpha': 4.811225076578139}. Best is trial 53 with value: 0.4411638516936057.
/home/overxpowered/padhai_in_linux/Projects/AGNITIA-TERRA06/.venv/lib/python3.12/site-packages/lightgbm/sklearn.py:1106: LGBMDeprecationWarning: The argument 'eval_set' is deprecated, use 'eval_X' and 'eval_y' instead.
  eval_set = _validate_eval_set_Xy(eval_set=eval_set, eval_X=eval_X, eval_y=eval_y)
/home/overxpowered/padhai_in_linux/Projects/AGNITIA-TERRA06/.venv/lib/python3.12/site-packages/lightgbm/sklearn.py:1106: LGBMDeprecationWarning: The argument 'eval_set' is deprecated, use 'eval_X' and 'eval_y' instead.
  eval_set = _validate_eval_set_Xy(eval_set=eval_set, eval_X=eval_X, eval_y=eval_y)
/home/overxpowered/padhai_in_linux/Projects/AGNITIA-TERRA06/.venv/lib/python3.12/site-packages/lightgbm/sklearn.py:1106: LGBMDeprecationWarning: The argument 'eval_set' is deprecated, use 'eval_X' and 'eval_y' instead.
  eval_set = _validate_eval_set_Xy(eval_set=eval_set, eval_X=eval_X, eval_y=eval_y)
/home/overxpowered/padhai_in_linux/Projects/AGNITIA-TERRA06/.venv/lib/python3.12/site-packages/lightgbm/sklearn.py:1106: LGBMDeprecationWarning: The argument 'eval_set' is deprecated, use 'eval_X' and 'eval_y' instead.
  eval_set = _validate_eval_set_Xy(eval_set=eval_set, eval_X=eval_X, eval_y=eval_y)
/home/overxpowered/padhai_in_linux/Projects/AGNITIA-TERRA06/.venv/lib/python3.12/site-packages/lightgbm/sklearn.py:1106: LGBMDeprecationWarning: The argument 'eval_set' is deprecated, use 'eval_X' and 'eval_y' instead.
  eval_set = _validate_eval_set_Xy(eval_set=eval_set, eval_X=eval_X, eval_y=eval_y)
2026-10-09 06:52:08,506 INFO __main__: [solar Trial 56] pinball=0.44363 params={'num_leaves': 20, 'min_child_samples': 181, 'learning_rate': 0.0159, 'subsample': 0.7369, 'colsample_bytree': 0.9285, 'reg_lambda': 3.4001, 'reg_alpha': 4.3733}
[I 2026-10-09 06:52:08,506] Trial 56 finished with value: 0.44362965758693146 and parameters: {'num_leaves': 20, 'min_child_samples': 181, 'learning_rate': 0.0158886020552228, 'subsample': 0.7369415183882131, 'colsample_bytree': 0.9285324575314919, 'reg_lambda': 3.400112414147685, 'reg_alpha': 4.373256821020477}. Best is trial 53 with value: 0.4411638516936057.
/home/overxpowered/padhai_in_linux/Projects/AGNITIA-TERRA06/.venv/lib/python3.12/site-packages/lightgbm/sklearn.py:1106: LGBMDeprecationWarning: The argument 'eval_set' is deprecated, use 'eval_X' and 'eval_y' instead.
  eval_set = _validate_eval_set_Xy(eval_set=eval_set, eval_X=eval_X, eval_y=eval_y)
/home/overxpowered/padhai_in_linux/Projects/AGNITIA-TERRA06/.venv/lib/python3.12/site-packages/lightgbm/sklearn.py:1106: LGBMDeprecationWarning: The argument 'eval_set' is deprecated, use 'eval_X' and 'eval_y' instead.
  eval_set = _validate_eval_set_Xy(eval_set=eval_set, eval_X=eval_X, eval_y=eval_y)
/home/overxpowered/padhai_in_linux/Projects/AGNITIA-TERRA06/.venv/lib/python3.12/site-packages/lightgbm/sklearn.py:1106: LGBMDeprecationWarning: The argument 'eval_set' is deprecated, use 'eval_X' and 'eval_y' instead.
  eval_set = _validate_eval_set_Xy(eval_set=eval_set, eval_X=eval_X, eval_y=eval_y)
/home/overxpowered/padhai_in_linux/Projects/AGNITIA-TERRA06/.venv/lib/python3.12/site-packages/lightgbm/sklearn.py:1106: LGBMDeprecationWarning: The argument 'eval_set' is deprecated, use 'eval_X' and 'eval_y' instead.
  eval_set = _validate_eval_set_Xy(eval_set=eval_set, eval_X=eval_X, eval_y=eval_y)
/home/overxpowered/padhai_in_linux/Projects/AGNITIA-TERRA06/.venv/lib/python3.12/site-packages/lightgbm/sklearn.py:1106: LGBMDeprecationWarning: The argument 'eval_set' is deprecated, use 'eval_X' and 'eval_y' instead.
  eval_set = _validate_eval_set_Xy(eval_set=eval_set, eval_X=eval_X, eval_y=eval_y)
2026-10-09 06:52:30,651 INFO __main__: [solar Trial 57] pinball=0.44588 params={'num_leaves': 21, 'min_child_samples': 174, 'learning_rate': 0.0162, 'subsample': 0.8337, 'colsample_bytree': 0.8877, 'reg_lambda': 3.9289, 'reg_alpha': 4.5502}
[I 2026-10-09 06:52:30,651] Trial 57 finished with value: 0.44588154273090275 and parameters: {'num_leaves': 21, 'min_child_samples': 174, 'learning_rate': 0.016236418025372817, 'subsample': 0.8336708805560002, 'colsample_bytree': 0.8877116266604546, 'reg_lambda': 3.9288810529566507, 'reg_alpha': 4.550210140158146}. Best is trial 53 with value: 0.4411638516936057.
/home/overxpowered/padhai_in_linux/Projects/AGNITIA-TERRA06/.venv/lib/python3.12/site-packages/lightgbm/sklearn.py:1106: LGBMDeprecationWarning: The argument 'eval_set' is deprecated, use 'eval_X' and 'eval_y' instead.
  eval_set = _validate_eval_set_Xy(eval_set=eval_set, eval_X=eval_X, eval_y=eval_y)
/home/overxpowered/padhai_in_linux/Projects/AGNITIA-TERRA06/.venv/lib/python3.12/site-packages/lightgbm/sklearn.py:1106: LGBMDeprecationWarning: The argument 'eval_set' is deprecated, use 'eval_X' and 'eval_y' instead.
  eval_set = _validate_eval_set_Xy(eval_set=eval_set, eval_X=eval_X, eval_y=eval_y)
/home/overxpowered/padhai_in_linux/Projects/AGNITIA-TERRA06/.venv/lib/python3.12/site-packages/lightgbm/sklearn.py:1106: LGBMDeprecationWarning: The argument 'eval_set' is deprecated, use 'eval_X' and 'eval_y' instead.
  eval_set = _validate_eval_set_Xy(eval_set=eval_set, eval_X=eval_X, eval_y=eval_y)
/home/overxpowered/padhai_in_linux/Projects/AGNITIA-TERRA06/.venv/lib/python3.12/site-packages/lightgbm/sklearn.py:1106: LGBMDeprecationWarning: The argument 'eval_set' is deprecated, use 'eval_X' and 'eval_y' instead.
  eval_set = _validate_eval_set_Xy(eval_set=eval_set, eval_X=eval_X, eval_y=eval_y)
/home/overxpowered/padhai_in_linux/Projects/AGNITIA-TERRA06/.venv/lib/python3.12/site-packages/lightgbm/sklearn.py:1106: LGBMDeprecationWarning: The argument 'eval_set' is deprecated, use 'eval_X' and 'eval_y' instead.
  eval_set = _validate_eval_set_Xy(eval_set=eval_set, eval_X=eval_X, eval_y=eval_y)
2026-10-09 06:52:55,905 INFO __main__: [solar Trial 58] pinball=0.44532 params={'num_leaves': 26, 'min_child_samples': 181, 'learning_rate': 0.0178, 'subsample': 0.8269, 'colsample_bytree': 0.9434, 'reg_lambda': 3.8823, 'reg_alpha': 4.1106}
[I 2026-10-09 06:52:55,905] Trial 58 finished with value: 0.4453179169797815 and parameters: {'num_leaves': 26, 'min_child_samples': 181, 'learning_rate': 0.017784066429276997, 'subsample': 0.8269130104694569, 'colsample_bytree': 0.9434422976534174, 'reg_lambda': 3.882349485822341, 'reg_alpha': 4.1106148648766885}. Best is trial 53 with value: 0.4411638516936057.
/home/overxpowered/padhai_in_linux/Projects/AGNITIA-TERRA06/.venv/lib/python3.12/site-packages/lightgbm/sklearn.py:1106: LGBMDeprecationWarning: The argument 'eval_set' is deprecated, use 'eval_X' and 'eval_y' instead.
  eval_set = _validate_eval_set_Xy(eval_set=eval_set, eval_X=eval_X, eval_y=eval_y)
/home/overxpowered/padhai_in_linux/Projects/AGNITIA-TERRA06/.venv/lib/python3.12/site-packages/lightgbm/sklearn.py:1106: LGBMDeprecationWarning: The argument 'eval_set' is deprecated, use 'eval_X' and 'eval_y' instead.
  eval_set = _validate_eval_set_Xy(eval_set=eval_set, eval_X=eval_X, eval_y=eval_y)
/home/overxpowered/padhai_in_linux/Projects/AGNITIA-TERRA06/.venv/lib/python3.12/site-packages/lightgbm/sklearn.py:1106: LGBMDeprecationWarning: The argument 'eval_set' is deprecated, use 'eval_X' and 'eval_y' instead.
  eval_set = _validate_eval_set_Xy(eval_set=eval_set, eval_X=eval_X, eval_y=eval_y)
/home/overxpowered/padhai_in_linux/Projects/AGNITIA-TERRA06/.venv/lib/python3.12/site-packages/lightgbm/sklearn.py:1106: LGBMDeprecationWarning: The argument 'eval_set' is deprecated, use 'eval_X' and 'eval_y' instead.
  eval_set = _validate_eval_set_Xy(eval_set=eval_set, eval_X=eval_X, eval_y=eval_y)
/home/overxpowered/padhai_in_linux/Projects/AGNITIA-TERRA06/.venv/lib/python3.12/site-packages/lightgbm/sklearn.py:1106: LGBMDeprecationWarning: The argument 'eval_set' is deprecated, use 'eval_X' and 'eval_y' instead.
  eval_set = _validate_eval_set_Xy(eval_set=eval_set, eval_X=eval_X, eval_y=eval_y)
2026-10-09 06:53:24,293 INFO __main__: [solar Trial 59] pinball=0.44447 params={'num_leaves': 22, 'min_child_samples': 174, 'learning_rate': 0.0171, 'subsample': 0.7664, 'colsample_bytree': 0.9263, 'reg_lambda': 4.7352, 'reg_alpha': 4.3474}
[I 2026-10-09 06:53:24,294] Trial 59 finished with value: 0.4444722695251606 and parameters: {'num_leaves': 22, 'min_child_samples': 174, 'learning_rate': 0.01711209711320332, 'subsample': 0.7663686435897088, 'colsample_bytree': 0.9262689965611225, 'reg_lambda': 4.735161224305559, 'reg_alpha': 4.3474137180522625}. Best is trial 53 with value: 0.4411638516936057.
/home/overxpowered/padhai_in_linux/Projects/AGNITIA-TERRA06/.venv/lib/python3.12/site-packages/lightgbm/sklearn.py:1106: LGBMDeprecationWarning: The argument 'eval_set' is deprecated, use 'eval_X' and 'eval_y' instead.
  eval_set = _validate_eval_set_Xy(eval_set=eval_set, eval_X=eval_X, eval_y=eval_y)
/home/overxpowered/padhai_in_linux/Projects/AGNITIA-TERRA06/.venv/lib/python3.12/site-packages/lightgbm/sklearn.py:1106: LGBMDeprecationWarning: The argument 'eval_set' is deprecated, use 'eval_X' and 'eval_y' instead.
  eval_set = _validate_eval_set_Xy(eval_set=eval_set, eval_X=eval_X, eval_y=eval_y)
/home/overxpowered/padhai_in_linux/Projects/AGNITIA-TERRA06/.venv/lib/python3.12/site-packages/lightgbm/sklearn.py:1106: LGBMDeprecationWarning: The argument 'eval_set' is deprecated, use 'eval_X' and 'eval_y' instead.
  eval_set = _validate_eval_set_Xy(eval_set=eval_set, eval_X=eval_X, eval_y=eval_y)
/home/overxpowered/padhai_in_linux/Projects/AGNITIA-TERRA06/.venv/lib/python3.12/site-packages/lightgbm/sklearn.py:1106: LGBMDeprecationWarning: The argument 'eval_set' is deprecated, use 'eval_X' and 'eval_y' instead.
  eval_set = _validate_eval_set_Xy(eval_set=eval_set, eval_X=eval_X, eval_y=eval_y)
/home/overxpowered/padhai_in_linux/Projects/AGNITIA-TERRA06/.venv/lib/python3.12/site-packages/lightgbm/sklearn.py:1106: LGBMDeprecationWarning: The argument 'eval_set' is deprecated, use 'eval_X' and 'eval_y' instead.
  eval_set = _validate_eval_set_Xy(eval_set=eval_set, eval_X=eval_X, eval_y=eval_y)
2026-10-09 06:53:43,146 INFO __main__: [solar Trial 60] pinball=0.44726 params={'num_leaves': 31, 'min_child_samples': 181, 'learning_rate': 0.0207, 'subsample': 0.8001, 'colsample_bytree': 0.857, 'reg_lambda': 3.6393, 'reg_alpha': 4.7567}
[I 2026-10-09 06:53:43,146] Trial 60 finished with value: 0.44725808940637446 and parameters: {'num_leaves': 31, 'min_child_samples': 181, 'learning_rate': 0.02068281746032627, 'subsample': 0.8000987309459325, 'colsample_bytree': 0.8570052564728956, 'reg_lambda': 3.6393290083497685, 'reg_alpha': 4.756731230646424}. Best is trial 53 with value: 0.4411638516936057.
/home/overxpowered/padhai_in_linux/Projects/AGNITIA-TERRA06/.venv/lib/python3.12/site-packages/lightgbm/sklearn.py:1106: LGBMDeprecationWarning: The argument 'eval_set' is deprecated, use 'eval_X' and 'eval_y' instead.
  eval_set = _validate_eval_set_Xy(eval_set=eval_set, eval_X=eval_X, eval_y=eval_y)
/home/overxpowered/padhai_in_linux/Projects/AGNITIA-TERRA06/.venv/lib/python3.12/site-packages/lightgbm/sklearn.py:1106: LGBMDeprecationWarning: The argument 'eval_set' is deprecated, use 'eval_X' and 'eval_y' instead.
  eval_set = _validate_eval_set_Xy(eval_set=eval_set, eval_X=eval_X, eval_y=eval_y)
/home/overxpowered/padhai_in_linux/Projects/AGNITIA-TERRA06/.venv/lib/python3.12/site-packages/lightgbm/sklearn.py:1106: LGBMDeprecationWarning: The argument 'eval_set' is deprecated, use 'eval_X' and 'eval_y' instead.
  eval_set = _validate_eval_set_Xy(eval_set=eval_set, eval_X=eval_X, eval_y=eval_y)
/home/overxpowered/padhai_in_linux/Projects/AGNITIA-TERRA06/.venv/lib/python3.12/site-packages/lightgbm/sklearn.py:1106: LGBMDeprecationWarning: The argument 'eval_set' is deprecated, use 'eval_X' and 'eval_y' instead.
  eval_set = _validate_eval_set_Xy(eval_set=eval_set, eval_X=eval_X, eval_y=eval_y)
/home/overxpowered/padhai_in_linux/Projects/AGNITIA-TERRA06/.venv/lib/python3.12/site-packages/lightgbm/sklearn.py:1106: LGBMDeprecationWarning: The argument 'eval_set' is deprecated, use 'eval_X' and 'eval_y' instead.
  eval_set = _validate_eval_set_Xy(eval_set=eval_set, eval_X=eval_X, eval_y=eval_y)
2026-10-09 06:54:00,437 INFO __main__: [solar Trial 61] pinball=0.44207 params={'num_leaves': 17, 'min_child_samples': 190, 'learning_rate': 0.0263, 'subsample': 0.7527, 'colsample_bytree': 0.9066, 'reg_lambda': 4.171, 'reg_alpha': 4.3459}
[I 2026-10-09 06:54:00,438] Trial 61 finished with value: 0.4420683564799308 and parameters: {'num_leaves': 17, 'min_child_samples': 190, 'learning_rate': 0.026274366864392412, 'subsample': 0.7527496078873599, 'colsample_bytree': 0.9065572050470039, 'reg_lambda': 4.171004413906797, 'reg_alpha': 4.345934086605147}. Best is trial 53 with value: 0.4411638516936057.
/home/overxpowered/padhai_in_linux/Projects/AGNITIA-TERRA06/.venv/lib/python3.12/site-packages/lightgbm/sklearn.py:1106: LGBMDeprecationWarning: The argument 'eval_set' is deprecated, use 'eval_X' and 'eval_y' instead.
  eval_set = _validate_eval_set_Xy(eval_set=eval_set, eval_X=eval_X, eval_y=eval_y)
/home/overxpowered/padhai_in_linux/Projects/AGNITIA-TERRA06/.venv/lib/python3.12/site-packages/lightgbm/sklearn.py:1106: LGBMDeprecationWarning: The argument 'eval_set' is deprecated, use 'eval_X' and 'eval_y' instead.
  eval_set = _validate_eval_set_Xy(eval_set=eval_set, eval_X=eval_X, eval_y=eval_y)
/home/overxpowered/padhai_in_linux/Projects/AGNITIA-TERRA06/.venv/lib/python3.12/site-packages/lightgbm/sklearn.py:1106: LGBMDeprecationWarning: The argument 'eval_set' is deprecated, use 'eval_X' and 'eval_y' instead.
  eval_set = _validate_eval_set_Xy(eval_set=eval_set, eval_X=eval_X, eval_y=eval_y)
/home/overxpowered/padhai_in_linux/Projects/AGNITIA-TERRA06/.venv/lib/python3.12/site-packages/lightgbm/sklearn.py:1106: LGBMDeprecationWarning: The argument 'eval_set' is deprecated, use 'eval_X' and 'eval_y' instead.
  eval_set = _validate_eval_set_Xy(eval_set=eval_set, eval_X=eval_X, eval_y=eval_y)
/home/overxpowered/padhai_in_linux/Projects/AGNITIA-TERRA06/.venv/lib/python3.12/site-packages/lightgbm/sklearn.py:1106: LGBMDeprecationWarning: The argument 'eval_set' is deprecated, use 'eval_X' and 'eval_y' instead.
  eval_set = _validate_eval_set_Xy(eval_set=eval_set, eval_X=eval_X, eval_y=eval_y)
2026-10-09 06:54:23,415 INFO __main__: [solar Trial 62] pinball=0.44422 params={'num_leaves': 19, 'min_child_samples': 200, 'learning_rate': 0.018, 'subsample': 0.8032, 'colsample_bytree': 0.936, 'reg_lambda': 3.4956, 'reg_alpha': 4.8451}
[I 2026-10-09 06:54:23,415] Trial 62 finished with value: 0.4442173379824902 and parameters: {'num_leaves': 19, 'min_child_samples': 200, 'learning_rate': 0.01795870265482726, 'subsample': 0.8031832940995984, 'colsample_bytree': 0.9359669491294025, 'reg_lambda': 3.4955612034890806, 'reg_alpha': 4.845095289854122}. Best is trial 53 with value: 0.4411638516936057.
/home/overxpowered/padhai_in_linux/Projects/AGNITIA-TERRA06/.venv/lib/python3.12/site-packages/lightgbm/sklearn.py:1106: LGBMDeprecationWarning: The argument 'eval_set' is deprecated, use 'eval_X' and 'eval_y' instead.
  eval_set = _validate_eval_set_Xy(eval_set=eval_set, eval_X=eval_X, eval_y=eval_y)
/home/overxpowered/padhai_in_linux/Projects/AGNITIA-TERRA06/.venv/lib/python3.12/site-packages/lightgbm/sklearn.py:1106: LGBMDeprecationWarning: The argument 'eval_set' is deprecated, use 'eval_X' and 'eval_y' instead.
  eval_set = _validate_eval_set_Xy(eval_set=eval_set, eval_X=eval_X, eval_y=eval_y)
/home/overxpowered/padhai_in_linux/Projects/AGNITIA-TERRA06/.venv/lib/python3.12/site-packages/lightgbm/sklearn.py:1106: LGBMDeprecationWarning: The argument 'eval_set' is deprecated, use 'eval_X' and 'eval_y' instead.
  eval_set = _validate_eval_set_Xy(eval_set=eval_set, eval_X=eval_X, eval_y=eval_y)
/home/overxpowered/padhai_in_linux/Projects/AGNITIA-TERRA06/.venv/lib/python3.12/site-packages/lightgbm/sklearn.py:1106: LGBMDeprecationWarning: The argument 'eval_set' is deprecated, use 'eval_X' and 'eval_y' instead.
  eval_set = _validate_eval_set_Xy(eval_set=eval_set, eval_X=eval_X, eval_y=eval_y)
/home/overxpowered/padhai_in_linux/Projects/AGNITIA-TERRA06/.venv/lib/python3.12/site-packages/lightgbm/sklearn.py:1106: LGBMDeprecationWarning: The argument 'eval_set' is deprecated, use 'eval_X' and 'eval_y' instead.
  eval_set = _validate_eval_set_Xy(eval_set=eval_set, eval_X=eval_X, eval_y=eval_y)
2026-10-09 06:54:56,110 INFO __main__: [solar Trial 63] pinball=0.44317 params={'num_leaves': 17, 'min_child_samples': 192, 'learning_rate': 0.0134, 'subsample': 0.7871, 'colsample_bytree': 0.8721, 'reg_lambda': 3.1877, 'reg_alpha': 4.1565}
[I 2026-10-09 06:54:56,110] Trial 63 finished with value: 0.44316528520785453 and parameters: {'num_leaves': 17, 'min_child_samples': 192, 'learning_rate': 0.01344560761102242, 'subsample': 0.7871448317106532, 'colsample_bytree': 0.8721158300823251, 'reg_lambda': 3.187708170901469, 'reg_alpha': 4.15648400838943}. Best is trial 53 with value: 0.4411638516936057.
/home/overxpowered/padhai_in_linux/Projects/AGNITIA-TERRA06/.venv/lib/python3.12/site-packages/lightgbm/sklearn.py:1106: LGBMDeprecationWarning: The argument 'eval_set' is deprecated, use 'eval_X' and 'eval_y' instead.
  eval_set = _validate_eval_set_Xy(eval_set=eval_set, eval_X=eval_X, eval_y=eval_y)
/home/overxpowered/padhai_in_linux/Projects/AGNITIA-TERRA06/.venv/lib/python3.12/site-packages/lightgbm/sklearn.py:1106: LGBMDeprecationWarning: The argument 'eval_set' is deprecated, use 'eval_X' and 'eval_y' instead.
  eval_set = _validate_eval_set_Xy(eval_set=eval_set, eval_X=eval_X, eval_y=eval_y)
/home/overxpowered/padhai_in_linux/Projects/AGNITIA-TERRA06/.venv/lib/python3.12/site-packages/lightgbm/sklearn.py:1106: LGBMDeprecationWarning: The argument 'eval_set' is deprecated, use 'eval_X' and 'eval_y' instead.
  eval_set = _validate_eval_set_Xy(eval_set=eval_set, eval_X=eval_X, eval_y=eval_y)
/home/overxpowered/padhai_in_linux/Projects/AGNITIA-TERRA06/.venv/lib/python3.12/site-packages/lightgbm/sklearn.py:1106: LGBMDeprecationWarning: The argument 'eval_set' is deprecated, use 'eval_X' and 'eval_y' instead.
  eval_set = _validate_eval_set_Xy(eval_set=eval_set, eval_X=eval_X, eval_y=eval_y)
/home/overxpowered/padhai_in_linux/Projects/AGNITIA-TERRA06/.venv/lib/python3.12/site-packages/lightgbm/sklearn.py:1106: LGBMDeprecationWarning: The argument 'eval_set' is deprecated, use 'eval_X' and 'eval_y' instead.
  eval_set = _validate_eval_set_Xy(eval_set=eval_set, eval_X=eval_X, eval_y=eval_y)
2026-10-09 06:55:19,617 INFO __main__: [solar Trial 64] pinball=0.44263 params={'num_leaves': 17, 'min_child_samples': 189, 'learning_rate': 0.023, 'subsample': 0.7396, 'colsample_bytree': 0.9371, 'reg_lambda': 3.6384, 'reg_alpha': 4.5509}
[I 2026-10-09 06:55:19,618] Trial 64 finished with value: 0.44263042950158427 and parameters: {'num_leaves': 17, 'min_child_samples': 189, 'learning_rate': 0.023001901034966916, 'subsample': 0.7396222665448543, 'colsample_bytree': 0.937113441671582, 'reg_lambda': 3.638371373928091, 'reg_alpha': 4.55089478095449}. Best is trial 53 with value: 0.4411638516936057.
/home/overxpowered/padhai_in_linux/Projects/AGNITIA-TERRA06/.venv/lib/python3.12/site-packages/lightgbm/sklearn.py:1106: LGBMDeprecationWarning: The argument 'eval_set' is deprecated, use 'eval_X' and 'eval_y' instead.
  eval_set = _validate_eval_set_Xy(eval_set=eval_set, eval_X=eval_X, eval_y=eval_y)
/home/overxpowered/padhai_in_linux/Projects/AGNITIA-TERRA06/.venv/lib/python3.12/site-packages/lightgbm/sklearn.py:1106: LGBMDeprecationWarning: The argument 'eval_set' is deprecated, use 'eval_X' and 'eval_y' instead.
  eval_set = _validate_eval_set_Xy(eval_set=eval_set, eval_X=eval_X, eval_y=eval_y)
/home/overxpowered/padhai_in_linux/Projects/AGNITIA-TERRA06/.venv/lib/python3.12/site-packages/lightgbm/sklearn.py:1106: LGBMDeprecationWarning: The argument 'eval_set' is deprecated, use 'eval_X' and 'eval_y' instead.
  eval_set = _validate_eval_set_Xy(eval_set=eval_set, eval_X=eval_X, eval_y=eval_y)
/home/overxpowered/padhai_in_linux/Projects/AGNITIA-TERRA06/.venv/lib/python3.12/site-packages/lightgbm/sklearn.py:1106: LGBMDeprecationWarning: The argument 'eval_set' is deprecated, use 'eval_X' and 'eval_y' instead.
  eval_set = _validate_eval_set_Xy(eval_set=eval_set, eval_X=eval_X, eval_y=eval_y)
/home/overxpowered/padhai_in_linux/Projects/AGNITIA-TERRA06/.venv/lib/python3.12/site-packages/lightgbm/sklearn.py:1106: LGBMDeprecationWarning: The argument 'eval_set' is deprecated, use 'eval_X' and 'eval_y' instead.
  eval_set = _validate_eval_set_Xy(eval_set=eval_set, eval_X=eval_X, eval_y=eval_y)
2026-10-09 06:55:39,029 INFO __main__: [solar Trial 65] pinball=0.44295 params={'num_leaves': 18, 'min_child_samples': 178, 'learning_rate': 0.0211, 'subsample': 0.7509, 'colsample_bytree': 0.9374, 'reg_lambda': 3.775, 'reg_alpha': 3.9354}
[I 2026-10-09 06:55:39,029] Trial 65 finished with value: 0.44294565711201656 and parameters: {'num_leaves': 18, 'min_child_samples': 178, 'learning_rate': 0.021071896884796305, 'subsample': 0.750851803154338, 'colsample_bytree': 0.9374197031784711, 'reg_lambda': 3.7749631071339937, 'reg_alpha': 3.935408300755661}. Best is trial 53 with value: 0.4411638516936057.
/home/overxpowered/padhai_in_linux/Projects/AGNITIA-TERRA06/.venv/lib/python3.12/site-packages/lightgbm/sklearn.py:1106: LGBMDeprecationWarning: The argument 'eval_set' is deprecated, use 'eval_X' and 'eval_y' instead.
  eval_set = _validate_eval_set_Xy(eval_set=eval_set, eval_X=eval_X, eval_y=eval_y)
/home/overxpowered/padhai_in_linux/Projects/AGNITIA-TERRA06/.venv/lib/python3.12/site-packages/lightgbm/sklearn.py:1106: LGBMDeprecationWarning: The argument 'eval_set' is deprecated, use 'eval_X' and 'eval_y' instead.
  eval_set = _validate_eval_set_Xy(eval_set=eval_set, eval_X=eval_X, eval_y=eval_y)
/home/overxpowered/padhai_in_linux/Projects/AGNITIA-TERRA06/.venv/lib/python3.12/site-packages/lightgbm/sklearn.py:1106: LGBMDeprecationWarning: The argument 'eval_set' is deprecated, use 'eval_X' and 'eval_y' instead.
  eval_set = _validate_eval_set_Xy(eval_set=eval_set, eval_X=eval_X, eval_y=eval_y)
/home/overxpowered/padhai_in_linux/Projects/AGNITIA-TERRA06/.venv/lib/python3.12/site-packages/lightgbm/sklearn.py:1106: LGBMDeprecationWarning: The argument 'eval_set' is deprecated, use 'eval_X' and 'eval_y' instead.
  eval_set = _validate_eval_set_Xy(eval_set=eval_set, eval_X=eval_X, eval_y=eval_y)
/home/overxpowered/padhai_in_linux/Projects/AGNITIA-TERRA06/.venv/lib/python3.12/site-packages/lightgbm/sklearn.py:1106: LGBMDeprecationWarning: The argument 'eval_set' is deprecated, use 'eval_X' and 'eval_y' instead.
  eval_set = _validate_eval_set_Xy(eval_set=eval_set, eval_X=eval_X, eval_y=eval_y)
2026-10-09 06:56:00,865 INFO __main__: [solar Trial 66] pinball=0.44480 params={'num_leaves': 24, 'min_child_samples': 181, 'learning_rate': 0.0213, 'subsample': 0.7204, 'colsample_bytree': 0.8968, 'reg_lambda': 4.5684, 'reg_alpha': 4.1382}
[I 2026-10-09 06:56:00,865] Trial 66 finished with value: 0.4448009092308536 and parameters: {'num_leaves': 24, 'min_child_samples': 181, 'learning_rate': 0.021348963740466135, 'subsample': 0.7204205438826919, 'colsample_bytree': 0.8968105379265251, 'reg_lambda': 4.568448779342339, 'reg_alpha': 4.138216830030569}. Best is trial 53 with value: 0.4411638516936057.
/home/overxpowered/padhai_in_linux/Projects/AGNITIA-TERRA06/.venv/lib/python3.12/site-packages/lightgbm/sklearn.py:1106: LGBMDeprecationWarning: The argument 'eval_set' is deprecated, use 'eval_X' and 'eval_y' instead.
  eval_set = _validate_eval_set_Xy(eval_set=eval_set, eval_X=eval_X, eval_y=eval_y)
/home/overxpowered/padhai_in_linux/Projects/AGNITIA-TERRA06/.venv/lib/python3.12/site-packages/lightgbm/sklearn.py:1106: LGBMDeprecationWarning: The argument 'eval_set' is deprecated, use 'eval_X' and 'eval_y' instead.
  eval_set = _validate_eval_set_Xy(eval_set=eval_set, eval_X=eval_X, eval_y=eval_y)
/home/overxpowered/padhai_in_linux/Projects/AGNITIA-TERRA06/.venv/lib/python3.12/site-packages/lightgbm/sklearn.py:1106: LGBMDeprecationWarning: The argument 'eval_set' is deprecated, use 'eval_X' and 'eval_y' instead.
  eval_set = _validate_eval_set_Xy(eval_set=eval_set, eval_X=eval_X, eval_y=eval_y)
/home/overxpowered/padhai_in_linux/Projects/AGNITIA-TERRA06/.venv/lib/python3.12/site-packages/lightgbm/sklearn.py:1106: LGBMDeprecationWarning: The argument 'eval_set' is deprecated, use 'eval_X' and 'eval_y' instead.
  eval_set = _validate_eval_set_Xy(eval_set=eval_set, eval_X=eval_X, eval_y=eval_y)
/home/overxpowered/padhai_in_linux/Projects/AGNITIA-TERRA06/.venv/lib/python3.12/site-packages/lightgbm/sklearn.py:1106: LGBMDeprecationWarning: The argument 'eval_set' is deprecated, use 'eval_X' and 'eval_y' instead.
  eval_set = _validate_eval_set_Xy(eval_set=eval_set, eval_X=eval_X, eval_y=eval_y)
2026-10-09 06:56:20,500 INFO __main__: [solar Trial 67] pinball=0.44415 params={'num_leaves': 22, 'min_child_samples': 174, 'learning_rate': 0.0219, 'subsample': 0.7441, 'colsample_bytree': 0.9219, 'reg_lambda': 3.2389, 'reg_alpha': 4.6062}
[I 2026-10-09 06:56:20,500] Trial 67 finished with value: 0.44414660136125816 and parameters: {'num_leaves': 22, 'min_child_samples': 174, 'learning_rate': 0.02187571120063944, 'subsample': 0.7440852914003983, 'colsample_bytree': 0.9218841838461797, 'reg_lambda': 3.238931087753638, 'reg_alpha': 4.6062322766060815}. Best is trial 53 with value: 0.4411638516936057.
/home/overxpowered/padhai_in_linux/Projects/AGNITIA-TERRA06/.venv/lib/python3.12/site-packages/lightgbm/sklearn.py:1106: LGBMDeprecationWarning: The argument 'eval_set' is deprecated, use 'eval_X' and 'eval_y' instead.
  eval_set = _validate_eval_set_Xy(eval_set=eval_set, eval_X=eval_X, eval_y=eval_y)
/home/overxpowered/padhai_in_linux/Projects/AGNITIA-TERRA06/.venv/lib/python3.12/site-packages/lightgbm/sklearn.py:1106: LGBMDeprecationWarning: The argument 'eval_set' is deprecated, use 'eval_X' and 'eval_y' instead.
  eval_set = _validate_eval_set_Xy(eval_set=eval_set, eval_X=eval_X, eval_y=eval_y)
/home/overxpowered/padhai_in_linux/Projects/AGNITIA-TERRA06/.venv/lib/python3.12/site-packages/lightgbm/sklearn.py:1106: LGBMDeprecationWarning: The argument 'eval_set' is deprecated, use 'eval_X' and 'eval_y' instead.
  eval_set = _validate_eval_set_Xy(eval_set=eval_set, eval_X=eval_X, eval_y=eval_y)
/home/overxpowered/padhai_in_linux/Projects/AGNITIA-TERRA06/.venv/lib/python3.12/site-packages/lightgbm/sklearn.py:1106: LGBMDeprecationWarning: The argument 'eval_set' is deprecated, use 'eval_X' and 'eval_y' instead.
  eval_set = _validate_eval_set_Xy(eval_set=eval_set, eval_X=eval_X, eval_y=eval_y)
/home/overxpowered/padhai_in_linux/Projects/AGNITIA-TERRA06/.venv/lib/python3.12/site-packages/lightgbm/sklearn.py:1106: LGBMDeprecationWarning: The argument 'eval_set' is deprecated, use 'eval_X' and 'eval_y' instead.
  eval_set = _validate_eval_set_Xy(eval_set=eval_set, eval_X=eval_X, eval_y=eval_y)
2026-10-09 06:56:36,064 INFO __main__: [solar Trial 68] pinball=0.44221 params={'num_leaves': 21, 'min_child_samples': 193, 'learning_rate': 0.0274, 'subsample': 0.7333, 'colsample_bytree': 0.9651, 'reg_lambda': 3.7744, 'reg_alpha': 4.7585}
[I 2026-10-09 06:56:36,064] Trial 68 finished with value: 0.44220615043193534 and parameters: {'num_leaves': 21, 'min_child_samples': 193, 'learning_rate': 0.027423706429423343, 'subsample': 0.7332568504634598, 'colsample_bytree': 0.9651481518369196, 'reg_lambda': 3.7744096387245136, 'reg_alpha': 4.7585140186126385}. Best is trial 53 with value: 0.4411638516936057.
/home/overxpowered/padhai_in_linux/Projects/AGNITIA-TERRA06/.venv/lib/python3.12/site-packages/lightgbm/sklearn.py:1106: LGBMDeprecationWarning: The argument 'eval_set' is deprecated, use 'eval_X' and 'eval_y' instead.
  eval_set = _validate_eval_set_Xy(eval_set=eval_set, eval_X=eval_X, eval_y=eval_y)
/home/overxpowered/padhai_in_linux/Projects/AGNITIA-TERRA06/.venv/lib/python3.12/site-packages/lightgbm/sklearn.py:1106: LGBMDeprecationWarning: The argument 'eval_set' is deprecated, use 'eval_X' and 'eval_y' instead.
  eval_set = _validate_eval_set_Xy(eval_set=eval_set, eval_X=eval_X, eval_y=eval_y)
/home/overxpowered/padhai_in_linux/Projects/AGNITIA-TERRA06/.venv/lib/python3.12/site-packages/lightgbm/sklearn.py:1106: LGBMDeprecationWarning: The argument 'eval_set' is deprecated, use 'eval_X' and 'eval_y' instead.
  eval_set = _validate_eval_set_Xy(eval_set=eval_set, eval_X=eval_X, eval_y=eval_y)
/home/overxpowered/padhai_in_linux/Projects/AGNITIA-TERRA06/.venv/lib/python3.12/site-packages/lightgbm/sklearn.py:1106: LGBMDeprecationWarning: The argument 'eval_set' is deprecated, use 'eval_X' and 'eval_y' instead.
  eval_set = _validate_eval_set_Xy(eval_set=eval_set, eval_X=eval_X, eval_y=eval_y)
/home/overxpowered/padhai_in_linux/Projects/AGNITIA-TERRA06/.venv/lib/python3.12/site-packages/lightgbm/sklearn.py:1106: LGBMDeprecationWarning: The argument 'eval_set' is deprecated, use 'eval_X' and 'eval_y' instead.
  eval_set = _validate_eval_set_Xy(eval_set=eval_set, eval_X=eval_X, eval_y=eval_y)
2026-10-09 06:56:57,490 INFO __main__: [solar Trial 69] pinball=0.44200 params={'num_leaves': 17, 'min_child_samples': 196, 'learning_rate': 0.0231, 'subsample': 0.7063, 'colsample_bytree': 0.9774, 'reg_lambda': 4.3669, 'reg_alpha': 4.0957}
[I 2026-10-09 06:56:57,490] Trial 69 finished with value: 0.44200354990255664 and parameters: {'num_leaves': 17, 'min_child_samples': 196, 'learning_rate': 0.02308131580975957, 'subsample': 0.7062520500128804, 'colsample_bytree': 0.9774017492744069, 'reg_lambda': 4.366900385640089, 'reg_alpha': 4.095739156863994}. Best is trial 53 with value: 0.4411638516936057.
/home/overxpowered/padhai_in_linux/Projects/AGNITIA-TERRA06/.venv/lib/python3.12/site-packages/lightgbm/sklearn.py:1106: LGBMDeprecationWarning: The argument 'eval_set' is deprecated, use 'eval_X' and 'eval_y' instead.
  eval_set = _validate_eval_set_Xy(eval_set=eval_set, eval_X=eval_X, eval_y=eval_y)
/home/overxpowered/padhai_in_linux/Projects/AGNITIA-TERRA06/.venv/lib/python3.12/site-packages/lightgbm/sklearn.py:1106: LGBMDeprecationWarning: The argument 'eval_set' is deprecated, use 'eval_X' and 'eval_y' instead.
  eval_set = _validate_eval_set_Xy(eval_set=eval_set, eval_X=eval_X, eval_y=eval_y)
/home/overxpowered/padhai_in_linux/Projects/AGNITIA-TERRA06/.venv/lib/python3.12/site-packages/lightgbm/sklearn.py:1106: LGBMDeprecationWarning: The argument 'eval_set' is deprecated, use 'eval_X' and 'eval_y' instead.
  eval_set = _validate_eval_set_Xy(eval_set=eval_set, eval_X=eval_X, eval_y=eval_y)
/home/overxpowered/padhai_in_linux/Projects/AGNITIA-TERRA06/.venv/lib/python3.12/site-packages/lightgbm/sklearn.py:1106: LGBMDeprecationWarning: The argument 'eval_set' is deprecated, use 'eval_X' and 'eval_y' instead.
  eval_set = _validate_eval_set_Xy(eval_set=eval_set, eval_X=eval_X, eval_y=eval_y)
/home/overxpowered/padhai_in_linux/Projects/AGNITIA-TERRA06/.venv/lib/python3.12/site-packages/lightgbm/sklearn.py:1106: LGBMDeprecationWarning: The argument 'eval_set' is deprecated, use 'eval_X' and 'eval_y' instead.
  eval_set = _validate_eval_set_Xy(eval_set=eval_set, eval_X=eval_X, eval_y=eval_y)
2026-10-09 06:57:20,515 INFO __main__: [solar Trial 70] pinball=0.44309 params={'num_leaves': 23, 'min_child_samples': 191, 'learning_rate': 0.0218, 'subsample': 0.7403, 'colsample_bytree': 0.914, 'reg_lambda': 3.0543, 'reg_alpha': 4.4119}
[I 2026-10-09 06:57:20,516] Trial 70 finished with value: 0.44308769939922515 and parameters: {'num_leaves': 23, 'min_child_samples': 191, 'learning_rate': 0.021843486384914113, 'subsample': 0.740329476340964, 'colsample_bytree': 0.9140405449594106, 'reg_lambda': 3.054302236425746, 'reg_alpha': 4.411850865368524}. Best is trial 53 with value: 0.4411638516936057.
/home/overxpowered/padhai_in_linux/Projects/AGNITIA-TERRA06/.venv/lib/python3.12/site-packages/lightgbm/sklearn.py:1106: LGBMDeprecationWarning: The argument 'eval_set' is deprecated, use 'eval_X' and 'eval_y' instead.
  eval_set = _validate_eval_set_Xy(eval_set=eval_set, eval_X=eval_X, eval_y=eval_y)
/home/overxpowered/padhai_in_linux/Projects/AGNITIA-TERRA06/.venv/lib/python3.12/site-packages/lightgbm/sklearn.py:1106: LGBMDeprecationWarning: The argument 'eval_set' is deprecated, use 'eval_X' and 'eval_y' instead.
  eval_set = _validate_eval_set_Xy(eval_set=eval_set, eval_X=eval_X, eval_y=eval_y)
/home/overxpowered/padhai_in_linux/Projects/AGNITIA-TERRA06/.venv/lib/python3.12/site-packages/lightgbm/sklearn.py:1106: LGBMDeprecationWarning: The argument 'eval_set' is deprecated, use 'eval_X' and 'eval_y' instead.
  eval_set = _validate_eval_set_Xy(eval_set=eval_set, eval_X=eval_X, eval_y=eval_y)
/home/overxpowered/padhai_in_linux/Projects/AGNITIA-TERRA06/.venv/lib/python3.12/site-packages/lightgbm/sklearn.py:1106: LGBMDeprecationWarning: The argument 'eval_set' is deprecated, use 'eval_X' and 'eval_y' instead.
  eval_set = _validate_eval_set_Xy(eval_set=eval_set, eval_X=eval_X, eval_y=eval_y)
/home/overxpowered/padhai_in_linux/Projects/AGNITIA-TERRA06/.venv/lib/python3.12/site-packages/lightgbm/sklearn.py:1106: LGBMDeprecationWarning: The argument 'eval_set' is deprecated, use 'eval_X' and 'eval_y' instead.
  eval_set = _validate_eval_set_Xy(eval_set=eval_set, eval_X=eval_X, eval_y=eval_y)
2026-10-09 06:57:39,076 INFO __main__: [solar Trial 71] pinball=0.44212 params={'num_leaves': 22, 'min_child_samples': 191, 'learning_rate': 0.0259, 'subsample': 0.7585, 'colsample_bytree': 0.9819, 'reg_lambda': 4.2912, 'reg_alpha': 4.5}
[I 2026-10-09 06:57:39,077] Trial 71 finished with value: 0.44211772850499365 and parameters: {'num_leaves': 22, 'min_child_samples': 191, 'learning_rate': 0.025883793623637484, 'subsample': 0.7584700816429341, 'colsample_bytree': 0.9819156069882555, 'reg_lambda': 4.291171959811618, 'reg_alpha': 4.500034827826569}. Best is trial 53 with value: 0.4411638516936057.
/home/overxpowered/padhai_in_linux/Projects/AGNITIA-TERRA06/.venv/lib/python3.12/site-packages/lightgbm/sklearn.py:1106: LGBMDeprecationWarning: The argument 'eval_set' is deprecated, use 'eval_X' and 'eval_y' instead.
  eval_set = _validate_eval_set_Xy(eval_set=eval_set, eval_X=eval_X, eval_y=eval_y)
/home/overxpowered/padhai_in_linux/Projects/AGNITIA-TERRA06/.venv/lib/python3.12/site-packages/lightgbm/sklearn.py:1106: LGBMDeprecationWarning: The argument 'eval_set' is deprecated, use 'eval_X' and 'eval_y' instead.
  eval_set = _validate_eval_set_Xy(eval_set=eval_set, eval_X=eval_X, eval_y=eval_y)
/home/overxpowered/padhai_in_linux/Projects/AGNITIA-TERRA06/.venv/lib/python3.12/site-packages/lightgbm/sklearn.py:1106: LGBMDeprecationWarning: The argument 'eval_set' is deprecated, use 'eval_X' and 'eval_y' instead.
  eval_set = _validate_eval_set_Xy(eval_set=eval_set, eval_X=eval_X, eval_y=eval_y)
/home/overxpowered/padhai_in_linux/Projects/AGNITIA-TERRA06/.venv/lib/python3.12/site-packages/lightgbm/sklearn.py:1106: LGBMDeprecationWarning: The argument 'eval_set' is deprecated, use 'eval_X' and 'eval_y' instead.
  eval_set = _validate_eval_set_Xy(eval_set=eval_set, eval_X=eval_X, eval_y=eval_y)
/home/overxpowered/padhai_in_linux/Projects/AGNITIA-TERRA06/.venv/lib/python3.12/site-packages/lightgbm/sklearn.py:1106: LGBMDeprecationWarning: The argument 'eval_set' is deprecated, use 'eval_X' and 'eval_y' instead.
  eval_set = _validate_eval_set_Xy(eval_set=eval_set, eval_X=eval_X, eval_y=eval_y)
2026-10-09 06:57:51,981 INFO __main__: [solar Trial 72] pinball=0.44481 params={'num_leaves': 20, 'min_child_samples': 183, 'learning_rate': 0.0316, 'subsample': 0.7488, 'colsample_bytree': 0.9747, 'reg_lambda': 3.7017, 'reg_alpha': 4.6663}
[I 2026-10-09 06:57:51,981] Trial 72 finished with value: 0.4448084133153383 and parameters: {'num_leaves': 20, 'min_child_samples': 183, 'learning_rate': 0.03162244651498924, 'subsample': 0.7487843524441905, 'colsample_bytree': 0.9746625501873108, 'reg_lambda': 3.7016943569221112, 'reg_alpha': 4.666295026806603}. Best is trial 53 with value: 0.4411638516936057.
/home/overxpowered/padhai_in_linux/Projects/AGNITIA-TERRA06/.venv/lib/python3.12/site-packages/lightgbm/sklearn.py:1106: LGBMDeprecationWarning: The argument 'eval_set' is deprecated, use 'eval_X' and 'eval_y' instead.
  eval_set = _validate_eval_set_Xy(eval_set=eval_set, eval_X=eval_X, eval_y=eval_y)
/home/overxpowered/padhai_in_linux/Projects/AGNITIA-TERRA06/.venv/lib/python3.12/site-packages/lightgbm/sklearn.py:1106: LGBMDeprecationWarning: The argument 'eval_set' is deprecated, use 'eval_X' and 'eval_y' instead.
  eval_set = _validate_eval_set_Xy(eval_set=eval_set, eval_X=eval_X, eval_y=eval_y)
/home/overxpowered/padhai_in_linux/Projects/AGNITIA-TERRA06/.venv/lib/python3.12/site-packages/lightgbm/sklearn.py:1106: LGBMDeprecationWarning: The argument 'eval_set' is deprecated, use 'eval_X' and 'eval_y' instead.
  eval_set = _validate_eval_set_Xy(eval_set=eval_set, eval_X=eval_X, eval_y=eval_y)
/home/overxpowered/padhai_in_linux/Projects/AGNITIA-TERRA06/.venv/lib/python3.12/site-packages/lightgbm/sklearn.py:1106: LGBMDeprecationWarning: The argument 'eval_set' is deprecated, use 'eval_X' and 'eval_y' instead.
  eval_set = _validate_eval_set_Xy(eval_set=eval_set, eval_X=eval_X, eval_y=eval_y)
/home/overxpowered/padhai_in_linux/Projects/AGNITIA-TERRA06/.venv/lib/python3.12/site-packages/lightgbm/sklearn.py:1106: LGBMDeprecationWarning: The argument 'eval_set' is deprecated, use 'eval_X' and 'eval_y' instead.
  eval_set = _validate_eval_set_Xy(eval_set=eval_set, eval_X=eval_X, eval_y=eval_y)
2026-10-09 06:58:12,140 INFO __main__: [solar Trial 73] pinball=0.44293 params={'num_leaves': 17, 'min_child_samples': 186, 'learning_rate': 0.0243, 'subsample': 0.6889, 'colsample_bytree': 0.9665, 'reg_lambda': 4.8009, 'reg_alpha': 3.867}
[I 2026-10-09 06:58:12,141] Trial 73 finished with value: 0.44292536014730777 and parameters: {'num_leaves': 17, 'min_child_samples': 186, 'learning_rate': 0.024279580703654914, 'subsample': 0.688915809113339, 'colsample_bytree': 0.9664923879024164, 'reg_lambda': 4.800918369632961, 'reg_alpha': 3.8669765735261907}. Best is trial 53 with value: 0.4411638516936057.
/home/overxpowered/padhai_in_linux/Projects/AGNITIA-TERRA06/.venv/lib/python3.12/site-packages/lightgbm/sklearn.py:1106: LGBMDeprecationWarning: The argument 'eval_set' is deprecated, use 'eval_X' and 'eval_y' instead.
  eval_set = _validate_eval_set_Xy(eval_set=eval_set, eval_X=eval_X, eval_y=eval_y)
/home/overxpowered/padhai_in_linux/Projects/AGNITIA-TERRA06/.venv/lib/python3.12/site-packages/lightgbm/sklearn.py:1106: LGBMDeprecationWarning: The argument 'eval_set' is deprecated, use 'eval_X' and 'eval_y' instead.
  eval_set = _validate_eval_set_Xy(eval_set=eval_set, eval_X=eval_X, eval_y=eval_y)
/home/overxpowered/padhai_in_linux/Projects/AGNITIA-TERRA06/.venv/lib/python3.12/site-packages/lightgbm/sklearn.py:1106: LGBMDeprecationWarning: The argument 'eval_set' is deprecated, use 'eval_X' and 'eval_y' instead.
  eval_set = _validate_eval_set_Xy(eval_set=eval_set, eval_X=eval_X, eval_y=eval_y)
/home/overxpowered/padhai_in_linux/Projects/AGNITIA-TERRA06/.venv/lib/python3.12/site-packages/lightgbm/sklearn.py:1106: LGBMDeprecationWarning: The argument 'eval_set' is deprecated, use 'eval_X' and 'eval_y' instead.
  eval_set = _validate_eval_set_Xy(eval_set=eval_set, eval_X=eval_X, eval_y=eval_y)
/home/overxpowered/padhai_in_linux/Projects/AGNITIA-TERRA06/.venv/lib/python3.12/site-packages/lightgbm/sklearn.py:1106: LGBMDeprecationWarning: The argument 'eval_set' is deprecated, use 'eval_X' and 'eval_y' instead.
  eval_set = _validate_eval_set_Xy(eval_set=eval_set, eval_X=eval_X, eval_y=eval_y)
2026-10-09 06:58:27,786 INFO __main__: [solar Trial 74] pinball=0.44668 params={'num_leaves': 29, 'min_child_samples': 188, 'learning_rate': 0.0311, 'subsample': 0.7452, 'colsample_bytree': 0.9276, 'reg_lambda': 3.5031, 'reg_alpha': 4.4628}
[I 2026-10-09 06:58:27,786] Trial 74 finished with value: 0.4466753986333817 and parameters: {'num_leaves': 29, 'min_child_samples': 188, 'learning_rate': 0.03114412326059345, 'subsample': 0.7451753266326321, 'colsample_bytree': 0.9276070529318059, 'reg_lambda': 3.5031397709734637, 'reg_alpha': 4.462844890937259}. Best is trial 53 with value: 0.4411638516936057.
/home/overxpowered/padhai_in_linux/Projects/AGNITIA-TERRA06/.venv/lib/python3.12/site-packages/lightgbm/sklearn.py:1106: LGBMDeprecationWarning: The argument 'eval_set' is deprecated, use 'eval_X' and 'eval_y' instead.
  eval_set = _validate_eval_set_Xy(eval_set=eval_set, eval_X=eval_X, eval_y=eval_y)
/home/overxpowered/padhai_in_linux/Projects/AGNITIA-TERRA06/.venv/lib/python3.12/site-packages/lightgbm/sklearn.py:1106: LGBMDeprecationWarning: The argument 'eval_set' is deprecated, use 'eval_X' and 'eval_y' instead.
  eval_set = _validate_eval_set_Xy(eval_set=eval_set, eval_X=eval_X, eval_y=eval_y)
/home/overxpowered/padhai_in_linux/Projects/AGNITIA-TERRA06/.venv/lib/python3.12/site-packages/lightgbm/sklearn.py:1106: LGBMDeprecationWarning: The argument 'eval_set' is deprecated, use 'eval_X' and 'eval_y' instead.
  eval_set = _validate_eval_set_Xy(eval_set=eval_set, eval_X=eval_X, eval_y=eval_y)
/home/overxpowered/padhai_in_linux/Projects/AGNITIA-TERRA06/.venv/lib/python3.12/site-packages/lightgbm/sklearn.py:1106: LGBMDeprecationWarning: The argument 'eval_set' is deprecated, use 'eval_X' and 'eval_y' instead.
  eval_set = _validate_eval_set_Xy(eval_set=eval_set, eval_X=eval_X, eval_y=eval_y)
/home/overxpowered/padhai_in_linux/Projects/AGNITIA-TERRA06/.venv/lib/python3.12/site-packages/lightgbm/sklearn.py:1106: LGBMDeprecationWarning: The argument 'eval_set' is deprecated, use 'eval_X' and 'eval_y' instead.
  eval_set = _validate_eval_set_Xy(eval_set=eval_set, eval_X=eval_X, eval_y=eval_y)
2026-10-09 06:58:44,558 INFO __main__: [solar Trial 75] pinball=0.44234 params={'num_leaves': 15, 'min_child_samples': 176, 'learning_rate': 0.0275, 'subsample': 0.7787, 'colsample_bytree': 0.9468, 'reg_lambda': 3.7947, 'reg_alpha': 4.1361}
[I 2026-10-09 06:58:44,558] Trial 75 finished with value: 0.4423350877172713 and parameters: {'num_leaves': 15, 'min_child_samples': 176, 'learning_rate': 0.02752275332635236, 'subsample': 0.7786912502603749, 'colsample_bytree': 0.9467514496445988, 'reg_lambda': 3.794693999736309, 'reg_alpha': 4.1361282873984315}. Best is trial 53 with value: 0.4411638516936057.
/home/overxpowered/padhai_in_linux/Projects/AGNITIA-TERRA06/.venv/lib/python3.12/site-packages/lightgbm/sklearn.py:1106: LGBMDeprecationWarning: The argument 'eval_set' is deprecated, use 'eval_X' and 'eval_y' instead.
  eval_set = _validate_eval_set_Xy(eval_set=eval_set, eval_X=eval_X, eval_y=eval_y)
/home/overxpowered/padhai_in_linux/Projects/AGNITIA-TERRA06/.venv/lib/python3.12/site-packages/lightgbm/sklearn.py:1106: LGBMDeprecationWarning: The argument 'eval_set' is deprecated, use 'eval_X' and 'eval_y' instead.
  eval_set = _validate_eval_set_Xy(eval_set=eval_set, eval_X=eval_X, eval_y=eval_y)
/home/overxpowered/padhai_in_linux/Projects/AGNITIA-TERRA06/.venv/lib/python3.12/site-packages/lightgbm/sklearn.py:1106: LGBMDeprecationWarning: The argument 'eval_set' is deprecated, use 'eval_X' and 'eval_y' instead.
  eval_set = _validate_eval_set_Xy(eval_set=eval_set, eval_X=eval_X, eval_y=eval_y)
/home/overxpowered/padhai_in_linux/Projects/AGNITIA-TERRA06/.venv/lib/python3.12/site-packages/lightgbm/sklearn.py:1106: LGBMDeprecationWarning: The argument 'eval_set' is deprecated, use 'eval_X' and 'eval_y' instead.
  eval_set = _validate_eval_set_Xy(eval_set=eval_set, eval_X=eval_X, eval_y=eval_y)
/home/overxpowered/padhai_in_linux/Projects/AGNITIA-TERRA06/.venv/lib/python3.12/site-packages/lightgbm/sklearn.py:1106: LGBMDeprecationWarning: The argument 'eval_set' is deprecated, use 'eval_X' and 'eval_y' instead.
  eval_set = _validate_eval_set_Xy(eval_set=eval_set, eval_X=eval_X, eval_y=eval_y)
2026-10-09 06:59:04,292 INFO __main__: [solar Trial 76] pinball=0.44444 params={'num_leaves': 30, 'min_child_samples': 187, 'learning_rate': 0.0241, 'subsample': 0.7523, 'colsample_bytree': 0.9362, 'reg_lambda': 3.4303, 'reg_alpha': 4.534}
[I 2026-10-09 06:59:04,293] Trial 76 finished with value: 0.44443805520114943 and parameters: {'num_leaves': 30, 'min_child_samples': 187, 'learning_rate': 0.02409911409534896, 'subsample': 0.7523265508911233, 'colsample_bytree': 0.9362424756807688, 'reg_lambda': 3.430341222643378, 'reg_alpha': 4.534042928333992}. Best is trial 53 with value: 0.4411638516936057.
/home/overxpowered/padhai_in_linux/Projects/AGNITIA-TERRA06/.venv/lib/python3.12/site-packages/lightgbm/sklearn.py:1106: LGBMDeprecationWarning: The argument 'eval_set' is deprecated, use 'eval_X' and 'eval_y' instead.
  eval_set = _validate_eval_set_Xy(eval_set=eval_set, eval_X=eval_X, eval_y=eval_y)
/home/overxpowered/padhai_in_linux/Projects/AGNITIA-TERRA06/.venv/lib/python3.12/site-packages/lightgbm/sklearn.py:1106: LGBMDeprecationWarning: The argument 'eval_set' is deprecated, use 'eval_X' and 'eval_y' instead.
  eval_set = _validate_eval_set_Xy(eval_set=eval_set, eval_X=eval_X, eval_y=eval_y)
/home/overxpowered/padhai_in_linux/Projects/AGNITIA-TERRA06/.venv/lib/python3.12/site-packages/lightgbm/sklearn.py:1106: LGBMDeprecationWarning: The argument 'eval_set' is deprecated, use 'eval_X' and 'eval_y' instead.
  eval_set = _validate_eval_set_Xy(eval_set=eval_set, eval_X=eval_X, eval_y=eval_y)
/home/overxpowered/padhai_in_linux/Projects/AGNITIA-TERRA06/.venv/lib/python3.12/site-packages/lightgbm/sklearn.py:1106: LGBMDeprecationWarning: The argument 'eval_set' is deprecated, use 'eval_X' and 'eval_y' instead.
  eval_set = _validate_eval_set_Xy(eval_set=eval_set, eval_X=eval_X, eval_y=eval_y)
/home/overxpowered/padhai_in_linux/Projects/AGNITIA-TERRA06/.venv/lib/python3.12/site-packages/lightgbm/sklearn.py:1106: LGBMDeprecationWarning: The argument 'eval_set' is deprecated, use 'eval_X' and 'eval_y' instead.
  eval_set = _validate_eval_set_Xy(eval_set=eval_set, eval_X=eval_X, eval_y=eval_y)
2026-10-09 06:59:29,053 INFO __main__: [solar Trial 77] pinball=0.44476 params={'num_leaves': 31, 'min_child_samples': 197, 'learning_rate': 0.0222, 'subsample': 0.699, 'colsample_bytree': 0.9898, 'reg_lambda': 4.5742, 'reg_alpha': 4.3136}
[I 2026-10-09 06:59:29,053] Trial 77 finished with value: 0.4447578461260039 and parameters: {'num_leaves': 31, 'min_child_samples': 197, 'learning_rate': 0.02223339923294326, 'subsample': 0.6990206525455661, 'colsample_bytree': 0.9897685766503779, 'reg_lambda': 4.574230570096872, 'reg_alpha': 4.313592638028565}. Best is trial 53 with value: 0.4411638516936057.
/home/overxpowered/padhai_in_linux/Projects/AGNITIA-TERRA06/.venv/lib/python3.12/site-packages/lightgbm/sklearn.py:1106: LGBMDeprecationWarning: The argument 'eval_set' is deprecated, use 'eval_X' and 'eval_y' instead.
  eval_set = _validate_eval_set_Xy(eval_set=eval_set, eval_X=eval_X, eval_y=eval_y)
/home/overxpowered/padhai_in_linux/Projects/AGNITIA-TERRA06/.venv/lib/python3.12/site-packages/lightgbm/sklearn.py:1106: LGBMDeprecationWarning: The argument 'eval_set' is deprecated, use 'eval_X' and 'eval_y' instead.
  eval_set = _validate_eval_set_Xy(eval_set=eval_set, eval_X=eval_X, eval_y=eval_y)
/home/overxpowered/padhai_in_linux/Projects/AGNITIA-TERRA06/.venv/lib/python3.12/site-packages/lightgbm/sklearn.py:1106: LGBMDeprecationWarning: The argument 'eval_set' is deprecated, use 'eval_X' and 'eval_y' instead.
  eval_set = _validate_eval_set_Xy(eval_set=eval_set, eval_X=eval_X, eval_y=eval_y)
/home/overxpowered/padhai_in_linux/Projects/AGNITIA-TERRA06/.venv/lib/python3.12/site-packages/lightgbm/sklearn.py:1106: LGBMDeprecationWarning: The argument 'eval_set' is deprecated, use 'eval_X' and 'eval_y' instead.
  eval_set = _validate_eval_set_Xy(eval_set=eval_set, eval_X=eval_X, eval_y=eval_y)
/home/overxpowered/padhai_in_linux/Projects/AGNITIA-TERRA06/.venv/lib/python3.12/site-packages/lightgbm/sklearn.py:1106: LGBMDeprecationWarning: The argument 'eval_set' is deprecated, use 'eval_X' and 'eval_y' instead.
  eval_set = _validate_eval_set_Xy(eval_set=eval_set, eval_X=eval_X, eval_y=eval_y)
2026-10-09 06:59:47,827 INFO __main__: [solar Trial 78] pinball=0.44317 params={'num_leaves': 22, 'min_child_samples': 190, 'learning_rate': 0.0237, 'subsample': 0.7276, 'colsample_bytree': 0.9528, 'reg_lambda': 4.0095, 'reg_alpha': 4.5534}
[I 2026-10-09 06:59:47,827] Trial 78 finished with value: 0.44317472946719433 and parameters: {'num_leaves': 22, 'min_child_samples': 190, 'learning_rate': 0.023715327182997178, 'subsample': 0.7275985733143706, 'colsample_bytree': 0.9527963085272643, 'reg_lambda': 4.009462872158074, 'reg_alpha': 4.553428084429574}. Best is trial 53 with value: 0.4411638516936057.
/home/overxpowered/padhai_in_linux/Projects/AGNITIA-TERRA06/.venv/lib/python3.12/site-packages/lightgbm/sklearn.py:1106: LGBMDeprecationWarning: The argument 'eval_set' is deprecated, use 'eval_X' and 'eval_y' instead.
  eval_set = _validate_eval_set_Xy(eval_set=eval_set, eval_X=eval_X, eval_y=eval_y)
/home/overxpowered/padhai_in_linux/Projects/AGNITIA-TERRA06/.venv/lib/python3.12/site-packages/lightgbm/sklearn.py:1106: LGBMDeprecationWarning: The argument 'eval_set' is deprecated, use 'eval_X' and 'eval_y' instead.
  eval_set = _validate_eval_set_Xy(eval_set=eval_set, eval_X=eval_X, eval_y=eval_y)
/home/overxpowered/padhai_in_linux/Projects/AGNITIA-TERRA06/.venv/lib/python3.12/site-packages/lightgbm/sklearn.py:1106: LGBMDeprecationWarning: The argument 'eval_set' is deprecated, use 'eval_X' and 'eval_y' instead.
  eval_set = _validate_eval_set_Xy(eval_set=eval_set, eval_X=eval_X, eval_y=eval_y)
/home/overxpowered/padhai_in_linux/Projects/AGNITIA-TERRA06/.venv/lib/python3.12/site-packages/lightgbm/sklearn.py:1106: LGBMDeprecationWarning: The argument 'eval_set' is deprecated, use 'eval_X' and 'eval_y' instead.
  eval_set = _validate_eval_set_Xy(eval_set=eval_set, eval_X=eval_X, eval_y=eval_y)
/home/overxpowered/padhai_in_linux/Projects/AGNITIA-TERRA06/.venv/lib/python3.12/site-packages/lightgbm/sklearn.py:1106: LGBMDeprecationWarning: The argument 'eval_set' is deprecated, use 'eval_X' and 'eval_y' instead.
  eval_set = _validate_eval_set_Xy(eval_set=eval_set, eval_X=eval_X, eval_y=eval_y)
2026-10-09 07:00:10,326 INFO __main__: [solar Trial 79] pinball=0.44183 params={'num_leaves': 15, 'min_child_samples': 169, 'learning_rate': 0.0182, 'subsample': 0.7842, 'colsample_bytree': 0.9216, 'reg_lambda': 3.5684, 'reg_alpha': 4.4906}
[I 2026-10-09 07:00:10,326] Trial 79 finished with value: 0.4418341827088758 and parameters: {'num_leaves': 15, 'min_child_samples': 169, 'learning_rate': 0.018197240931166803, 'subsample': 0.7841591404695911, 'colsample_bytree': 0.9216342623988961, 'reg_lambda': 3.568445480741196, 'reg_alpha': 4.490603133599343}. Best is trial 53 with value: 0.4411638516936057.
/home/overxpowered/padhai_in_linux/Projects/AGNITIA-TERRA06/.venv/lib/python3.12/site-packages/lightgbm/sklearn.py:1106: LGBMDeprecationWarning: The argument 'eval_set' is deprecated, use 'eval_X' and 'eval_y' instead.
  eval_set = _validate_eval_set_Xy(eval_set=eval_set, eval_X=eval_X, eval_y=eval_y)
/home/overxpowered/padhai_in_linux/Projects/AGNITIA-TERRA06/.venv/lib/python3.12/site-packages/lightgbm/sklearn.py:1106: LGBMDeprecationWarning: The argument 'eval_set' is deprecated, use 'eval_X' and 'eval_y' instead.
  eval_set = _validate_eval_set_Xy(eval_set=eval_set, eval_X=eval_X, eval_y=eval_y)
/home/overxpowered/padhai_in_linux/Projects/AGNITIA-TERRA06/.venv/lib/python3.12/site-packages/lightgbm/sklearn.py:1106: LGBMDeprecationWarning: The argument 'eval_set' is deprecated, use 'eval_X' and 'eval_y' instead.
  eval_set = _validate_eval_set_Xy(eval_set=eval_set, eval_X=eval_X, eval_y=eval_y)
/home/overxpowered/padhai_in_linux/Projects/AGNITIA-TERRA06/.venv/lib/python3.12/site-packages/lightgbm/sklearn.py:1106: LGBMDeprecationWarning: The argument 'eval_set' is deprecated, use 'eval_X' and 'eval_y' instead.
  eval_set = _validate_eval_set_Xy(eval_set=eval_set, eval_X=eval_X, eval_y=eval_y)
/home/overxpowered/padhai_in_linux/Projects/AGNITIA-TERRA06/.venv/lib/python3.12/site-packages/lightgbm/sklearn.py:1106: LGBMDeprecationWarning: The argument 'eval_set' is deprecated, use 'eval_X' and 'eval_y' instead.
  eval_set = _validate_eval_set_Xy(eval_set=eval_set, eval_X=eval_X, eval_y=eval_y)
2026-10-09 07:00:29,387 INFO __main__: [solar Trial 80] pinball=0.44221 params={'num_leaves': 16, 'min_child_samples': 196, 'learning_rate': 0.0286, 'subsample': 0.7316, 'colsample_bytree': 0.9278, 'reg_lambda': 3.4758, 'reg_alpha': 4.3165}
[I 2026-10-09 07:00:29,387] Trial 80 finished with value: 0.44221250973128423 and parameters: {'num_leaves': 16, 'min_child_samples': 196, 'learning_rate': 0.02856927639242588, 'subsample': 0.7315713432451212, 'colsample_bytree': 0.9278354994503432, 'reg_lambda': 3.475805999050506, 'reg_alpha': 4.316451961280702}. Best is trial 53 with value: 0.4411638516936057.
/home/overxpowered/padhai_in_linux/Projects/AGNITIA-TERRA06/.venv/lib/python3.12/site-packages/lightgbm/sklearn.py:1106: LGBMDeprecationWarning: The argument 'eval_set' is deprecated, use 'eval_X' and 'eval_y' instead.
  eval_set = _validate_eval_set_Xy(eval_set=eval_set, eval_X=eval_X, eval_y=eval_y)
/home/overxpowered/padhai_in_linux/Projects/AGNITIA-TERRA06/.venv/lib/python3.12/site-packages/lightgbm/sklearn.py:1106: LGBMDeprecationWarning: The argument 'eval_set' is deprecated, use 'eval_X' and 'eval_y' instead.
  eval_set = _validate_eval_set_Xy(eval_set=eval_set, eval_X=eval_X, eval_y=eval_y)
/home/overxpowered/padhai_in_linux/Projects/AGNITIA-TERRA06/.venv/lib/python3.12/site-packages/lightgbm/sklearn.py:1106: LGBMDeprecationWarning: The argument 'eval_set' is deprecated, use 'eval_X' and 'eval_y' instead.
  eval_set = _validate_eval_set_Xy(eval_set=eval_set, eval_X=eval_X, eval_y=eval_y)
/home/overxpowered/padhai_in_linux/Projects/AGNITIA-TERRA06/.venv/lib/python3.12/site-packages/lightgbm/sklearn.py:1106: LGBMDeprecationWarning: The argument 'eval_set' is deprecated, use 'eval_X' and 'eval_y' instead.
  eval_set = _validate_eval_set_Xy(eval_set=eval_set, eval_X=eval_X, eval_y=eval_y)
/home/overxpowered/padhai_in_linux/Projects/AGNITIA-TERRA06/.venv/lib/python3.12/site-packages/lightgbm/sklearn.py:1106: LGBMDeprecationWarning: The argument 'eval_set' is deprecated, use 'eval_X' and 'eval_y' instead.
  eval_set = _validate_eval_set_Xy(eval_set=eval_set, eval_X=eval_X, eval_y=eval_y)
2026-10-09 07:00:49,403 INFO __main__: [solar Trial 81] pinball=0.44282 params={'num_leaves': 19, 'min_child_samples': 199, 'learning_rate': 0.0288, 'subsample': 0.7336, 'colsample_bytree': 0.9913, 'reg_lambda': 4.4779, 'reg_alpha': 4.7306}
[I 2026-10-09 07:00:49,403] Trial 81 finished with value: 0.44282009462733196 and parameters: {'num_leaves': 19, 'min_child_samples': 199, 'learning_rate': 0.028768527400705138, 'subsample': 0.7336194749720625, 'colsample_bytree': 0.9912999034405494, 'reg_lambda': 4.477934604218802, 'reg_alpha': 4.730641311652829}. Best is trial 53 with value: 0.4411638516936057.
/home/overxpowered/padhai_in_linux/Projects/AGNITIA-TERRA06/.venv/lib/python3.12/site-packages/lightgbm/sklearn.py:1106: LGBMDeprecationWarning: The argument 'eval_set' is deprecated, use 'eval_X' and 'eval_y' instead.
  eval_set = _validate_eval_set_Xy(eval_set=eval_set, eval_X=eval_X, eval_y=eval_y)
/home/overxpowered/padhai_in_linux/Projects/AGNITIA-TERRA06/.venv/lib/python3.12/site-packages/lightgbm/sklearn.py:1106: LGBMDeprecationWarning: The argument 'eval_set' is deprecated, use 'eval_X' and 'eval_y' instead.
  eval_set = _validate_eval_set_Xy(eval_set=eval_set, eval_X=eval_X, eval_y=eval_y)
/home/overxpowered/padhai_in_linux/Projects/AGNITIA-TERRA06/.venv/lib/python3.12/site-packages/lightgbm/sklearn.py:1106: LGBMDeprecationWarning: The argument 'eval_set' is deprecated, use 'eval_X' and 'eval_y' instead.
  eval_set = _validate_eval_set_Xy(eval_set=eval_set, eval_X=eval_X, eval_y=eval_y)
/home/overxpowered/padhai_in_linux/Projects/AGNITIA-TERRA06/.venv/lib/python3.12/site-packages/lightgbm/sklearn.py:1106: LGBMDeprecationWarning: The argument 'eval_set' is deprecated, use 'eval_X' and 'eval_y' instead.
  eval_set = _validate_eval_set_Xy(eval_set=eval_set, eval_X=eval_X, eval_y=eval_y)
/home/overxpowered/padhai_in_linux/Projects/AGNITIA-TERRA06/.venv/lib/python3.12/site-packages/lightgbm/sklearn.py:1106: LGBMDeprecationWarning: The argument 'eval_set' is deprecated, use 'eval_X' and 'eval_y' instead.
  eval_set = _validate_eval_set_Xy(eval_set=eval_set, eval_X=eval_X, eval_y=eval_y)
2026-10-09 07:01:09,258 INFO __main__: [solar Trial 82] pinball=0.44181 params={'num_leaves': 25, 'min_child_samples': 197, 'learning_rate': 0.0251, 'subsample': 0.696, 'colsample_bytree': 0.9409, 'reg_lambda': 3.7778, 'reg_alpha': 4.2484}
[I 2026-10-09 07:01:09,258] Trial 82 finished with value: 0.4418124548043809 and parameters: {'num_leaves': 25, 'min_child_samples': 197, 'learning_rate': 0.025082128355536176, 'subsample': 0.6960410285049301, 'colsample_bytree': 0.940926567131429, 'reg_lambda': 3.7778498287176663, 'reg_alpha': 4.248403281790676}. Best is trial 53 with value: 0.4411638516936057.
/home/overxpowered/padhai_in_linux/Projects/AGNITIA-TERRA06/.venv/lib/python3.12/site-packages/lightgbm/sklearn.py:1106: LGBMDeprecationWarning: The argument 'eval_set' is deprecated, use 'eval_X' and 'eval_y' instead.
  eval_set = _validate_eval_set_Xy(eval_set=eval_set, eval_X=eval_X, eval_y=eval_y)
/home/overxpowered/padhai_in_linux/Projects/AGNITIA-TERRA06/.venv/lib/python3.12/site-packages/lightgbm/sklearn.py:1106: LGBMDeprecationWarning: The argument 'eval_set' is deprecated, use 'eval_X' and 'eval_y' instead.
  eval_set = _validate_eval_set_Xy(eval_set=eval_set, eval_X=eval_X, eval_y=eval_y)
/home/overxpowered/padhai_in_linux/Projects/AGNITIA-TERRA06/.venv/lib/python3.12/site-packages/lightgbm/sklearn.py:1106: LGBMDeprecationWarning: The argument 'eval_set' is deprecated, use 'eval_X' and 'eval_y' instead.
  eval_set = _validate_eval_set_Xy(eval_set=eval_set, eval_X=eval_X, eval_y=eval_y)
/home/overxpowered/padhai_in_linux/Projects/AGNITIA-TERRA06/.venv/lib/python3.12/site-packages/lightgbm/sklearn.py:1106: LGBMDeprecationWarning: The argument 'eval_set' is deprecated, use 'eval_X' and 'eval_y' instead.
  eval_set = _validate_eval_set_Xy(eval_set=eval_set, eval_X=eval_X, eval_y=eval_y)
/home/overxpowered/padhai_in_linux/Projects/AGNITIA-TERRA06/.venv/lib/python3.12/site-packages/lightgbm/sklearn.py:1106: LGBMDeprecationWarning: The argument 'eval_set' is deprecated, use 'eval_X' and 'eval_y' instead.
  eval_set = _validate_eval_set_Xy(eval_set=eval_set, eval_X=eval_X, eval_y=eval_y)
2026-10-09 07:01:32,043 INFO __main__: [solar Trial 83] pinball=0.44286 params={'num_leaves': 26, 'min_child_samples': 191, 'learning_rate': 0.0213, 'subsample': 0.722, 'colsample_bytree': 0.9408, 'reg_lambda': 4.5436, 'reg_alpha': 4.0203}
[I 2026-10-09 07:01:32,043] Trial 83 finished with value: 0.44285627556592644 and parameters: {'num_leaves': 26, 'min_child_samples': 191, 'learning_rate': 0.021330592267395233, 'subsample': 0.7219563559583633, 'colsample_bytree': 0.9407586044826107, 'reg_lambda': 4.543592642141027, 'reg_alpha': 4.0203075804481845}. Best is trial 53 with value: 0.4411638516936057.
/home/overxpowered/padhai_in_linux/Projects/AGNITIA-TERRA06/.venv/lib/python3.12/site-packages/lightgbm/sklearn.py:1106: LGBMDeprecationWarning: The argument 'eval_set' is deprecated, use 'eval_X' and 'eval_y' instead.
  eval_set = _validate_eval_set_Xy(eval_set=eval_set, eval_X=eval_X, eval_y=eval_y)
/home/overxpowered/padhai_in_linux/Projects/AGNITIA-TERRA06/.venv/lib/python3.12/site-packages/lightgbm/sklearn.py:1106: LGBMDeprecationWarning: The argument 'eval_set' is deprecated, use 'eval_X' and 'eval_y' instead.
  eval_set = _validate_eval_set_Xy(eval_set=eval_set, eval_X=eval_X, eval_y=eval_y)
/home/overxpowered/padhai_in_linux/Projects/AGNITIA-TERRA06/.venv/lib/python3.12/site-packages/lightgbm/sklearn.py:1106: LGBMDeprecationWarning: The argument 'eval_set' is deprecated, use 'eval_X' and 'eval_y' instead.
  eval_set = _validate_eval_set_Xy(eval_set=eval_set, eval_X=eval_X, eval_y=eval_y)
/home/overxpowered/padhai_in_linux/Projects/AGNITIA-TERRA06/.venv/lib/python3.12/site-packages/lightgbm/sklearn.py:1106: LGBMDeprecationWarning: The argument 'eval_set' is deprecated, use 'eval_X' and 'eval_y' instead.
  eval_set = _validate_eval_set_Xy(eval_set=eval_set, eval_X=eval_X, eval_y=eval_y)
/home/overxpowered/padhai_in_linux/Projects/AGNITIA-TERRA06/.venv/lib/python3.12/site-packages/lightgbm/sklearn.py:1106: LGBMDeprecationWarning: The argument 'eval_set' is deprecated, use 'eval_X' and 'eval_y' instead.
  eval_set = _validate_eval_set_Xy(eval_set=eval_set, eval_X=eval_X, eval_y=eval_y)
2026-10-09 07:01:47,751 INFO __main__: [solar Trial 84] pinball=0.44559 params={'num_leaves': 25, 'min_child_samples': 189, 'learning_rate': 0.0278, 'subsample': 0.7754, 'colsample_bytree': 0.9719, 'reg_lambda': 3.7906, 'reg_alpha': 4.0421}
[I 2026-10-09 07:01:47,751] Trial 84 finished with value: 0.4455937851900984 and parameters: {'num_leaves': 25, 'min_child_samples': 189, 'learning_rate': 0.027833959892934267, 'subsample': 0.7753819247274206, 'colsample_bytree': 0.9718567593506484, 'reg_lambda': 3.7906336905943427, 'reg_alpha': 4.0421254616414775}. Best is trial 53 with value: 0.4411638516936057.
/home/overxpowered/padhai_in_linux/Projects/AGNITIA-TERRA06/.venv/lib/python3.12/site-packages/lightgbm/sklearn.py:1106: LGBMDeprecationWarning: The argument 'eval_set' is deprecated, use 'eval_X' and 'eval_y' instead.
  eval_set = _validate_eval_set_Xy(eval_set=eval_set, eval_X=eval_X, eval_y=eval_y)
/home/overxpowered/padhai_in_linux/Projects/AGNITIA-TERRA06/.venv/lib/python3.12/site-packages/lightgbm/sklearn.py:1106: LGBMDeprecationWarning: The argument 'eval_set' is deprecated, use 'eval_X' and 'eval_y' instead.
  eval_set = _validate_eval_set_Xy(eval_set=eval_set, eval_X=eval_X, eval_y=eval_y)
/home/overxpowered/padhai_in_linux/Projects/AGNITIA-TERRA06/.venv/lib/python3.12/site-packages/lightgbm/sklearn.py:1106: LGBMDeprecationWarning: The argument 'eval_set' is deprecated, use 'eval_X' and 'eval_y' instead.
  eval_set = _validate_eval_set_Xy(eval_set=eval_set, eval_X=eval_X, eval_y=eval_y)
/home/overxpowered/padhai_in_linux/Projects/AGNITIA-TERRA06/.venv/lib/python3.12/site-packages/lightgbm/sklearn.py:1106: LGBMDeprecationWarning: The argument 'eval_set' is deprecated, use 'eval_X' and 'eval_y' instead.
  eval_set = _validate_eval_set_Xy(eval_set=eval_set, eval_X=eval_X, eval_y=eval_y)
/home/overxpowered/padhai_in_linux/Projects/AGNITIA-TERRA06/.venv/lib/python3.12/site-packages/lightgbm/sklearn.py:1106: LGBMDeprecationWarning: The argument 'eval_set' is deprecated, use 'eval_X' and 'eval_y' instead.
  eval_set = _validate_eval_set_Xy(eval_set=eval_set, eval_X=eval_X, eval_y=eval_y)
2026-10-09 07:02:04,512 INFO __main__: [solar Trial 85] pinball=0.44272 params={'num_leaves': 20, 'min_child_samples': 181, 'learning_rate': 0.0256, 'subsample': 0.7263, 'colsample_bytree': 0.9448, 'reg_lambda': 4.193, 'reg_alpha': 4.8401}
[I 2026-10-09 07:02:04,513] Trial 85 finished with value: 0.44271891027950144 and parameters: {'num_leaves': 20, 'min_child_samples': 181, 'learning_rate': 0.025643463539708373, 'subsample': 0.7263262738332363, 'colsample_bytree': 0.944790132709649, 'reg_lambda': 4.192978420419456, 'reg_alpha': 4.840089591156441}. Best is trial 53 with value: 0.4411638516936057.
/home/overxpowered/padhai_in_linux/Projects/AGNITIA-TERRA06/.venv/lib/python3.12/site-packages/lightgbm/sklearn.py:1106: LGBMDeprecationWarning: The argument 'eval_set' is deprecated, use 'eval_X' and 'eval_y' instead.
  eval_set = _validate_eval_set_Xy(eval_set=eval_set, eval_X=eval_X, eval_y=eval_y)
/home/overxpowered/padhai_in_linux/Projects/AGNITIA-TERRA06/.venv/lib/python3.12/site-packages/lightgbm/sklearn.py:1106: LGBMDeprecationWarning: The argument 'eval_set' is deprecated, use 'eval_X' and 'eval_y' instead.
  eval_set = _validate_eval_set_Xy(eval_set=eval_set, eval_X=eval_X, eval_y=eval_y)
/home/overxpowered/padhai_in_linux/Projects/AGNITIA-TERRA06/.venv/lib/python3.12/site-packages/lightgbm/sklearn.py:1106: LGBMDeprecationWarning: The argument 'eval_set' is deprecated, use 'eval_X' and 'eval_y' instead.
  eval_set = _validate_eval_set_Xy(eval_set=eval_set, eval_X=eval_X, eval_y=eval_y)
/home/overxpowered/padhai_in_linux/Projects/AGNITIA-TERRA06/.venv/lib/python3.12/site-packages/lightgbm/sklearn.py:1106: LGBMDeprecationWarning: The argument 'eval_set' is deprecated, use 'eval_X' and 'eval_y' instead.
  eval_set = _validate_eval_set_Xy(eval_set=eval_set, eval_X=eval_X, eval_y=eval_y)
/home/overxpowered/padhai_in_linux/Projects/AGNITIA-TERRA06/.venv/lib/python3.12/site-packages/lightgbm/sklearn.py:1106: LGBMDeprecationWarning: The argument 'eval_set' is deprecated, use 'eval_X' and 'eval_y' instead.
  eval_set = _validate_eval_set_Xy(eval_set=eval_set, eval_X=eval_X, eval_y=eval_y)
2026-10-09 07:02:21,983 INFO __main__: [solar Trial 86] pinball=0.44594 params={'num_leaves': 22, 'min_child_samples': 194, 'learning_rate': 0.028, 'subsample': 0.6783, 'colsample_bytree': 0.9538, 'reg_lambda': 3.6227, 'reg_alpha': 4.0781}
[I 2026-10-09 07:02:21,983] Trial 86 finished with value: 0.4459389141067957 and parameters: {'num_leaves': 22, 'min_child_samples': 194, 'learning_rate': 0.028033122922241766, 'subsample': 0.6783047612173637, 'colsample_bytree': 0.9538372290033367, 'reg_lambda': 3.6227101726794455, 'reg_alpha': 4.0781007630379005}. Best is trial 53 with value: 0.4411638516936057.
/home/overxpowered/padhai_in_linux/Projects/AGNITIA-TERRA06/.venv/lib/python3.12/site-packages/lightgbm/sklearn.py:1106: LGBMDeprecationWarning: The argument 'eval_set' is deprecated, use 'eval_X' and 'eval_y' instead.
  eval_set = _validate_eval_set_Xy(eval_set=eval_set, eval_X=eval_X, eval_y=eval_y)
/home/overxpowered/padhai_in_linux/Projects/AGNITIA-TERRA06/.venv/lib/python3.12/site-packages/lightgbm/sklearn.py:1106: LGBMDeprecationWarning: The argument 'eval_set' is deprecated, use 'eval_X' and 'eval_y' instead.
  eval_set = _validate_eval_set_Xy(eval_set=eval_set, eval_X=eval_X, eval_y=eval_y)
/home/overxpowered/padhai_in_linux/Projects/AGNITIA-TERRA06/.venv/lib/python3.12/site-packages/lightgbm/sklearn.py:1106: LGBMDeprecationWarning: The argument 'eval_set' is deprecated, use 'eval_X' and 'eval_y' instead.
  eval_set = _validate_eval_set_Xy(eval_set=eval_set, eval_X=eval_X, eval_y=eval_y)
/home/overxpowered/padhai_in_linux/Projects/AGNITIA-TERRA06/.venv/lib/python3.12/site-packages/lightgbm/sklearn.py:1106: LGBMDeprecationWarning: The argument 'eval_set' is deprecated, use 'eval_X' and 'eval_y' instead.
  eval_set = _validate_eval_set_Xy(eval_set=eval_set, eval_X=eval_X, eval_y=eval_y)
/home/overxpowered/padhai_in_linux/Projects/AGNITIA-TERRA06/.venv/lib/python3.12/site-packages/lightgbm/sklearn.py:1106: LGBMDeprecationWarning: The argument 'eval_set' is deprecated, use 'eval_X' and 'eval_y' instead.
  eval_set = _validate_eval_set_Xy(eval_set=eval_set, eval_X=eval_X, eval_y=eval_y)
2026-10-09 07:02:38,664 INFO __main__: [solar Trial 87] pinball=0.44392 params={'num_leaves': 21, 'min_child_samples': 188, 'learning_rate': 0.0295, 'subsample': 0.7521, 'colsample_bytree': 0.9276, 'reg_lambda': 4.0364, 'reg_alpha': 4.3402}
[I 2026-10-09 07:02:38,664] Trial 87 finished with value: 0.4439163338810532 and parameters: {'num_leaves': 21, 'min_child_samples': 188, 'learning_rate': 0.02949934546057028, 'subsample': 0.7521114492972041, 'colsample_bytree': 0.9276458411371987, 'reg_lambda': 4.036397826625528, 'reg_alpha': 4.34015652873801}. Best is trial 53 with value: 0.4411638516936057.
/home/overxpowered/padhai_in_linux/Projects/AGNITIA-TERRA06/.venv/lib/python3.12/site-packages/lightgbm/sklearn.py:1106: LGBMDeprecationWarning: The argument 'eval_set' is deprecated, use 'eval_X' and 'eval_y' instead.
  eval_set = _validate_eval_set_Xy(eval_set=eval_set, eval_X=eval_X, eval_y=eval_y)
/home/overxpowered/padhai_in_linux/Projects/AGNITIA-TERRA06/.venv/lib/python3.12/site-packages/lightgbm/sklearn.py:1106: LGBMDeprecationWarning: The argument 'eval_set' is deprecated, use 'eval_X' and 'eval_y' instead.
  eval_set = _validate_eval_set_Xy(eval_set=eval_set, eval_X=eval_X, eval_y=eval_y)
/home/overxpowered/padhai_in_linux/Projects/AGNITIA-TERRA06/.venv/lib/python3.12/site-packages/lightgbm/sklearn.py:1106: LGBMDeprecationWarning: The argument 'eval_set' is deprecated, use 'eval_X' and 'eval_y' instead.
  eval_set = _validate_eval_set_Xy(eval_set=eval_set, eval_X=eval_X, eval_y=eval_y)
/home/overxpowered/padhai_in_linux/Projects/AGNITIA-TERRA06/.venv/lib/python3.12/site-packages/lightgbm/sklearn.py:1106: LGBMDeprecationWarning: The argument 'eval_set' is deprecated, use 'eval_X' and 'eval_y' instead.
  eval_set = _validate_eval_set_Xy(eval_set=eval_set, eval_X=eval_X, eval_y=eval_y)
/home/overxpowered/padhai_in_linux/Projects/AGNITIA-TERRA06/.venv/lib/python3.12/site-packages/lightgbm/sklearn.py:1106: LGBMDeprecationWarning: The argument 'eval_set' is deprecated, use 'eval_X' and 'eval_y' instead.
  eval_set = _validate_eval_set_Xy(eval_set=eval_set, eval_X=eval_X, eval_y=eval_y)
2026-10-09 07:02:55,887 INFO __main__: [solar Trial 88] pinball=0.44414 params={'num_leaves': 21, 'min_child_samples': 194, 'learning_rate': 0.0314, 'subsample': 0.7441, 'colsample_bytree': 0.9648, 'reg_lambda': 4.2946, 'reg_alpha': 4.1499}
[I 2026-10-09 07:02:55,888] Trial 88 finished with value: 0.4441424204735256 and parameters: {'num_leaves': 21, 'min_child_samples': 194, 'learning_rate': 0.031359399248889315, 'subsample': 0.7441071018364781, 'colsample_bytree': 0.9647516020546072, 'reg_lambda': 4.2945908450552635, 'reg_alpha': 4.149910110231596}. Best is trial 53 with value: 0.4411638516936057.
/home/overxpowered/padhai_in_linux/Projects/AGNITIA-TERRA06/.venv/lib/python3.12/site-packages/lightgbm/sklearn.py:1106: LGBMDeprecationWarning: The argument 'eval_set' is deprecated, use 'eval_X' and 'eval_y' instead.
  eval_set = _validate_eval_set_Xy(eval_set=eval_set, eval_X=eval_X, eval_y=eval_y)
/home/overxpowered/padhai_in_linux/Projects/AGNITIA-TERRA06/.venv/lib/python3.12/site-packages/lightgbm/sklearn.py:1106: LGBMDeprecationWarning: The argument 'eval_set' is deprecated, use 'eval_X' and 'eval_y' instead.
  eval_set = _validate_eval_set_Xy(eval_set=eval_set, eval_X=eval_X, eval_y=eval_y)
/home/overxpowered/padhai_in_linux/Projects/AGNITIA-TERRA06/.venv/lib/python3.12/site-packages/lightgbm/sklearn.py:1106: LGBMDeprecationWarning: The argument 'eval_set' is deprecated, use 'eval_X' and 'eval_y' instead.
  eval_set = _validate_eval_set_Xy(eval_set=eval_set, eval_X=eval_X, eval_y=eval_y)
/home/overxpowered/padhai_in_linux/Projects/AGNITIA-TERRA06/.venv/lib/python3.12/site-packages/lightgbm/sklearn.py:1106: LGBMDeprecationWarning: The argument 'eval_set' is deprecated, use 'eval_X' and 'eval_y' instead.
  eval_set = _validate_eval_set_Xy(eval_set=eval_set, eval_X=eval_X, eval_y=eval_y)
/home/overxpowered/padhai_in_linux/Projects/AGNITIA-TERRA06/.venv/lib/python3.12/site-packages/lightgbm/sklearn.py:1106: LGBMDeprecationWarning: The argument 'eval_set' is deprecated, use 'eval_X' and 'eval_y' instead.
  eval_set = _validate_eval_set_Xy(eval_set=eval_set, eval_X=eval_X, eval_y=eval_y)
2026-10-09 07:03:16,640 INFO __main__: [solar Trial 89] pinball=0.44304 params={'num_leaves': 25, 'min_child_samples': 191, 'learning_rate': 0.0258, 'subsample': 0.7423, 'colsample_bytree': 0.9849, 'reg_lambda': 3.9726, 'reg_alpha': 4.8705}
[I 2026-10-09 07:03:16,640] Trial 89 finished with value: 0.4430400660633319 and parameters: {'num_leaves': 25, 'min_child_samples': 191, 'learning_rate': 0.02583082048213212, 'subsample': 0.7422566168542872, 'colsample_bytree': 0.9848555398442811, 'reg_lambda': 3.9725663043471098, 'reg_alpha': 4.870475733882975}. Best is trial 53 with value: 0.4411638516936057.
/home/overxpowered/padhai_in_linux/Projects/AGNITIA-TERRA06/.venv/lib/python3.12/site-packages/lightgbm/sklearn.py:1106: LGBMDeprecationWarning: The argument 'eval_set' is deprecated, use 'eval_X' and 'eval_y' instead.
  eval_set = _validate_eval_set_Xy(eval_set=eval_set, eval_X=eval_X, eval_y=eval_y)
/home/overxpowered/padhai_in_linux/Projects/AGNITIA-TERRA06/.venv/lib/python3.12/site-packages/lightgbm/sklearn.py:1106: LGBMDeprecationWarning: The argument 'eval_set' is deprecated, use 'eval_X' and 'eval_y' instead.
  eval_set = _validate_eval_set_Xy(eval_set=eval_set, eval_X=eval_X, eval_y=eval_y)
/home/overxpowered/padhai_in_linux/Projects/AGNITIA-TERRA06/.venv/lib/python3.12/site-packages/lightgbm/sklearn.py:1106: LGBMDeprecationWarning: The argument 'eval_set' is deprecated, use 'eval_X' and 'eval_y' instead.
  eval_set = _validate_eval_set_Xy(eval_set=eval_set, eval_X=eval_X, eval_y=eval_y)
/home/overxpowered/padhai_in_linux/Projects/AGNITIA-TERRA06/.venv/lib/python3.12/site-packages/lightgbm/sklearn.py:1106: LGBMDeprecationWarning: The argument 'eval_set' is deprecated, use 'eval_X' and 'eval_y' instead.
  eval_set = _validate_eval_set_Xy(eval_set=eval_set, eval_X=eval_X, eval_y=eval_y)
/home/overxpowered/padhai_in_linux/Projects/AGNITIA-TERRA06/.venv/lib/python3.12/site-packages/lightgbm/sklearn.py:1106: LGBMDeprecationWarning: The argument 'eval_set' is deprecated, use 'eval_X' and 'eval_y' instead.
  eval_set = _validate_eval_set_Xy(eval_set=eval_set, eval_X=eval_X, eval_y=eval_y)
2026-10-09 07:03:41,027 INFO __main__: [solar Trial 90] pinball=0.44760 params={'num_leaves': 33, 'min_child_samples': 185, 'learning_rate': 0.0261, 'subsample': 0.7559, 'colsample_bytree': 0.9653, 'reg_lambda': 4.0915, 'reg_alpha': 4.3016}
[I 2026-10-09 07:03:41,028] Trial 90 finished with value: 0.4476001424634525 and parameters: {'num_leaves': 33, 'min_child_samples': 185, 'learning_rate': 0.02606124518613694, 'subsample': 0.7559278941068012, 'colsample_bytree': 0.9653193954457441, 'reg_lambda': 4.091545540644088, 'reg_alpha': 4.3016001524821705}. Best is trial 53 with value: 0.4411638516936057.
/home/overxpowered/padhai_in_linux/Projects/AGNITIA-TERRA06/.venv/lib/python3.12/site-packages/lightgbm/sklearn.py:1106: LGBMDeprecationWarning: The argument 'eval_set' is deprecated, use 'eval_X' and 'eval_y' instead.
  eval_set = _validate_eval_set_Xy(eval_set=eval_set, eval_X=eval_X, eval_y=eval_y)
/home/overxpowered/padhai_in_linux/Projects/AGNITIA-TERRA06/.venv/lib/python3.12/site-packages/lightgbm/sklearn.py:1106: LGBMDeprecationWarning: The argument 'eval_set' is deprecated, use 'eval_X' and 'eval_y' instead.
  eval_set = _validate_eval_set_Xy(eval_set=eval_set, eval_X=eval_X, eval_y=eval_y)
/home/overxpowered/padhai_in_linux/Projects/AGNITIA-TERRA06/.venv/lib/python3.12/site-packages/lightgbm/sklearn.py:1106: LGBMDeprecationWarning: The argument 'eval_set' is deprecated, use 'eval_X' and 'eval_y' instead.
  eval_set = _validate_eval_set_Xy(eval_set=eval_set, eval_X=eval_X, eval_y=eval_y)
/home/overxpowered/padhai_in_linux/Projects/AGNITIA-TERRA06/.venv/lib/python3.12/site-packages/lightgbm/sklearn.py:1106: LGBMDeprecationWarning: The argument 'eval_set' is deprecated, use 'eval_X' and 'eval_y' instead.
  eval_set = _validate_eval_set_Xy(eval_set=eval_set, eval_X=eval_X, eval_y=eval_y)
/home/overxpowered/padhai_in_linux/Projects/AGNITIA-TERRA06/.venv/lib/python3.12/site-packages/lightgbm/sklearn.py:1106: LGBMDeprecationWarning: The argument 'eval_set' is deprecated, use 'eval_X' and 'eval_y' instead.
  eval_set = _validate_eval_set_Xy(eval_set=eval_set, eval_X=eval_X, eval_y=eval_y)
2026-10-09 07:04:01,872 INFO __main__: [solar Trial 91] pinball=0.44229 params={'num_leaves': 23, 'min_child_samples': 200, 'learning_rate': 0.0281, 'subsample': 0.7494, 'colsample_bytree': 0.9216, 'reg_lambda': 3.6222, 'reg_alpha': 4.7499}
[I 2026-10-09 07:04:01,872] Trial 91 finished with value: 0.44228943427908096 and parameters: {'num_leaves': 23, 'min_child_samples': 200, 'learning_rate': 0.028082237251215995, 'subsample': 0.7494412168477845, 'colsample_bytree': 0.9216278061851618, 'reg_lambda': 3.62220315794898, 'reg_alpha': 4.749918922284711}. Best is trial 53 with value: 0.4411638516936057.
/home/overxpowered/padhai_in_linux/Projects/AGNITIA-TERRA06/.venv/lib/python3.12/site-packages/lightgbm/sklearn.py:1106: LGBMDeprecationWarning: The argument 'eval_set' is deprecated, use 'eval_X' and 'eval_y' instead.
  eval_set = _validate_eval_set_Xy(eval_set=eval_set, eval_X=eval_X, eval_y=eval_y)
/home/overxpowered/padhai_in_linux/Projects/AGNITIA-TERRA06/.venv/lib/python3.12/site-packages/lightgbm/sklearn.py:1106: LGBMDeprecationWarning: The argument 'eval_set' is deprecated, use 'eval_X' and 'eval_y' instead.
  eval_set = _validate_eval_set_Xy(eval_set=eval_set, eval_X=eval_X, eval_y=eval_y)
/home/overxpowered/padhai_in_linux/Projects/AGNITIA-TERRA06/.venv/lib/python3.12/site-packages/lightgbm/sklearn.py:1106: LGBMDeprecationWarning: The argument 'eval_set' is deprecated, use 'eval_X' and 'eval_y' instead.
  eval_set = _validate_eval_set_Xy(eval_set=eval_set, eval_X=eval_X, eval_y=eval_y)
/home/overxpowered/padhai_in_linux/Projects/AGNITIA-TERRA06/.venv/lib/python3.12/site-packages/lightgbm/sklearn.py:1106: LGBMDeprecationWarning: The argument 'eval_set' is deprecated, use 'eval_X' and 'eval_y' instead.
  eval_set = _validate_eval_set_Xy(eval_set=eval_set, eval_X=eval_X, eval_y=eval_y)
/home/overxpowered/padhai_in_linux/Projects/AGNITIA-TERRA06/.venv/lib/python3.12/site-packages/lightgbm/sklearn.py:1106: LGBMDeprecationWarning: The argument 'eval_set' is deprecated, use 'eval_X' and 'eval_y' instead.
  eval_set = _validate_eval_set_Xy(eval_set=eval_set, eval_X=eval_X, eval_y=eval_y)
2026-10-09 07:04:23,200 INFO __main__: [solar Trial 92] pinball=0.44398 params={'num_leaves': 23, 'min_child_samples': 196, 'learning_rate': 0.025, 'subsample': 0.7654, 'colsample_bytree': 0.9707, 'reg_lambda': 4.3215, 'reg_alpha': 4.3324}
[I 2026-10-09 07:04:23,200] Trial 92 finished with value: 0.4439768685010878 and parameters: {'num_leaves': 23, 'min_child_samples': 196, 'learning_rate': 0.02501778312922125, 'subsample': 0.7654499743034949, 'colsample_bytree': 0.9706684440797662, 'reg_lambda': 4.321530874825985, 'reg_alpha': 4.332427456697012}. Best is trial 53 with value: 0.4411638516936057.
/home/overxpowered/padhai_in_linux/Projects/AGNITIA-TERRA06/.venv/lib/python3.12/site-packages/lightgbm/sklearn.py:1106: LGBMDeprecationWarning: The argument 'eval_set' is deprecated, use 'eval_X' and 'eval_y' instead.
  eval_set = _validate_eval_set_Xy(eval_set=eval_set, eval_X=eval_X, eval_y=eval_y)
/home/overxpowered/padhai_in_linux/Projects/AGNITIA-TERRA06/.venv/lib/python3.12/site-packages/lightgbm/sklearn.py:1106: LGBMDeprecationWarning: The argument 'eval_set' is deprecated, use 'eval_X' and 'eval_y' instead.
  eval_set = _validate_eval_set_Xy(eval_set=eval_set, eval_X=eval_X, eval_y=eval_y)
/home/overxpowered/padhai_in_linux/Projects/AGNITIA-TERRA06/.venv/lib/python3.12/site-packages/lightgbm/sklearn.py:1106: LGBMDeprecationWarning: The argument 'eval_set' is deprecated, use 'eval_X' and 'eval_y' instead.
  eval_set = _validate_eval_set_Xy(eval_set=eval_set, eval_X=eval_X, eval_y=eval_y)
/home/overxpowered/padhai_in_linux/Projects/AGNITIA-TERRA06/.venv/lib/python3.12/site-packages/lightgbm/sklearn.py:1106: LGBMDeprecationWarning: The argument 'eval_set' is deprecated, use 'eval_X' and 'eval_y' instead.
  eval_set = _validate_eval_set_Xy(eval_set=eval_set, eval_X=eval_X, eval_y=eval_y)
/home/overxpowered/padhai_in_linux/Projects/AGNITIA-TERRA06/.venv/lib/python3.12/site-packages/lightgbm/sklearn.py:1106: LGBMDeprecationWarning: The argument 'eval_set' is deprecated, use 'eval_X' and 'eval_y' instead.
  eval_set = _validate_eval_set_Xy(eval_set=eval_set, eval_X=eval_X, eval_y=eval_y)
2026-10-09 07:04:41,660 INFO __main__: [solar Trial 93] pinball=0.44511 params={'num_leaves': 22, 'min_child_samples': 183, 'learning_rate': 0.029, 'subsample': 0.7025, 'colsample_bytree': 0.9762, 'reg_lambda': 4.8712, 'reg_alpha': 4.3062}
[I 2026-10-09 07:04:41,661] Trial 93 finished with value: 0.44510719780908625 and parameters: {'num_leaves': 22, 'min_child_samples': 183, 'learning_rate': 0.02900145694004318, 'subsample': 0.7024601800677432, 'colsample_bytree': 0.9762406647924443, 'reg_lambda': 4.871156666932738, 'reg_alpha': 4.306190709790198}. Best is trial 53 with value: 0.4411638516936057.
/home/overxpowered/padhai_in_linux/Projects/AGNITIA-TERRA06/.venv/lib/python3.12/site-packages/lightgbm/sklearn.py:1106: LGBMDeprecationWarning: The argument 'eval_set' is deprecated, use 'eval_X' and 'eval_y' instead.
  eval_set = _validate_eval_set_Xy(eval_set=eval_set, eval_X=eval_X, eval_y=eval_y)
/home/overxpowered/padhai_in_linux/Projects/AGNITIA-TERRA06/.venv/lib/python3.12/site-packages/lightgbm/sklearn.py:1106: LGBMDeprecationWarning: The argument 'eval_set' is deprecated, use 'eval_X' and 'eval_y' instead.
  eval_set = _validate_eval_set_Xy(eval_set=eval_set, eval_X=eval_X, eval_y=eval_y)
/home/overxpowered/padhai_in_linux/Projects/AGNITIA-TERRA06/.venv/lib/python3.12/site-packages/lightgbm/sklearn.py:1106: LGBMDeprecationWarning: The argument 'eval_set' is deprecated, use 'eval_X' and 'eval_y' instead.
  eval_set = _validate_eval_set_Xy(eval_set=eval_set, eval_X=eval_X, eval_y=eval_y)
/home/overxpowered/padhai_in_linux/Projects/AGNITIA-TERRA06/.venv/lib/python3.12/site-packages/lightgbm/sklearn.py:1106: LGBMDeprecationWarning: The argument 'eval_set' is deprecated, use 'eval_X' and 'eval_y' instead.
  eval_set = _validate_eval_set_Xy(eval_set=eval_set, eval_X=eval_X, eval_y=eval_y)
/home/overxpowered/padhai_in_linux/Projects/AGNITIA-TERRA06/.venv/lib/python3.12/site-packages/lightgbm/sklearn.py:1106: LGBMDeprecationWarning: The argument 'eval_set' is deprecated, use 'eval_X' and 'eval_y' instead.
  eval_set = _validate_eval_set_Xy(eval_set=eval_set, eval_X=eval_X, eval_y=eval_y)
2026-10-09 07:04:56,236 INFO __main__: [solar Trial 94] pinball=0.44349 params={'num_leaves': 17, 'min_child_samples': 196, 'learning_rate': 0.029, 'subsample': 0.7318, 'colsample_bytree': 0.9412, 'reg_lambda': 2.7619, 'reg_alpha': 4.3698}
[I 2026-10-09 07:04:56,237] Trial 94 finished with value: 0.4434928927770425 and parameters: {'num_leaves': 17, 'min_child_samples': 196, 'learning_rate': 0.029037323225821216, 'subsample': 0.7317646964865628, 'colsample_bytree': 0.9412367974022668, 'reg_lambda': 2.7618611467108036, 'reg_alpha': 4.369820744364802}. Best is trial 53 with value: 0.4411638516936057.
/home/overxpowered/padhai_in_linux/Projects/AGNITIA-TERRA06/.venv/lib/python3.12/site-packages/lightgbm/sklearn.py:1106: LGBMDeprecationWarning: The argument 'eval_set' is deprecated, use 'eval_X' and 'eval_y' instead.
  eval_set = _validate_eval_set_Xy(eval_set=eval_set, eval_X=eval_X, eval_y=eval_y)
/home/overxpowered/padhai_in_linux/Projects/AGNITIA-TERRA06/.venv/lib/python3.12/site-packages/lightgbm/sklearn.py:1106: LGBMDeprecationWarning: The argument 'eval_set' is deprecated, use 'eval_X' and 'eval_y' instead.
  eval_set = _validate_eval_set_Xy(eval_set=eval_set, eval_X=eval_X, eval_y=eval_y)
/home/overxpowered/padhai_in_linux/Projects/AGNITIA-TERRA06/.venv/lib/python3.12/site-packages/lightgbm/sklearn.py:1106: LGBMDeprecationWarning: The argument 'eval_set' is deprecated, use 'eval_X' and 'eval_y' instead.
  eval_set = _validate_eval_set_Xy(eval_set=eval_set, eval_X=eval_X, eval_y=eval_y)
/home/overxpowered/padhai_in_linux/Projects/AGNITIA-TERRA06/.venv/lib/python3.12/site-packages/lightgbm/sklearn.py:1106: LGBMDeprecationWarning: The argument 'eval_set' is deprecated, use 'eval_X' and 'eval_y' instead.
  eval_set = _validate_eval_set_Xy(eval_set=eval_set, eval_X=eval_X, eval_y=eval_y)
/home/overxpowered/padhai_in_linux/Projects/AGNITIA-TERRA06/.venv/lib/python3.12/site-packages/lightgbm/sklearn.py:1106: LGBMDeprecationWarning: The argument 'eval_set' is deprecated, use 'eval_X' and 'eval_y' instead.
  eval_set = _validate_eval_set_Xy(eval_set=eval_set, eval_X=eval_X, eval_y=eval_y)
2026-10-09 07:05:12,700 INFO __main__: [solar Trial 95] pinball=0.44545 params={'num_leaves': 28, 'min_child_samples': 190, 'learning_rate': 0.028, 'subsample': 0.7457, 'colsample_bytree': 0.9538, 'reg_lambda': 4.1479, 'reg_alpha': 4.6016}
[I 2026-10-09 07:05:12,700] Trial 95 finished with value: 0.4454464922902752 and parameters: {'num_leaves': 28, 'min_child_samples': 190, 'learning_rate': 0.027964521211439945, 'subsample': 0.7456938818735285, 'colsample_bytree': 0.9538404044623182, 'reg_lambda': 4.147942182269891, 'reg_alpha': 4.601624452279095}. Best is trial 53 with value: 0.4411638516936057.
2026-10-09 07:05:12,715 INFO __main__: solar tuning finished in 40.3 min (96 trials). Default pinball=0.46092, Best pinball=0.44116, Rel improvement=4.29%. Adopted: True

==================== Tuning SOLAR ====================

Wrote results to /tmp/claude-1001/-home-overxpowered-padhai-in-linux-Projects-AGNITIA-TERRA06/eafe7062-ee3c-4a2b-b2bb-a8b61cc49d5a/scratchpad/gbm_solar.yaml
